-- phpMyAdmin SQL Dump
-- version 4.5.1
-- http://www.phpmyadmin.net
--
-- Host: 127.0.0.1
-- Generation Time: 2017-07-15 13:34:29
-- 服务器版本： 10.1.16-MariaDB
-- PHP Version: 5.6.24

SET SQL_MODE = "NO_AUTO_VALUE_ON_ZERO";
SET time_zone = "+00:00";


/*!40101 SET @OLD_CHARACTER_SET_CLIENT=@@CHARACTER_SET_CLIENT */;
/*!40101 SET @OLD_CHARACTER_SET_RESULTS=@@CHARACTER_SET_RESULTS */;
/*!40101 SET @OLD_COLLATION_CONNECTION=@@COLLATION_CONNECTION */;
/*!40101 SET NAMES utf8mb4 */;

--
-- Database: `web5004`
--

-- --------------------------------------------------------

--
-- 表的结构 `acer_member`
--

CREATE TABLE `acer_member` (
  `member_id` int(10) UNSIGNED NOT NULL,
  `email` varchar(50) NOT NULL DEFAULT '',
  `password` varchar(16) NOT NULL DEFAULT '',
  `paypassword` varchar(16) NOT NULL DEFAULT '' COMMENT '交易密码',
  `uname` varchar(16) NOT NULL DEFAULT '' COMMENT '昵称',
  `realname` varchar(16) NOT NULL DEFAULT '' COMMENT '真实姓名',
  `certificates_type` varchar(16) NOT NULL COMMENT '证件类型',
  `certificates` varchar(32) NOT NULL COMMENT '证件号',
  `tel` int(16) NOT NULL,
  `register_time` int(10) NOT NULL COMMENT '注册时间',
  `log_time` int(10) NOT NULL COMMENT '登录时间',
  `vip` tinyint(2) NOT NULL,
  `vip_end` int(10) NOT NULL,
  `status` tinyint(2) NOT NULL DEFAULT '0',
  `cny` decimal(16,3) NOT NULL DEFAULT '0.000' COMMENT '人民币',
  `cny_cold` decimal(16,3) NOT NULL DEFAULT '0.000' COMMENT '冻结rmb',
  `headpic` varchar(32) NOT NULL DEFAULT '' COMMENT '头像',
  `content` varchar(256) NOT NULL DEFAULT '' COMMENT '个人简介',
  `city` varchar(32) NOT NULL DEFAULT '',
  `region` varchar(128) NOT NULL DEFAULT '' COMMENT '区域'
) ENGINE=MyISAM DEFAULT CHARSET=utf8;

-- --------------------------------------------------------

--
-- 表的结构 `yang_admin`
--

CREATE TABLE `yang_admin` (
  `admin_id` int(32) NOT NULL COMMENT '管理员表',
  `username` varchar(32) NOT NULL COMMENT '管理员登陆账号',
  `password` varchar(64) NOT NULL COMMENT '密码',
  `pwd_show` varchar(64) NOT NULL,
  `nav` varchar(255) NOT NULL COMMENT '权限',
  `status` tinyint(4) NOT NULL DEFAULT '0'
) ENGINE=MyISAM DEFAULT CHARSET=utf8;

--
-- 转存表中的数据 `yang_admin`
--

INSERT INTO `yang_admin` (`admin_id`, `username`, `password`, `pwd_show`, `nav`, `status`) VALUES
(1, 'admin', 'e10adc3949ba59abbe56e057f20f883e', '123456', '1,2,3,4,6,7,8,15,9,10,11,12,13,14,17,16,21,22,26,27,28,29,30,18,33,32,35,36,40,44,41,52,43,45,46,47,48,49,50,51,56,57,58,59,60', 0),
(7, '674741166', '950f3b6ac50ad0d221ec4d3ff5369f55', '674741166', '2,3,4,6,7,8,15,9,10,11,12,13,14,17,16,21,22,26,28,18,33,32,35,36,40,44,41,52,43,45,48,49,50,51,56,57,58,59,60', 0);

-- --------------------------------------------------------

--
-- 表的结构 `yang_areas`
--

CREATE TABLE `yang_areas` (
  `area_id` smallint(6) UNSIGNED NOT NULL COMMENT '地区id',
  `parent_id` smallint(6) UNSIGNED NOT NULL DEFAULT '0' COMMENT '地区父id',
  `area_name` varchar(120) NOT NULL DEFAULT '' COMMENT '地区名称',
  `area_type` tinyint(1) NOT NULL DEFAULT '2' COMMENT '地区类型 0:country,1:province,2:city,3:district'
) ENGINE=MyISAM DEFAULT CHARSET=utf8;

--
-- 转存表中的数据 `yang_areas`
--

INSERT INTO `yang_areas` (`area_id`, `parent_id`, `area_name`, `area_type`) VALUES
(1, 0, '中国', 0),
(2, 1, '北京', 1),
(3, 1, '安徽', 1),
(4, 1, '福建', 1),
(5, 1, '甘肃', 1),
(6, 1, '广东', 1),
(7, 1, '广西', 1),
(8, 1, '贵州', 1),
(9, 1, '海南', 1),
(10, 1, '河北', 1),
(11, 1, '河南', 1),
(12, 1, '黑龙江', 1),
(13, 1, '湖北', 1),
(14, 1, '湖南', 1),
(15, 1, '吉林', 1),
(16, 1, '江苏', 1),
(17, 1, '江西', 1),
(18, 1, '辽宁', 1),
(19, 1, '内蒙古', 1),
(20, 1, '宁夏', 1),
(21, 1, '青海', 1),
(22, 1, '山东', 1),
(23, 1, '山西', 1),
(24, 1, '陕西', 1),
(25, 1, '上海', 1),
(26, 1, '四川', 1),
(27, 1, '天津', 1),
(28, 1, '西藏', 1),
(29, 1, '新疆', 1),
(30, 1, '云南', 1),
(31, 1, '浙江', 1),
(32, 1, '重庆', 1),
(33, 1, '香港', 1),
(34, 1, '澳门', 1),
(35, 1, '台湾', 1),
(36, 3, '安庆', 2),
(37, 3, '蚌埠', 2),
(38, 3, '巢湖', 2),
(39, 3, '池州', 2),
(40, 3, '滁州', 2),
(41, 3, '阜阳', 2),
(42, 3, '淮北', 2),
(43, 3, '淮南', 2),
(44, 3, '黄山', 2),
(45, 3, '六安', 2),
(46, 3, '马鞍山', 2),
(47, 3, '宿州', 2),
(48, 3, '铜陵', 2),
(49, 3, '芜湖', 2),
(50, 3, '宣城', 2),
(51, 3, '亳州', 2),
(52, 2, '北京', 2),
(53, 4, '福州', 2),
(54, 4, '龙岩', 2),
(55, 4, '南平', 2),
(56, 4, '宁德', 2),
(57, 4, '莆田', 2),
(58, 4, '泉州', 2),
(59, 4, '三明', 2),
(60, 4, '厦门', 2),
(61, 4, '漳州', 2),
(62, 5, '兰州', 2),
(63, 5, '白银', 2),
(64, 5, '定西', 2),
(65, 5, '甘南', 2),
(66, 5, '嘉峪关', 2),
(67, 5, '金昌', 2),
(68, 5, '酒泉', 2),
(69, 5, '临夏', 2),
(70, 5, '陇南', 2),
(71, 5, '平凉', 2),
(72, 5, '庆阳', 2),
(73, 5, '天水', 2),
(74, 5, '武威', 2),
(75, 5, '张掖', 2),
(76, 6, '广州', 2),
(77, 6, '深圳', 2),
(78, 6, '潮州', 2),
(79, 6, '东莞', 2),
(80, 6, '佛山', 2),
(81, 6, '河源', 2),
(82, 6, '惠州', 2),
(83, 6, '江门', 2),
(84, 6, '揭阳', 2),
(85, 6, '茂名', 2),
(86, 6, '梅州', 2),
(87, 6, '清远', 2),
(88, 6, '汕头', 2),
(89, 6, '汕尾', 2),
(90, 6, '韶关', 2),
(91, 6, '阳江', 2),
(92, 6, '云浮', 2),
(93, 6, '湛江', 2),
(94, 6, '肇庆', 2),
(95, 6, '中山', 2),
(96, 6, '珠海', 2),
(97, 7, '南宁', 2),
(98, 7, '桂林', 2),
(99, 7, '百色', 2),
(100, 7, '北海', 2),
(101, 7, '崇左', 2),
(102, 7, '防城港', 2),
(103, 7, '贵港', 2),
(104, 7, '河池', 2),
(105, 7, '贺州', 2),
(106, 7, '来宾', 2),
(107, 7, '柳州', 2),
(108, 7, '钦州', 2),
(109, 7, '梧州', 2),
(110, 7, '玉林', 2),
(111, 8, '贵阳', 2),
(112, 8, '安顺', 2),
(113, 8, '毕节', 2),
(114, 8, '六盘水', 2),
(115, 8, '黔东南', 2),
(116, 8, '黔南', 2),
(117, 8, '黔西南', 2),
(118, 8, '铜仁', 2),
(119, 8, '遵义', 2),
(120, 9, '海口', 2),
(121, 9, '三亚', 2),
(122, 9, '白沙', 2),
(123, 9, '保亭', 2),
(124, 9, '昌江', 2),
(125, 9, '澄迈县', 2),
(126, 9, '定安县', 2),
(127, 9, '东方', 2),
(128, 9, '乐东', 2),
(129, 9, '临高县', 2),
(130, 9, '陵水', 2),
(131, 9, '琼海', 2),
(132, 9, '琼中', 2),
(133, 9, '屯昌县', 2),
(134, 9, '万宁', 2),
(135, 9, '文昌', 2),
(136, 9, '五指山', 2),
(137, 9, '儋州', 2),
(138, 10, '石家庄', 2),
(139, 10, '保定', 2),
(140, 10, '沧州', 2),
(141, 10, '承德', 2),
(142, 10, '邯郸', 2),
(143, 10, '衡水', 2),
(144, 10, '廊坊', 2),
(145, 10, '秦皇岛', 2),
(146, 10, '唐山', 2),
(147, 10, '邢台', 2),
(148, 10, '张家口', 2),
(149, 11, '郑州', 2),
(150, 11, '洛阳', 2),
(151, 11, '开封', 2),
(152, 11, '安阳', 2),
(153, 11, '鹤壁', 2),
(154, 11, '济源', 2),
(155, 11, '焦作', 2),
(156, 11, '南阳', 2),
(157, 11, '平顶山', 2),
(158, 11, '三门峡', 2),
(159, 11, '商丘', 2),
(160, 11, '新乡', 2),
(161, 11, '信阳', 2),
(162, 11, '许昌', 2),
(163, 11, '周口', 2),
(164, 11, '驻马店', 2),
(165, 11, '漯河', 2),
(166, 11, '濮阳', 2),
(167, 12, '哈尔滨', 2),
(168, 12, '大庆', 2),
(169, 12, '大兴安岭', 2),
(170, 12, '鹤岗', 2),
(171, 12, '黑河', 2),
(172, 12, '鸡西', 2),
(173, 12, '佳木斯', 2),
(174, 12, '牡丹江', 2),
(175, 12, '七台河', 2),
(176, 12, '齐齐哈尔', 2),
(177, 12, '双鸭山', 2),
(178, 12, '绥化', 2),
(179, 12, '伊春', 2),
(180, 13, '武汉', 2),
(181, 13, '仙桃', 2),
(182, 13, '鄂州', 2),
(183, 13, '黄冈', 2),
(184, 13, '黄石', 2),
(185, 13, '荆门', 2),
(186, 13, '荆州', 2),
(187, 13, '潜江', 2),
(188, 13, '神农架林区', 2),
(189, 13, '十堰', 2),
(190, 13, '随州', 2),
(191, 13, '天门', 2),
(192, 13, '咸宁', 2),
(193, 13, '襄樊', 2),
(194, 13, '孝感', 2),
(195, 13, '宜昌', 2),
(196, 13, '恩施', 2),
(197, 14, '长沙', 2),
(198, 14, '张家界', 2),
(199, 14, '常德', 2),
(200, 14, '郴州', 2),
(201, 14, '衡阳', 2),
(202, 14, '怀化', 2),
(203, 14, '娄底', 2),
(204, 14, '邵阳', 2),
(205, 14, '湘潭', 2),
(206, 14, '湘西', 2),
(207, 14, '益阳', 2),
(208, 14, '永州', 2),
(209, 14, '岳阳', 2),
(210, 14, '株洲', 2),
(211, 15, '长春', 2),
(212, 15, '吉林', 2),
(213, 15, '白城', 2),
(214, 15, '白山', 2),
(215, 15, '辽源', 2),
(216, 15, '四平', 2),
(217, 15, '松原', 2),
(218, 15, '通化', 2),
(219, 15, '延边', 2),
(220, 16, '南京', 2),
(221, 16, '苏州', 2),
(222, 16, '无锡', 2),
(223, 16, '常州', 2),
(224, 16, '淮安', 2),
(225, 16, '连云港', 2),
(226, 16, '南通', 2),
(227, 16, '宿迁', 2),
(228, 16, '泰州', 2),
(229, 16, '徐州', 2),
(230, 16, '盐城', 2),
(231, 16, '扬州', 2),
(232, 16, '镇江', 2),
(233, 17, '南昌', 2),
(234, 17, '抚州', 2),
(235, 17, '赣州', 2),
(236, 17, '吉安', 2),
(237, 17, '景德镇', 2),
(238, 17, '九江', 2),
(239, 17, '萍乡', 2),
(240, 17, '上饶', 2),
(241, 17, '新余', 2),
(242, 17, '宜春', 2),
(243, 17, '鹰潭', 2),
(244, 18, '沈阳', 2),
(245, 18, '大连', 2),
(246, 18, '鞍山', 2),
(247, 18, '本溪', 2),
(248, 18, '朝阳', 2),
(249, 18, '丹东', 2),
(250, 18, '抚顺', 2),
(251, 18, '阜新', 2),
(252, 18, '葫芦岛', 2),
(253, 18, '锦州', 2),
(254, 18, '辽阳', 2),
(255, 18, '盘锦', 2),
(256, 18, '铁岭', 2),
(257, 18, '营口', 2),
(258, 19, '呼和浩特', 2),
(259, 19, '阿拉善盟', 2),
(260, 19, '巴彦淖尔盟', 2),
(261, 19, '包头', 2),
(262, 19, '赤峰', 2),
(263, 19, '鄂尔多斯', 2),
(264, 19, '呼伦贝尔', 2),
(265, 19, '通辽', 2),
(266, 19, '乌海', 2),
(267, 19, '乌兰察布市', 2),
(268, 19, '锡林郭勒盟', 2),
(269, 19, '兴安盟', 2),
(270, 20, '银川', 2),
(271, 20, '固原', 2),
(272, 20, '石嘴山', 2),
(273, 20, '吴忠', 2),
(274, 20, '中卫', 2),
(275, 21, '西宁', 2),
(276, 21, '果洛', 2),
(277, 21, '海北', 2),
(278, 21, '海东', 2),
(279, 21, '海南', 2),
(280, 21, '海西', 2),
(281, 21, '黄南', 2),
(282, 21, '玉树', 2),
(283, 22, '济南', 2),
(284, 22, '青岛', 2),
(285, 22, '滨州', 2),
(286, 22, '德州', 2),
(287, 22, '东营', 2),
(288, 22, '菏泽', 2),
(289, 22, '济宁', 2),
(290, 22, '莱芜', 2),
(291, 22, '聊城', 2),
(292, 22, '临沂', 2),
(293, 22, '日照', 2),
(294, 22, '泰安', 2),
(295, 22, '威海', 2),
(296, 22, '潍坊', 2),
(297, 22, '烟台', 2),
(298, 22, '枣庄', 2),
(299, 22, '淄博', 2),
(300, 23, '太原', 2),
(301, 23, '长治', 2),
(302, 23, '大同', 2),
(303, 23, '晋城', 2),
(304, 23, '晋中', 2),
(305, 23, '临汾', 2),
(306, 23, '吕梁', 2),
(307, 23, '朔州', 2),
(308, 23, '忻州', 2),
(309, 23, '阳泉', 2),
(310, 23, '运城', 2),
(311, 24, '西安', 2),
(312, 24, '安康', 2),
(313, 24, '宝鸡', 2),
(314, 24, '汉中', 2),
(315, 24, '商洛', 2),
(316, 24, '铜川', 2),
(317, 24, '渭南', 2),
(318, 24, '咸阳', 2),
(319, 24, '延安', 2),
(320, 24, '榆林', 2),
(321, 25, '上海', 2),
(322, 26, '成都', 2),
(323, 26, '绵阳', 2),
(324, 26, '阿坝', 2),
(325, 26, '巴中', 2),
(326, 26, '达州', 2),
(327, 26, '德阳', 2),
(328, 26, '甘孜', 2),
(329, 26, '广安', 2),
(330, 26, '广元', 2),
(331, 26, '乐山', 2),
(332, 26, '凉山', 2),
(333, 26, '眉山', 2),
(334, 26, '南充', 2),
(335, 26, '内江', 2),
(336, 26, '攀枝花', 2),
(337, 26, '遂宁', 2),
(338, 26, '雅安', 2),
(339, 26, '宜宾', 2),
(340, 26, '资阳', 2),
(341, 26, '自贡', 2),
(342, 26, '泸州', 2),
(343, 27, '天津', 2),
(344, 28, '拉萨', 2),
(345, 28, '阿里', 2),
(346, 28, '昌都', 2),
(347, 28, '林芝', 2),
(348, 28, '那曲', 2),
(349, 28, '日喀则', 2),
(350, 28, '山南', 2),
(351, 29, '乌鲁木齐', 2),
(352, 29, '阿克苏', 2),
(353, 29, '阿拉尔', 2),
(354, 29, '巴音郭楞', 2),
(355, 29, '博尔塔拉', 2),
(356, 29, '昌吉', 2),
(357, 29, '哈密', 2),
(358, 29, '和田', 2),
(359, 29, '喀什', 2),
(360, 29, '克拉玛依', 2),
(361, 29, '克孜勒苏', 2),
(362, 29, '石河子', 2),
(363, 29, '图木舒克', 2),
(364, 29, '吐鲁番', 2),
(365, 29, '五家渠', 2),
(366, 29, '伊犁', 2),
(367, 30, '昆明', 2),
(368, 30, '怒江', 2),
(369, 30, '普洱', 2),
(370, 30, '丽江', 2),
(371, 30, '保山', 2),
(372, 30, '楚雄', 2),
(373, 30, '大理', 2),
(374, 30, '德宏', 2),
(375, 30, '迪庆', 2),
(376, 30, '红河', 2),
(377, 30, '临沧', 2),
(378, 30, '曲靖', 2),
(379, 30, '文山', 2),
(380, 30, '西双版纳', 2),
(381, 30, '玉溪', 2),
(382, 30, '昭通', 2),
(383, 31, '杭州', 2),
(384, 31, '湖州', 2),
(385, 31, '嘉兴', 2),
(386, 31, '金华', 2),
(387, 31, '丽水', 2),
(388, 31, '宁波', 2),
(389, 31, '绍兴', 2),
(390, 31, '台州', 2),
(391, 31, '温州', 2),
(392, 31, '舟山', 2),
(393, 31, '衢州', 2),
(394, 32, '重庆', 2),
(395, 33, '香港', 2),
(396, 34, '澳门', 2),
(397, 35, '台湾', 2),
(398, 36, '迎江区', 3),
(399, 36, '大观区', 3),
(400, 36, '宜秀区', 3),
(401, 36, '桐城市', 3),
(402, 36, '怀宁县', 3),
(403, 36, '枞阳县', 3),
(404, 36, '潜山县', 3),
(405, 36, '太湖县', 3),
(406, 36, '宿松县', 3),
(407, 36, '望江县', 3),
(408, 36, '岳西县', 3),
(409, 37, '中市区', 3),
(410, 37, '东市区', 3),
(411, 37, '西市区', 3),
(412, 37, '郊区', 3),
(413, 37, '怀远县', 3),
(414, 37, '五河县', 3),
(415, 37, '固镇县', 3),
(416, 38, '居巢区', 3),
(417, 38, '庐江县', 3),
(418, 38, '无为县', 3),
(419, 38, '含山县', 3),
(420, 38, '和县', 3),
(421, 39, '贵池区', 3),
(422, 39, '东至县', 3),
(423, 39, '石台县', 3),
(424, 39, '青阳县', 3),
(425, 40, '琅琊区', 3),
(426, 40, '南谯区', 3),
(427, 40, '天长市', 3),
(428, 40, '明光市', 3),
(429, 40, '来安县', 3),
(430, 40, '全椒县', 3),
(431, 40, '定远县', 3),
(432, 40, '凤阳县', 3),
(433, 41, '蚌山区', 3),
(434, 41, '龙子湖区', 3),
(435, 41, '禹会区', 3),
(436, 41, '淮上区', 3),
(437, 41, '颍州区', 3),
(438, 41, '颍东区', 3),
(439, 41, '颍泉区', 3),
(440, 41, '界首市', 3),
(441, 41, '临泉县', 3),
(442, 41, '太和县', 3),
(443, 41, '阜南县', 3),
(444, 41, '颖上县', 3),
(445, 42, '相山区', 3),
(446, 42, '杜集区', 3),
(447, 42, '烈山区', 3),
(448, 42, '濉溪县', 3),
(449, 43, '田家庵区', 3),
(450, 43, '大通区', 3),
(451, 43, '谢家集区', 3),
(452, 43, '八公山区', 3),
(453, 43, '潘集区', 3),
(454, 43, '凤台县', 3),
(455, 44, '屯溪区', 3),
(456, 44, '黄山区', 3),
(457, 44, '徽州区', 3),
(458, 44, '歙县', 3),
(459, 44, '休宁县', 3),
(460, 44, '黟县', 3),
(461, 44, '祁门县', 3),
(462, 45, '金安区', 3),
(463, 45, '裕安区', 3),
(464, 45, '寿县', 3),
(465, 45, '霍邱县', 3),
(466, 45, '舒城县', 3),
(467, 45, '金寨县', 3),
(468, 45, '霍山县', 3),
(469, 46, '雨山区', 3),
(470, 46, '花山区', 3),
(471, 46, '金家庄区', 3),
(472, 46, '当涂县', 3),
(473, 47, '埇桥区', 3),
(474, 47, '砀山县', 3),
(475, 47, '萧县', 3),
(476, 47, '灵璧县', 3),
(477, 47, '泗县', 3),
(478, 48, '铜官山区', 3),
(479, 48, '狮子山区', 3),
(480, 48, '郊区', 3),
(481, 48, '铜陵县', 3),
(482, 49, '镜湖区', 3),
(483, 49, '弋江区', 3),
(484, 49, '鸠江区', 3),
(485, 49, '三山区', 3),
(486, 49, '芜湖县', 3),
(487, 49, '繁昌县', 3),
(488, 49, '南陵县', 3),
(489, 50, '宣州区', 3),
(490, 50, '宁国市', 3),
(491, 50, '郎溪县', 3),
(492, 50, '广德县', 3),
(493, 50, '泾县', 3),
(494, 50, '绩溪县', 3),
(495, 50, '旌德县', 3),
(496, 51, '涡阳县', 3),
(497, 51, '蒙城县', 3),
(498, 51, '利辛县', 3),
(499, 51, '谯城区', 3),
(500, 52, '东城区', 3),
(501, 52, '西城区', 3),
(502, 52, '海淀区', 3),
(503, 52, '朝阳区', 3),
(504, 52, '崇文区', 3),
(505, 52, '宣武区', 3),
(506, 52, '丰台区', 3),
(507, 52, '石景山区', 3),
(508, 52, '房山区', 3),
(509, 52, '门头沟区', 3),
(510, 52, '通州区', 3),
(511, 52, '顺义区', 3),
(512, 52, '昌平区', 3),
(513, 52, '怀柔区', 3),
(514, 52, '平谷区', 3),
(515, 52, '大兴区', 3),
(516, 52, '密云县', 3),
(517, 52, '延庆县', 3),
(518, 53, '鼓楼区', 3),
(519, 53, '台江区', 3),
(520, 53, '仓山区', 3),
(521, 53, '马尾区', 3),
(522, 53, '晋安区', 3),
(523, 53, '福清市', 3),
(524, 53, '长乐市', 3),
(525, 53, '闽侯县', 3),
(526, 53, '连江县', 3),
(527, 53, '罗源县', 3),
(528, 53, '闽清县', 3),
(529, 53, '永泰县', 3),
(530, 53, '平潭县', 3),
(531, 54, '新罗区', 3),
(532, 54, '漳平市', 3),
(533, 54, '长汀县', 3),
(534, 54, '永定县', 3),
(535, 54, '上杭县', 3),
(536, 54, '武平县', 3),
(537, 54, '连城县', 3),
(538, 55, '延平区', 3),
(539, 55, '邵武市', 3),
(540, 55, '武夷山市', 3),
(541, 55, '建瓯市', 3),
(542, 55, '建阳市', 3),
(543, 55, '顺昌县', 3),
(544, 55, '浦城县', 3),
(545, 55, '光泽县', 3),
(546, 55, '松溪县', 3),
(547, 55, '政和县', 3),
(548, 56, '蕉城区', 3),
(549, 56, '福安市', 3),
(550, 56, '福鼎市', 3),
(551, 56, '霞浦县', 3),
(552, 56, '古田县', 3),
(553, 56, '屏南县', 3),
(554, 56, '寿宁县', 3),
(555, 56, '周宁县', 3),
(556, 56, '柘荣县', 3),
(557, 57, '城厢区', 3),
(558, 57, '涵江区', 3),
(559, 57, '荔城区', 3),
(560, 57, '秀屿区', 3),
(561, 57, '仙游县', 3),
(562, 58, '鲤城区', 3),
(563, 58, '丰泽区', 3),
(564, 58, '洛江区', 3),
(565, 58, '清濛开发区', 3),
(566, 58, '泉港区', 3),
(567, 58, '石狮市', 3),
(568, 58, '晋江市', 3),
(569, 58, '南安市', 3),
(570, 58, '惠安县', 3),
(571, 58, '安溪县', 3),
(572, 58, '永春县', 3),
(573, 58, '德化县', 3),
(574, 58, '金门县', 3),
(575, 59, '梅列区', 3),
(576, 59, '三元区', 3),
(577, 59, '永安市', 3),
(578, 59, '明溪县', 3),
(579, 59, '清流县', 3),
(580, 59, '宁化县', 3),
(581, 59, '大田县', 3),
(582, 59, '尤溪县', 3),
(583, 59, '沙县', 3),
(584, 59, '将乐县', 3),
(585, 59, '泰宁县', 3),
(586, 59, '建宁县', 3),
(587, 60, '思明区', 3),
(588, 60, '海沧区', 3),
(589, 60, '湖里区', 3),
(590, 60, '集美区', 3),
(591, 60, '同安区', 3),
(592, 60, '翔安区', 3),
(593, 61, '芗城区', 3),
(594, 61, '龙文区', 3),
(595, 61, '龙海市', 3),
(596, 61, '云霄县', 3),
(597, 61, '漳浦县', 3),
(598, 61, '诏安县', 3),
(599, 61, '长泰县', 3),
(600, 61, '东山县', 3),
(1021, 117, '兴仁县', 3),
(1022, 117, '普安县', 3),
(1023, 117, '晴隆县', 3),
(1024, 117, '贞丰县', 3),
(1025, 117, '望谟县', 3),
(1026, 117, '册亨县', 3),
(1027, 117, '安龙县', 3),
(1028, 118, '铜仁市', 3),
(1029, 118, '江口县', 3),
(1030, 118, '石阡县', 3),
(1031, 118, '思南县', 3),
(1032, 118, '德江县', 3),
(1033, 118, '玉屏', 3),
(1034, 118, '印江', 3),
(1035, 118, '沿河', 3),
(1036, 118, '松桃', 3),
(1037, 118, '万山特区', 3),
(1038, 119, '红花岗区', 3),
(1039, 119, '务川县', 3),
(1040, 119, '道真县', 3),
(1041, 119, '汇川区', 3),
(1042, 119, '赤水市', 3),
(1043, 119, '仁怀市', 3),
(1044, 119, '遵义县', 3),
(1045, 119, '桐梓县', 3),
(1046, 119, '绥阳县', 3),
(1047, 119, '正安县', 3),
(1048, 119, '凤冈县', 3),
(1049, 119, '湄潭县', 3),
(1050, 119, '余庆县', 3),
(1051, 119, '习水县', 3),
(1052, 119, '道真', 3),
(1053, 119, '务川', 3),
(1054, 120, '秀英区', 3),
(1055, 120, '龙华区', 3),
(1056, 120, '琼山区', 3),
(1057, 120, '美兰区', 3),
(1058, 137, '市区', 3),
(1059, 137, '洋浦开发区', 3),
(1060, 137, '那大镇', 3),
(1061, 137, '王五镇', 3),
(1062, 137, '雅星镇', 3),
(1063, 137, '大成镇', 3),
(1064, 137, '中和镇', 3),
(1065, 137, '峨蔓镇', 3),
(1066, 137, '南丰镇', 3),
(1067, 137, '白马井镇', 3),
(1068, 137, '兰洋镇', 3),
(1069, 137, '和庆镇', 3),
(1070, 137, '海头镇', 3),
(1071, 137, '排浦镇', 3),
(1072, 137, '东成镇', 3),
(1073, 137, '光村镇', 3),
(1074, 137, '木棠镇', 3),
(1075, 137, '新州镇', 3),
(1076, 137, '三都镇', 3),
(1077, 137, '其他', 3),
(1078, 138, '长安区', 3),
(1079, 138, '桥东区', 3),
(1080, 138, '桥西区', 3),
(1081, 138, '新华区', 3),
(1082, 138, '裕华区', 3),
(1083, 138, '井陉矿区', 3),
(1084, 138, '高新区', 3),
(1085, 138, '辛集市', 3),
(1086, 138, '藁城市', 3),
(1087, 138, '晋州市', 3),
(1088, 138, '新乐市', 3),
(1089, 138, '鹿泉市', 3),
(1090, 138, '井陉县', 3),
(1091, 138, '正定县', 3),
(1092, 138, '栾城县', 3),
(1093, 138, '行唐县', 3),
(1094, 138, '灵寿县', 3),
(1095, 138, '高邑县', 3),
(1096, 138, '深泽县', 3),
(1097, 138, '赞皇县', 3),
(1098, 138, '无极县', 3),
(1099, 138, '平山县', 3),
(1100, 138, '元氏县', 3),
(1101, 138, '赵县', 3),
(1102, 139, '新市区', 3),
(1103, 139, '南市区', 3),
(1104, 139, '北市区', 3),
(1105, 139, '涿州市', 3),
(1106, 139, '定州市', 3),
(1107, 139, '安国市', 3),
(1108, 139, '高碑店市', 3),
(1109, 139, '满城县', 3),
(1110, 139, '清苑县', 3),
(1111, 139, '涞水县', 3),
(1112, 139, '阜平县', 3),
(1113, 139, '徐水县', 3),
(1114, 139, '定兴县', 3),
(1115, 139, '唐县', 3),
(1116, 139, '高阳县', 3),
(1117, 139, '容城县', 3),
(1118, 139, '涞源县', 3),
(1119, 139, '望都县', 3),
(1120, 139, '安新县', 3),
(1121, 139, '易县', 3),
(1122, 139, '曲阳县', 3),
(1123, 139, '蠡县', 3),
(1124, 139, '顺平县', 3),
(1125, 139, '博野县', 3),
(1126, 139, '雄县', 3),
(1127, 140, '运河区', 3),
(1128, 140, '新华区', 3),
(1129, 140, '泊头市', 3),
(1130, 140, '任丘市', 3),
(1131, 140, '黄骅市', 3),
(1132, 140, '河间市', 3),
(1133, 140, '沧县', 3),
(1134, 140, '青县', 3),
(1135, 140, '东光县', 3),
(1136, 140, '海兴县', 3),
(1137, 140, '盐山县', 3),
(1138, 140, '肃宁县', 3),
(1139, 140, '南皮县', 3),
(1140, 140, '吴桥县', 3),
(1141, 140, '献县', 3),
(1142, 140, '孟村', 3),
(1143, 141, '双桥区', 3),
(1144, 141, '双滦区', 3),
(1145, 141, '鹰手营子矿区', 3),
(1146, 141, '承德县', 3),
(1147, 141, '兴隆县', 3),
(1148, 141, '平泉县', 3),
(1149, 141, '滦平县', 3),
(1150, 141, '隆化县', 3),
(1151, 141, '丰宁', 3),
(1152, 141, '宽城', 3),
(1153, 141, '围场', 3),
(1154, 142, '从台区', 3),
(1155, 142, '复兴区', 3),
(1156, 142, '邯山区', 3),
(1157, 142, '峰峰矿区', 3),
(1158, 142, '武安市', 3),
(1159, 142, '邯郸县', 3),
(1160, 142, '临漳县', 3),
(1161, 142, '成安县', 3),
(1162, 142, '大名县', 3),
(1163, 142, '涉县', 3),
(1164, 142, '磁县', 3),
(1165, 142, '肥乡县', 3),
(1166, 142, '永年县', 3),
(1167, 142, '邱县', 3),
(1168, 142, '鸡泽县', 3),
(1169, 142, '广平县', 3),
(1170, 142, '馆陶县', 3),
(1171, 142, '魏县', 3),
(1172, 142, '曲周县', 3),
(1173, 143, '桃城区', 3),
(1174, 143, '冀州市', 3),
(1175, 143, '深州市', 3),
(1176, 143, '枣强县', 3),
(1177, 143, '武邑县', 3),
(1178, 143, '武强县', 3),
(1179, 143, '饶阳县', 3),
(1180, 143, '安平县', 3),
(1181, 143, '故城县', 3),
(1182, 143, '景县', 3),
(1183, 143, '阜城县', 3),
(1184, 144, '安次区', 3),
(1185, 144, '广阳区', 3),
(1186, 144, '霸州市', 3),
(1187, 144, '三河市', 3),
(1188, 144, '固安县', 3),
(1189, 144, '永清县', 3),
(1190, 144, '香河县', 3),
(1191, 144, '大城县', 3),
(1192, 144, '文安县', 3),
(1193, 144, '大厂', 3),
(1194, 145, '海港区', 3),
(1195, 145, '山海关区', 3),
(1196, 145, '北戴河区', 3),
(1197, 145, '昌黎县', 3),
(1198, 145, '抚宁县', 3),
(1199, 145, '卢龙县', 3),
(1200, 145, '青龙', 3),
(1201, 146, '路北区', 3),
(1202, 146, '路南区', 3),
(1203, 146, '古冶区', 3),
(1204, 146, '开平区', 3),
(1205, 146, '丰南区', 3),
(1206, 146, '丰润区', 3),
(1207, 146, '遵化市', 3),
(1208, 146, '迁安市', 3),
(1209, 146, '滦县', 3),
(1210, 146, '滦南县', 3),
(1211, 146, '乐亭县', 3),
(1212, 146, '迁西县', 3),
(1213, 146, '玉田县', 3),
(1214, 146, '唐海县', 3),
(1215, 147, '桥东区', 3),
(1216, 147, '桥西区', 3),
(1217, 147, '南宫市', 3),
(1218, 147, '沙河市', 3),
(1219, 147, '邢台县', 3),
(1220, 147, '临城县', 3),
(1221, 147, '内丘县', 3),
(1222, 147, '柏乡县', 3),
(1223, 147, '隆尧县', 3),
(1224, 147, '任县', 3),
(1225, 147, '南和县', 3),
(1226, 147, '宁晋县', 3),
(1227, 147, '巨鹿县', 3),
(1228, 147, '新河县', 3),
(1229, 147, '广宗县', 3),
(1230, 147, '平乡县', 3),
(1231, 147, '威县', 3),
(1232, 147, '清河县', 3),
(1233, 147, '临西县', 3),
(1234, 148, '桥西区', 3),
(1235, 148, '桥东区', 3),
(1236, 148, '宣化区', 3),
(1237, 148, '下花园区', 3),
(1238, 148, '宣化县', 3),
(1239, 148, '张北县', 3),
(1240, 148, '康保县', 3),
(1241, 148, '沽源县', 3),
(1242, 148, '尚义县', 3),
(1243, 148, '蔚县', 3),
(1244, 148, '阳原县', 3),
(1245, 148, '怀安县', 3),
(1246, 148, '万全县', 3),
(1247, 148, '怀来县', 3),
(1248, 148, '涿鹿县', 3),
(1249, 148, '赤城县', 3),
(1250, 148, '崇礼县', 3),
(1251, 149, '金水区', 3),
(1252, 149, '邙山区', 3),
(1253, 149, '二七区', 3),
(1254, 149, '管城区', 3),
(1255, 149, '中原区', 3),
(1256, 149, '上街区', 3),
(1257, 149, '惠济区', 3),
(1258, 149, '郑东新区', 3),
(1259, 149, '经济技术开发区', 3),
(1260, 149, '高新开发区', 3),
(1261, 149, '出口加工区', 3),
(1262, 149, '巩义市', 3),
(1263, 149, '荥阳市', 3),
(1264, 149, '新密市', 3),
(1265, 149, '新郑市', 3),
(1266, 149, '登封市', 3),
(1267, 149, '中牟县', 3),
(1268, 150, '西工区', 3),
(1269, 150, '老城区', 3),
(1270, 150, '涧西区', 3),
(1271, 150, '瀍河回族区', 3),
(1272, 150, '洛龙区', 3),
(1273, 150, '吉利区', 3),
(1274, 150, '偃师市', 3),
(1275, 150, '孟津县', 3),
(1276, 150, '新安县', 3),
(1277, 150, '栾川县', 3),
(1278, 150, '嵩县', 3),
(1279, 150, '汝阳县', 3),
(1280, 150, '宜阳县', 3),
(1281, 150, '洛宁县', 3),
(1282, 150, '伊川县', 3),
(1283, 151, '鼓楼区', 3),
(1284, 151, '龙亭区', 3),
(1285, 151, '顺河回族区', 3),
(1286, 151, '金明区', 3),
(1287, 151, '禹王台区', 3),
(1288, 151, '杞县', 3),
(1289, 151, '通许县', 3),
(1290, 151, '尉氏县', 3),
(1291, 151, '开封县', 3),
(1292, 151, '兰考县', 3),
(1293, 152, '北关区', 3),
(1294, 152, '文峰区', 3),
(1295, 152, '殷都区', 3),
(1296, 152, '龙安区', 3),
(1297, 152, '林州市', 3),
(1298, 152, '安阳县', 3),
(1299, 152, '汤阴县', 3),
(1300, 152, '滑县', 3),
(1301, 152, '内黄县', 3),
(1302, 153, '淇滨区', 3),
(1303, 153, '山城区', 3),
(1304, 153, '鹤山区', 3),
(1305, 153, '浚县', 3),
(1306, 153, '淇县', 3),
(1307, 154, '济源市', 3),
(1308, 155, '解放区', 3),
(1309, 155, '中站区', 3),
(1310, 155, '马村区', 3),
(1311, 155, '山阳区', 3),
(1312, 155, '沁阳市', 3),
(1313, 155, '孟州市', 3),
(1314, 155, '修武县', 3),
(1315, 155, '博爱县', 3),
(1316, 155, '武陟县', 3),
(1317, 155, '温县', 3),
(1318, 156, '卧龙区', 3),
(1319, 156, '宛城区', 3),
(1320, 156, '邓州市', 3),
(1321, 156, '南召县', 3),
(1322, 156, '方城县', 3),
(1323, 156, '西峡县', 3),
(1324, 156, '镇平县', 3),
(1325, 156, '内乡县', 3),
(1326, 156, '淅川县', 3),
(1327, 156, '社旗县', 3),
(1328, 156, '唐河县', 3),
(1329, 156, '新野县', 3),
(1330, 156, '桐柏县', 3),
(1331, 157, '新华区', 3),
(1332, 157, '卫东区', 3),
(1333, 157, '湛河区', 3),
(1334, 157, '石龙区', 3),
(1335, 157, '舞钢市', 3),
(1336, 157, '汝州市', 3),
(1337, 157, '宝丰县', 3),
(1338, 157, '叶县', 3),
(1339, 157, '鲁山县', 3),
(1340, 157, '郏县', 3),
(1341, 158, '湖滨区', 3),
(1342, 158, '义马市', 3),
(1343, 158, '灵宝市', 3),
(1344, 158, '渑池县', 3),
(1345, 158, '陕县', 3),
(1346, 158, '卢氏县', 3),
(1347, 159, '梁园区', 3),
(1348, 159, '睢阳区', 3),
(1349, 159, '永城市', 3),
(1350, 159, '民权县', 3),
(1351, 159, '睢县', 3),
(1352, 159, '宁陵县', 3),
(1353, 159, '虞城县', 3),
(1354, 159, '柘城县', 3),
(1355, 159, '夏邑县', 3),
(1356, 160, '卫滨区', 3),
(1357, 160, '红旗区', 3),
(1358, 160, '凤泉区', 3),
(1359, 160, '牧野区', 3),
(1360, 160, '卫辉市', 3),
(1361, 160, '辉县市', 3),
(1362, 160, '新乡县', 3),
(1363, 160, '获嘉县', 3),
(1364, 160, '原阳县', 3),
(1365, 160, '延津县', 3),
(1366, 160, '封丘县', 3),
(1367, 160, '长垣县', 3),
(1368, 161, '浉河区', 3),
(1369, 161, '平桥区', 3),
(1370, 161, '罗山县', 3),
(1371, 161, '光山县', 3),
(1372, 161, '新县', 3),
(1373, 161, '商城县', 3),
(1374, 161, '固始县', 3),
(1375, 161, '潢川县', 3),
(1376, 161, '淮滨县', 3),
(1377, 161, '息县', 3),
(1378, 162, '魏都区', 3),
(1379, 162, '禹州市', 3),
(1380, 162, '长葛市', 3),
(1381, 162, '许昌县', 3),
(1382, 162, '鄢陵县', 3),
(1383, 162, '襄城县', 3),
(1384, 163, '川汇区', 3),
(1385, 163, '项城市', 3),
(1386, 163, '扶沟县', 3),
(1387, 163, '西华县', 3),
(1388, 163, '商水县', 3),
(1389, 163, '沈丘县', 3),
(1390, 163, '郸城县', 3),
(1391, 163, '淮阳县', 3),
(1392, 163, '太康县', 3),
(1393, 163, '鹿邑县', 3),
(1394, 164, '驿城区', 3),
(1395, 164, '西平县', 3),
(1396, 164, '上蔡县', 3),
(1397, 164, '平舆县', 3),
(1398, 164, '正阳县', 3),
(1399, 164, '确山县', 3),
(1400, 164, '泌阳县', 3),
(1401, 164, '汝南县', 3),
(1402, 164, '遂平县', 3),
(1403, 164, '新蔡县', 3),
(1404, 165, '郾城区', 3),
(1405, 165, '源汇区', 3),
(1406, 165, '召陵区', 3),
(1407, 165, '舞阳县', 3),
(1408, 165, '临颍县', 3),
(1409, 166, '华龙区', 3),
(1410, 166, '清丰县', 3),
(1411, 166, '南乐县', 3),
(1412, 166, '范县', 3),
(1413, 166, '台前县', 3),
(1414, 166, '濮阳县', 3),
(1415, 167, '道里区', 3),
(1416, 167, '南岗区', 3),
(1417, 167, '动力区', 3),
(1418, 167, '平房区', 3),
(1419, 167, '香坊区', 3),
(1420, 167, '太平区', 3),
(1421, 167, '道外区', 3),
(1422, 167, '阿城区', 3),
(1423, 167, '呼兰区', 3),
(1424, 167, '松北区', 3),
(1425, 167, '尚志市', 3),
(1426, 167, '双城市', 3),
(1427, 167, '五常市', 3),
(1428, 167, '方正县', 3),
(1429, 167, '宾县', 3),
(1430, 167, '依兰县', 3),
(1431, 167, '巴彦县', 3),
(1432, 167, '通河县', 3),
(1433, 167, '木兰县', 3),
(1434, 167, '延寿县', 3),
(1435, 168, '萨尔图区', 3),
(1436, 168, '红岗区', 3),
(1437, 168, '龙凤区', 3),
(1438, 168, '让胡路区', 3),
(1439, 168, '大同区', 3),
(1440, 168, '肇州县', 3),
(1441, 168, '肇源县', 3),
(1442, 168, '林甸县', 3),
(1443, 168, '杜尔伯特', 3),
(1444, 169, '呼玛县', 3),
(1445, 169, '漠河县', 3),
(1446, 169, '塔河县', 3),
(1447, 170, '兴山区', 3),
(1448, 170, '工农区', 3),
(1449, 170, '南山区', 3),
(1450, 170, '兴安区', 3),
(1451, 170, '向阳区', 3),
(1452, 170, '东山区', 3),
(1453, 170, '萝北县', 3),
(1454, 170, '绥滨县', 3),
(1455, 171, '爱辉区', 3),
(1456, 171, '五大连池市', 3),
(1457, 171, '北安市', 3),
(1458, 171, '嫩江县', 3),
(1459, 171, '逊克县', 3),
(1460, 171, '孙吴县', 3),
(1461, 172, '鸡冠区', 3),
(1462, 172, '恒山区', 3),
(1463, 172, '城子河区', 3),
(1464, 172, '滴道区', 3),
(1465, 172, '梨树区', 3),
(1466, 172, '虎林市', 3),
(1467, 172, '密山市', 3),
(1468, 172, '鸡东县', 3),
(1469, 173, '前进区', 3),
(1470, 173, '郊区', 3),
(1471, 173, '向阳区', 3),
(1472, 173, '东风区', 3),
(1473, 173, '同江市', 3),
(1474, 173, '富锦市', 3),
(1475, 173, '桦南县', 3),
(1476, 173, '桦川县', 3),
(1477, 173, '汤原县', 3),
(1478, 173, '抚远县', 3),
(1479, 174, '爱民区', 3),
(1480, 174, '东安区', 3),
(1481, 174, '阳明区', 3),
(1482, 174, '西安区', 3),
(1483, 174, '绥芬河市', 3),
(1484, 174, '海林市', 3),
(1485, 174, '宁安市', 3),
(1486, 174, '穆棱市', 3),
(1487, 174, '东宁县', 3),
(1488, 174, '林口县', 3),
(1489, 175, '桃山区', 3),
(1490, 175, '新兴区', 3),
(1491, 175, '茄子河区', 3),
(1492, 175, '勃利县', 3),
(1493, 176, '龙沙区', 3),
(1494, 176, '昂昂溪区', 3),
(1495, 176, '铁峰区', 3),
(1496, 176, '建华区', 3),
(1497, 176, '富拉尔基区', 3),
(1498, 176, '碾子山区', 3),
(1499, 176, '梅里斯达斡尔区', 3),
(1500, 176, '讷河市', 3),
(1501, 176, '龙江县', 3),
(1502, 176, '依安县', 3),
(1503, 176, '泰来县', 3),
(1504, 176, '甘南县', 3),
(1505, 176, '富裕县', 3),
(1506, 176, '克山县', 3),
(1507, 176, '克东县', 3),
(1508, 176, '拜泉县', 3),
(1509, 177, '尖山区', 3),
(1510, 177, '岭东区', 3),
(1511, 177, '四方台区', 3),
(1512, 177, '宝山区', 3),
(1513, 177, '集贤县', 3),
(1514, 177, '友谊县', 3),
(1515, 177, '宝清县', 3),
(1516, 177, '饶河县', 3),
(1517, 178, '北林区', 3),
(1518, 178, '安达市', 3),
(1519, 178, '肇东市', 3),
(1520, 178, '海伦市', 3),
(1521, 178, '望奎县', 3),
(1522, 178, '兰西县', 3),
(1523, 178, '青冈县', 3),
(1524, 178, '庆安县', 3),
(1525, 178, '明水县', 3),
(1526, 178, '绥棱县', 3),
(1527, 179, '伊春区', 3),
(1528, 179, '带岭区', 3),
(1529, 179, '南岔区', 3),
(1530, 179, '金山屯区', 3),
(1531, 179, '西林区', 3),
(1532, 179, '美溪区', 3),
(1533, 179, '乌马河区', 3),
(1534, 179, '翠峦区', 3),
(1535, 179, '友好区', 3),
(1536, 179, '上甘岭区', 3),
(1537, 179, '五营区', 3),
(1538, 179, '红星区', 3),
(1539, 179, '新青区', 3),
(1540, 179, '汤旺河区', 3),
(1541, 179, '乌伊岭区', 3),
(1542, 179, '铁力市', 3),
(1543, 179, '嘉荫县', 3),
(1544, 180, '江岸区', 3),
(1545, 180, '武昌区', 3),
(1546, 180, '江汉区', 3),
(1547, 180, '硚口区', 3),
(1548, 180, '汉阳区', 3),
(1549, 180, '青山区', 3),
(1550, 180, '洪山区', 3),
(1551, 180, '东西湖区', 3),
(1552, 180, '汉南区', 3),
(1553, 180, '蔡甸区', 3),
(1554, 180, '江夏区', 3),
(1555, 180, '黄陂区', 3),
(1556, 180, '新洲区', 3),
(1557, 180, '经济开发区', 3),
(1558, 181, '仙桃市', 3),
(1559, 182, '鄂城区', 3),
(1560, 182, '华容区', 3),
(1561, 182, '梁子湖区', 3),
(1562, 183, '黄州区', 3),
(1563, 183, '麻城市', 3),
(1564, 183, '武穴市', 3),
(1565, 183, '团风县', 3),
(1566, 183, '红安县', 3),
(1567, 183, '罗田县', 3),
(1568, 183, '英山县', 3),
(1569, 183, '浠水县', 3),
(1570, 183, '蕲春县', 3),
(1571, 183, '黄梅县', 3),
(1572, 184, '黄石港区', 3),
(1573, 184, '西塞山区', 3),
(1574, 184, '下陆区', 3),
(1575, 184, '铁山区', 3),
(1576, 184, '大冶市', 3),
(1577, 184, '阳新县', 3),
(1578, 185, '东宝区', 3),
(1579, 185, '掇刀区', 3),
(1580, 185, '钟祥市', 3),
(1581, 185, '京山县', 3),
(1582, 185, '沙洋县', 3),
(1583, 186, '沙市区', 3),
(1584, 186, '荆州区', 3),
(1585, 186, '石首市', 3),
(1586, 186, '洪湖市', 3),
(1587, 186, '松滋市', 3),
(1588, 186, '公安县', 3),
(1589, 186, '监利县', 3),
(1590, 186, '江陵县', 3),
(1591, 187, '潜江市', 3),
(1592, 188, '神农架林区', 3),
(1593, 189, '张湾区', 3),
(1594, 189, '茅箭区', 3),
(1595, 189, '丹江口市', 3),
(1596, 189, '郧县', 3),
(1597, 189, '郧西县', 3),
(1598, 189, '竹山县', 3),
(1599, 189, '竹溪县', 3),
(1600, 189, '房县', 3),
(1601, 190, '曾都区', 3),
(1602, 190, '广水市', 3),
(1603, 191, '天门市', 3),
(1604, 192, '咸安区', 3),
(1605, 192, '赤壁市', 3),
(1606, 192, '嘉鱼县', 3),
(1607, 192, '通城县', 3),
(1608, 192, '崇阳县', 3),
(1609, 192, '通山县', 3),
(1610, 193, '襄城区', 3),
(1611, 193, '樊城区', 3),
(1612, 193, '襄阳区', 3),
(1613, 193, '老河口市', 3),
(1614, 193, '枣阳市', 3),
(1615, 193, '宜城市', 3),
(1616, 193, '南漳县', 3),
(1617, 193, '谷城县', 3),
(1618, 193, '保康县', 3),
(1619, 194, '孝南区', 3),
(1620, 194, '应城市', 3),
(1621, 194, '安陆市', 3),
(1622, 194, '汉川市', 3),
(1623, 194, '孝昌县', 3),
(1624, 194, '大悟县', 3),
(1625, 194, '云梦县', 3),
(1626, 195, '长阳', 3),
(1627, 195, '五峰', 3),
(1628, 195, '西陵区', 3),
(1629, 195, '伍家岗区', 3),
(1630, 195, '点军区', 3),
(1631, 195, '猇亭区', 3),
(1632, 195, '夷陵区', 3),
(1633, 195, '宜都市', 3),
(1634, 195, '当阳市', 3),
(1635, 195, '枝江市', 3),
(1636, 195, '远安县', 3),
(1637, 195, '兴山县', 3),
(1638, 195, '秭归县', 3),
(1639, 196, '恩施市', 3),
(1640, 196, '利川市', 3),
(1641, 196, '建始县', 3),
(1642, 196, '巴东县', 3),
(1643, 196, '宣恩县', 3),
(1644, 196, '咸丰县', 3),
(1645, 196, '来凤县', 3),
(1646, 196, '鹤峰县', 3),
(1647, 197, '岳麓区', 3),
(1648, 197, '芙蓉区', 3),
(1649, 197, '天心区', 3),
(1650, 197, '开福区', 3),
(1651, 197, '雨花区', 3),
(1652, 197, '开发区', 3),
(1653, 197, '浏阳市', 3),
(1654, 197, '长沙县', 3),
(1655, 197, '望城县', 3),
(1656, 197, '宁乡县', 3),
(1657, 198, '永定区', 3),
(1658, 198, '武陵源区', 3),
(1659, 198, '慈利县', 3),
(1660, 198, '桑植县', 3),
(1661, 199, '武陵区', 3),
(1662, 199, '鼎城区', 3),
(1663, 199, '津市市', 3),
(1664, 199, '安乡县', 3),
(1665, 199, '汉寿县', 3),
(1666, 199, '澧县', 3),
(1667, 199, '临澧县', 3),
(1668, 199, '桃源县', 3),
(1669, 199, '石门县', 3),
(1670, 200, '北湖区', 3),
(1671, 200, '苏仙区', 3),
(1672, 200, '资兴市', 3),
(1673, 200, '桂阳县', 3),
(1674, 200, '宜章县', 3),
(1675, 200, '永兴县', 3),
(1676, 200, '嘉禾县', 3),
(1677, 200, '临武县', 3),
(1678, 200, '汝城县', 3),
(1679, 200, '桂东县', 3),
(1680, 200, '安仁县', 3),
(1681, 201, '雁峰区', 3),
(1682, 201, '珠晖区', 3),
(1683, 201, '石鼓区', 3),
(1684, 201, '蒸湘区', 3),
(1685, 201, '南岳区', 3),
(1686, 201, '耒阳市', 3),
(1687, 201, '常宁市', 3),
(1688, 201, '衡阳县', 3),
(1689, 201, '衡南县', 3),
(1690, 201, '衡山县', 3),
(1691, 201, '衡东县', 3),
(1692, 201, '祁东县', 3),
(1693, 202, '鹤城区', 3),
(1694, 202, '靖州', 3),
(1695, 202, '麻阳', 3),
(1696, 202, '通道', 3),
(1697, 202, '新晃', 3),
(1698, 202, '芷江', 3),
(1699, 202, '沅陵县', 3),
(1700, 202, '辰溪县', 3),
(1701, 202, '溆浦县', 3),
(1702, 202, '中方县', 3),
(1703, 202, '会同县', 3),
(1704, 202, '洪江市', 3),
(1705, 203, '娄星区', 3),
(1706, 203, '冷水江市', 3),
(1707, 203, '涟源市', 3),
(1708, 203, '双峰县', 3),
(1709, 203, '新化县', 3),
(1710, 204, '城步', 3),
(1711, 204, '双清区', 3),
(1712, 204, '大祥区', 3),
(1713, 204, '北塔区', 3),
(1714, 204, '武冈市', 3),
(1715, 204, '邵东县', 3),
(1716, 204, '新邵县', 3),
(1717, 204, '邵阳县', 3),
(1718, 204, '隆回县', 3),
(1719, 204, '洞口县', 3),
(1720, 204, '绥宁县', 3),
(1721, 204, '新宁县', 3),
(1722, 205, '岳塘区', 3),
(1723, 205, '雨湖区', 3),
(1724, 205, '湘乡市', 3),
(1725, 205, '韶山市', 3),
(1726, 205, '湘潭县', 3),
(1727, 206, '吉首市', 3),
(1728, 206, '泸溪县', 3),
(1729, 206, '凤凰县', 3),
(1730, 206, '花垣县', 3),
(1731, 206, '保靖县', 3),
(1732, 206, '古丈县', 3),
(1733, 206, '永顺县', 3),
(1734, 206, '龙山县', 3),
(1735, 207, '赫山区', 3),
(1736, 207, '资阳区', 3),
(1737, 207, '沅江市', 3),
(1738, 207, '南县', 3),
(1739, 207, '桃江县', 3),
(1740, 207, '安化县', 3),
(1741, 208, '江华', 3),
(1742, 208, '冷水滩区', 3),
(1743, 208, '零陵区', 3),
(1744, 208, '祁阳县', 3),
(1745, 208, '东安县', 3),
(1746, 208, '双牌县', 3),
(1747, 208, '道县', 3),
(1748, 208, '江永县', 3),
(1749, 208, '宁远县', 3),
(1750, 208, '蓝山县', 3),
(1751, 208, '新田县', 3),
(1752, 209, '岳阳楼区', 3),
(1753, 209, '君山区', 3),
(1754, 209, '云溪区', 3),
(1755, 209, '汨罗市', 3),
(1756, 209, '临湘市', 3),
(1757, 209, '岳阳县', 3),
(1758, 209, '华容县', 3),
(1759, 209, '湘阴县', 3),
(1760, 209, '平江县', 3),
(1761, 210, '天元区', 3),
(1762, 210, '荷塘区', 3),
(1763, 210, '芦淞区', 3),
(1764, 210, '石峰区', 3),
(1765, 210, '醴陵市', 3),
(1766, 210, '株洲县', 3),
(1767, 210, '攸县', 3),
(1768, 210, '茶陵县', 3),
(1769, 210, '炎陵县', 3),
(1770, 211, '朝阳区', 3),
(1771, 211, '宽城区', 3),
(1772, 211, '二道区', 3),
(1773, 211, '南关区', 3),
(1774, 211, '绿园区', 3),
(1775, 211, '双阳区', 3),
(1776, 211, '净月潭开发区', 3),
(1777, 211, '高新技术开发区', 3),
(1778, 211, '经济技术开发区', 3),
(1779, 211, '汽车产业开发区', 3),
(1780, 211, '德惠市', 3),
(1781, 211, '九台市', 3),
(1782, 211, '榆树市', 3),
(1783, 211, '农安县', 3),
(1784, 212, '船营区', 3),
(1785, 212, '昌邑区', 3),
(1786, 212, '龙潭区', 3),
(1787, 212, '丰满区', 3),
(1788, 212, '蛟河市', 3),
(1789, 212, '桦甸市', 3),
(1790, 212, '舒兰市', 3),
(1791, 212, '磐石市', 3),
(1792, 212, '永吉县', 3),
(1793, 213, '洮北区', 3),
(1794, 213, '洮南市', 3),
(1795, 213, '大安市', 3),
(1796, 213, '镇赉县', 3),
(1797, 213, '通榆县', 3),
(1798, 214, '江源区', 3),
(1799, 214, '八道江区', 3),
(1800, 214, '长白', 3),
(1801, 214, '临江市', 3),
(1802, 214, '抚松县', 3),
(1803, 214, '靖宇县', 3),
(1804, 215, '龙山区', 3),
(1805, 215, '西安区', 3),
(1806, 215, '东丰县', 3),
(1807, 215, '东辽县', 3),
(1808, 216, '铁西区', 3),
(1809, 216, '铁东区', 3),
(1810, 216, '伊通', 3),
(1811, 216, '公主岭市', 3),
(1812, 216, '双辽市', 3),
(1813, 216, '梨树县', 3),
(1814, 217, '前郭尔罗斯', 3),
(1815, 217, '宁江区', 3),
(1816, 217, '长岭县', 3),
(1817, 217, '乾安县', 3),
(1818, 217, '扶余县', 3),
(1819, 218, '东昌区', 3),
(1820, 218, '二道江区', 3),
(1821, 218, '梅河口市', 3),
(1822, 218, '集安市', 3),
(1823, 218, '通化县', 3),
(1824, 218, '辉南县', 3),
(1825, 218, '柳河县', 3),
(1826, 219, '延吉市', 3),
(1827, 219, '图们市', 3),
(1828, 219, '敦化市', 3),
(1829, 219, '珲春市', 3),
(1830, 219, '龙井市', 3),
(1831, 219, '和龙市', 3),
(1832, 219, '安图县', 3),
(1833, 219, '汪清县', 3),
(1834, 220, '玄武区', 3),
(1835, 220, '鼓楼区', 3),
(1836, 220, '白下区', 3),
(1837, 220, '建邺区', 3),
(1838, 220, '秦淮区', 3),
(1839, 220, '雨花台区', 3),
(1840, 220, '下关区', 3),
(1841, 220, '栖霞区', 3),
(1842, 220, '浦口区', 3),
(1843, 220, '江宁区', 3),
(1844, 220, '六合区', 3),
(1845, 220, '溧水县', 3),
(1846, 220, '高淳县', 3),
(1847, 221, '沧浪区', 3),
(1848, 221, '金阊区', 3),
(1849, 221, '平江区', 3),
(1850, 221, '虎丘区', 3),
(1851, 221, '吴中区', 3),
(1852, 221, '相城区', 3),
(1853, 221, '园区', 3),
(1854, 221, '新区', 3),
(1855, 221, '常熟市', 3),
(1856, 221, '张家港市', 3),
(1857, 221, '玉山镇', 3),
(1858, 221, '巴城镇', 3),
(1859, 221, '周市镇', 3),
(1860, 221, '陆家镇', 3),
(1861, 221, '花桥镇', 3),
(1862, 221, '淀山湖镇', 3),
(1863, 221, '张浦镇', 3),
(1864, 221, '周庄镇', 3),
(1865, 221, '千灯镇', 3),
(1866, 221, '锦溪镇', 3),
(1867, 221, '开发区', 3),
(1868, 221, '吴江市', 3),
(1869, 221, '太仓市', 3),
(1870, 222, '崇安区', 3),
(1871, 222, '北塘区', 3),
(1872, 222, '南长区', 3),
(1873, 222, '锡山区', 3),
(1874, 222, '惠山区', 3),
(1875, 222, '滨湖区', 3),
(1876, 222, '新区', 3),
(1877, 222, '江阴市', 3),
(1878, 222, '宜兴市', 3),
(1879, 223, '天宁区', 3),
(1880, 223, '钟楼区', 3),
(1881, 223, '戚墅堰区', 3),
(1882, 223, '郊区', 3),
(1883, 223, '新北区', 3),
(1884, 223, '武进区', 3),
(1885, 223, '溧阳市', 3),
(1886, 223, '金坛市', 3),
(1887, 224, '清河区', 3),
(1888, 224, '清浦区', 3),
(1889, 224, '楚州区', 3),
(1890, 224, '淮阴区', 3),
(1891, 224, '涟水县', 3),
(1892, 224, '洪泽县', 3),
(1893, 224, '盱眙县', 3),
(1894, 224, '金湖县', 3),
(1895, 225, '新浦区', 3),
(1896, 225, '连云区', 3),
(1897, 225, '海州区', 3),
(1898, 225, '赣榆县', 3),
(1899, 225, '东海县', 3),
(1900, 225, '灌云县', 3),
(1901, 225, '灌南县', 3),
(1902, 226, '崇川区', 3),
(1903, 226, '港闸区', 3),
(1904, 226, '经济开发区', 3),
(1905, 226, '启东市', 3),
(1906, 226, '如皋市', 3),
(1907, 226, '通州市', 3),
(1908, 226, '海门市', 3),
(1909, 226, '海安县', 3),
(1910, 226, '如东县', 3),
(1911, 227, '宿城区', 3),
(1912, 227, '宿豫区', 3),
(1913, 227, '宿豫县', 3),
(1914, 227, '沭阳县', 3),
(1915, 227, '泗阳县', 3),
(1916, 227, '泗洪县', 3),
(1917, 228, '海陵区', 3),
(1918, 228, '高港区', 3),
(1919, 228, '兴化市', 3),
(1920, 228, '靖江市', 3),
(1921, 228, '泰兴市', 3),
(1922, 228, '姜堰市', 3),
(1923, 229, '云龙区', 3),
(1924, 229, '鼓楼区', 3),
(1925, 229, '九里区', 3),
(1926, 229, '贾汪区', 3),
(1927, 229, '泉山区', 3),
(1928, 229, '新沂市', 3),
(1929, 229, '邳州市', 3),
(1930, 229, '丰县', 3),
(1931, 229, '沛县', 3),
(1932, 229, '铜山县', 3),
(1933, 229, '睢宁县', 3),
(1934, 230, '城区', 3),
(1935, 230, '亭湖区', 3),
(1936, 230, '盐都区', 3),
(1937, 230, '盐都县', 3),
(1938, 230, '东台市', 3),
(1939, 230, '大丰市', 3),
(1940, 230, '响水县', 3),
(1941, 230, '滨海县', 3),
(1942, 230, '阜宁县', 3),
(1943, 230, '射阳县', 3),
(1944, 230, '建湖县', 3),
(1945, 231, '广陵区', 3),
(1946, 231, '维扬区', 3),
(1947, 231, '邗江区', 3),
(1948, 231, '仪征市', 3),
(1949, 231, '高邮市', 3),
(1950, 231, '江都市', 3),
(1951, 231, '宝应县', 3),
(1952, 232, '京口区', 3),
(1953, 232, '润州区', 3),
(1954, 232, '丹徒区', 3),
(1955, 232, '丹阳市', 3),
(1956, 232, '扬中市', 3),
(1957, 232, '句容市', 3),
(1958, 233, '东湖区', 3),
(1959, 233, '西湖区', 3),
(1960, 233, '青云谱区', 3),
(1961, 233, '湾里区', 3),
(1962, 233, '青山湖区', 3),
(1963, 233, '红谷滩新区', 3),
(1964, 233, '昌北区', 3),
(1965, 233, '高新区', 3),
(1966, 233, '南昌县', 3),
(1967, 233, '新建县', 3),
(1968, 233, '安义县', 3),
(1969, 233, '进贤县', 3),
(1970, 234, '临川区', 3),
(1971, 234, '南城县', 3),
(1972, 234, '黎川县', 3),
(1973, 234, '南丰县', 3),
(1974, 234, '崇仁县', 3),
(1975, 234, '乐安县', 3),
(1976, 234, '宜黄县', 3),
(1977, 234, '金溪县', 3),
(1978, 234, '资溪县', 3),
(1979, 234, '东乡县', 3),
(1980, 234, '广昌县', 3),
(1981, 235, '章贡区', 3),
(1982, 235, '于都县', 3),
(1983, 235, '瑞金市', 3),
(1984, 235, '南康市', 3),
(1985, 235, '赣县', 3),
(1986, 235, '信丰县', 3),
(1987, 235, '大余县', 3),
(1988, 235, '上犹县', 3),
(1989, 235, '崇义县', 3),
(1990, 235, '安远县', 3),
(1991, 235, '龙南县', 3),
(1992, 235, '定南县', 3),
(1993, 235, '全南县', 3),
(1994, 235, '宁都县', 3),
(1995, 235, '兴国县', 3),
(1996, 235, '会昌县', 3),
(1997, 235, '寻乌县', 3),
(1998, 235, '石城县', 3),
(1999, 236, '安福县', 3),
(2000, 236, '吉州区', 3),
(2001, 236, '青原区', 3),
(2002, 236, '井冈山市', 3),
(2003, 236, '吉安县', 3),
(2004, 236, '吉水县', 3),
(2005, 236, '峡江县', 3),
(2006, 236, '新干县', 3),
(2007, 236, '永丰县', 3),
(2008, 236, '泰和县', 3),
(2009, 236, '遂川县', 3),
(2010, 236, '万安县', 3),
(2011, 236, '永新县', 3),
(2012, 237, '珠山区', 3),
(2013, 237, '昌江区', 3),
(2014, 237, '乐平市', 3),
(2015, 237, '浮梁县', 3),
(2016, 238, '浔阳区', 3),
(2017, 238, '庐山区', 3),
(2018, 238, '瑞昌市', 3),
(2019, 238, '九江县', 3),
(2020, 238, '武宁县', 3),
(2021, 238, '修水县', 3),
(2022, 238, '永修县', 3),
(2023, 238, '德安县', 3),
(2024, 238, '星子县', 3),
(2025, 238, '都昌县', 3),
(2026, 238, '湖口县', 3),
(2027, 238, '彭泽县', 3),
(2028, 239, '安源区', 3),
(2029, 239, '湘东区', 3),
(2030, 239, '莲花县', 3),
(2031, 239, '芦溪县', 3),
(2032, 239, '上栗县', 3),
(2033, 240, '信州区', 3),
(2034, 240, '德兴市', 3),
(2035, 240, '上饶县', 3),
(2036, 240, '广丰县', 3),
(2037, 240, '玉山县', 3),
(2038, 240, '铅山县', 3),
(2039, 240, '横峰县', 3),
(2040, 240, '弋阳县', 3),
(2041, 240, '余干县', 3),
(2042, 240, '波阳县', 3),
(2043, 240, '万年县', 3),
(2044, 240, '婺源县', 3),
(2045, 241, '渝水区', 3),
(2046, 241, '分宜县', 3),
(2047, 242, '袁州区', 3),
(2048, 242, '丰城市', 3),
(2049, 242, '樟树市', 3),
(2050, 242, '高安市', 3),
(2051, 242, '奉新县', 3),
(2052, 242, '万载县', 3),
(2053, 242, '上高县', 3),
(2054, 242, '宜丰县', 3),
(2055, 242, '靖安县', 3),
(2056, 242, '铜鼓县', 3),
(2057, 243, '月湖区', 3),
(2058, 243, '贵溪市', 3),
(2059, 243, '余江县', 3),
(2060, 244, '沈河区', 3),
(2061, 244, '皇姑区', 3),
(2062, 244, '和平区', 3),
(2063, 244, '大东区', 3),
(2064, 244, '铁西区', 3),
(2065, 244, '苏家屯区', 3),
(2066, 244, '东陵区', 3),
(2067, 244, '沈北新区', 3),
(2068, 244, '于洪区', 3),
(2069, 244, '浑南新区', 3),
(2070, 244, '新民市', 3),
(2071, 244, '辽中县', 3),
(2072, 244, '康平县', 3),
(2073, 244, '法库县', 3),
(2074, 245, '西岗区', 3),
(2075, 245, '中山区', 3),
(2076, 245, '沙河口区', 3),
(2077, 245, '甘井子区', 3),
(2078, 245, '旅顺口区', 3),
(2079, 245, '金州区', 3),
(2080, 245, '开发区', 3),
(2081, 245, '瓦房店市', 3),
(2082, 245, '普兰店市', 3),
(2083, 245, '庄河市', 3),
(2084, 245, '长海县', 3),
(2085, 246, '铁东区', 3),
(2086, 246, '铁西区', 3),
(2087, 246, '立山区', 3),
(2088, 246, '千山区', 3),
(2089, 246, '岫岩', 3),
(2090, 246, '海城市', 3),
(2091, 246, '台安县', 3),
(2092, 247, '本溪', 3),
(2093, 247, '平山区', 3),
(2094, 247, '明山区', 3),
(2095, 247, '溪湖区', 3),
(2096, 247, '南芬区', 3),
(2097, 247, '桓仁', 3),
(2098, 248, '双塔区', 3),
(2099, 248, '龙城区', 3),
(2100, 248, '喀喇沁左翼蒙古族自治县', 3),
(2101, 248, '北票市', 3),
(2102, 248, '凌源市', 3),
(2103, 248, '朝阳县', 3),
(2104, 248, '建平县', 3),
(2105, 249, '振兴区', 3),
(2106, 249, '元宝区', 3),
(2107, 249, '振安区', 3),
(2108, 249, '宽甸', 3),
(2109, 249, '东港市', 3),
(2110, 249, '凤城市', 3),
(2111, 250, '顺城区', 3),
(2112, 250, '新抚区', 3),
(2113, 250, '东洲区', 3),
(2114, 250, '望花区', 3),
(2115, 250, '清原', 3),
(2116, 250, '新宾', 3),
(2117, 250, '抚顺县', 3),
(2118, 251, '阜新', 3),
(2119, 251, '海州区', 3),
(2120, 251, '新邱区', 3),
(2121, 251, '太平区', 3),
(2122, 251, '清河门区', 3),
(2123, 251, '细河区', 3),
(2124, 251, '彰武县', 3),
(2125, 252, '龙港区', 3),
(2126, 252, '南票区', 3),
(2127, 252, '连山区', 3),
(2128, 252, '兴城市', 3),
(2129, 252, '绥中县', 3),
(2130, 252, '建昌县', 3),
(2131, 253, '太和区', 3),
(2132, 253, '古塔区', 3),
(2133, 253, '凌河区', 3),
(2134, 253, '凌海市', 3),
(2135, 253, '北镇市', 3),
(2136, 253, '黑山县', 3),
(2137, 253, '义县', 3),
(2138, 254, '白塔区', 3),
(2139, 254, '文圣区', 3),
(2140, 254, '宏伟区', 3),
(2141, 254, '太子河区', 3),
(2142, 254, '弓长岭区', 3),
(2143, 254, '灯塔市', 3),
(2144, 254, '辽阳县', 3),
(2145, 255, '双台子区', 3),
(2146, 255, '兴隆台区', 3),
(2147, 255, '大洼县', 3),
(2148, 255, '盘山县', 3),
(2149, 256, '银州区', 3),
(2150, 256, '清河区', 3),
(2151, 256, '调兵山市', 3),
(2152, 256, '开原市', 3),
(2153, 256, '铁岭县', 3),
(2154, 256, '西丰县', 3),
(2155, 256, '昌图县', 3),
(2156, 257, '站前区', 3),
(2157, 257, '西市区', 3),
(2158, 257, '鲅鱼圈区', 3),
(2159, 257, '老边区', 3),
(2160, 257, '盖州市', 3),
(2161, 257, '大石桥市', 3),
(2162, 258, '回民区', 3),
(2163, 258, '玉泉区', 3),
(2164, 258, '新城区', 3),
(2165, 258, '赛罕区', 3),
(2166, 258, '清水河县', 3),
(2167, 258, '土默特左旗', 3),
(2168, 258, '托克托县', 3),
(2169, 258, '和林格尔县', 3),
(2170, 258, '武川县', 3),
(2171, 259, '阿拉善左旗', 3),
(2172, 259, '阿拉善右旗', 3),
(2173, 259, '额济纳旗', 3),
(2174, 260, '临河区', 3),
(2175, 260, '五原县', 3),
(2176, 260, '磴口县', 3),
(2177, 260, '乌拉特前旗', 3),
(2178, 260, '乌拉特中旗', 3),
(2179, 260, '乌拉特后旗', 3),
(2180, 260, '杭锦后旗', 3),
(2181, 261, '昆都仑区', 3),
(2182, 261, '青山区', 3),
(2183, 261, '东河区', 3),
(2184, 261, '九原区', 3),
(2185, 261, '石拐区', 3),
(2186, 261, '白云矿区', 3),
(2187, 261, '土默特右旗', 3),
(2188, 261, '固阳县', 3),
(2189, 261, '达尔罕茂明安联合旗', 3),
(2190, 262, '红山区', 3),
(2191, 262, '元宝山区', 3),
(2192, 262, '松山区', 3),
(2193, 262, '阿鲁科尔沁旗', 3),
(2194, 262, '巴林左旗', 3),
(2195, 262, '巴林右旗', 3),
(2196, 262, '林西县', 3),
(2197, 262, '克什克腾旗', 3),
(2198, 262, '翁牛特旗', 3),
(2199, 262, '喀喇沁旗', 3),
(2200, 262, '宁城县', 3),
(2201, 262, '敖汉旗', 3),
(2202, 263, '东胜区', 3),
(2203, 263, '达拉特旗', 3),
(2204, 263, '准格尔旗', 3),
(2205, 263, '鄂托克前旗', 3),
(2206, 263, '鄂托克旗', 3),
(2207, 263, '杭锦旗', 3),
(2208, 263, '乌审旗', 3),
(2209, 263, '伊金霍洛旗', 3),
(2210, 264, '海拉尔区', 3),
(2211, 264, '莫力达瓦', 3),
(2212, 264, '满洲里市', 3),
(2213, 264, '牙克石市', 3),
(2214, 264, '扎兰屯市', 3),
(2215, 264, '额尔古纳市', 3),
(2216, 264, '根河市', 3),
(2217, 264, '阿荣旗', 3),
(2218, 264, '鄂伦春自治旗', 3),
(2219, 264, '鄂温克族自治旗', 3),
(2220, 264, '陈巴尔虎旗', 3),
(2221, 264, '新巴尔虎左旗', 3),
(2222, 264, '新巴尔虎右旗', 3),
(2223, 265, '科尔沁区', 3),
(2224, 265, '霍林郭勒市', 3),
(2225, 265, '科尔沁左翼中旗', 3),
(2226, 265, '科尔沁左翼后旗', 3),
(2227, 265, '开鲁县', 3),
(2228, 265, '库伦旗', 3),
(2229, 265, '奈曼旗', 3),
(2230, 265, '扎鲁特旗', 3),
(2231, 266, '海勃湾区', 3),
(2232, 266, '乌达区', 3),
(2233, 266, '海南区', 3),
(2234, 267, '化德县', 3),
(2235, 267, '集宁区', 3),
(2236, 267, '丰镇市', 3),
(2237, 267, '卓资县', 3),
(2238, 267, '商都县', 3),
(2239, 267, '兴和县', 3),
(2240, 267, '凉城县', 3),
(2241, 267, '察哈尔右翼前旗', 3),
(2242, 267, '察哈尔右翼中旗', 3),
(2243, 267, '察哈尔右翼后旗', 3),
(2244, 267, '四子王旗', 3),
(2245, 268, '二连浩特市', 3),
(2246, 268, '锡林浩特市', 3),
(2247, 268, '阿巴嘎旗', 3),
(2248, 268, '苏尼特左旗', 3),
(2249, 268, '苏尼特右旗', 3),
(2250, 268, '东乌珠穆沁旗', 3),
(2251, 268, '西乌珠穆沁旗', 3),
(2252, 268, '太仆寺旗', 3),
(2253, 268, '镶黄旗', 3),
(2254, 268, '正镶白旗', 3),
(2255, 268, '正蓝旗', 3),
(2256, 268, '多伦县', 3),
(2257, 269, '乌兰浩特市', 3),
(2258, 269, '阿尔山市', 3),
(2259, 269, '科尔沁右翼前旗', 3),
(2260, 269, '科尔沁右翼中旗', 3),
(2261, 269, '扎赉特旗', 3),
(2262, 269, '突泉县', 3),
(2263, 270, '西夏区', 3),
(2264, 270, '金凤区', 3),
(2265, 270, '兴庆区', 3),
(2266, 270, '灵武市', 3),
(2267, 270, '永宁县', 3),
(2268, 270, '贺兰县', 3),
(2269, 271, '原州区', 3),
(2270, 271, '海原县', 3),
(2271, 271, '西吉县', 3),
(2272, 271, '隆德县', 3),
(2273, 271, '泾源县', 3),
(2274, 271, '彭阳县', 3),
(2275, 272, '惠农县', 3),
(2276, 272, '大武口区', 3),
(2277, 272, '惠农区', 3),
(2278, 272, '陶乐县', 3),
(2279, 272, '平罗县', 3),
(2280, 273, '利通区', 3),
(2281, 273, '中卫县', 3),
(2282, 273, '青铜峡市', 3),
(2283, 273, '中宁县', 3),
(2284, 273, '盐池县', 3),
(2285, 273, '同心县', 3),
(2286, 274, '沙坡头区', 3),
(2287, 274, '海原县', 3),
(2288, 274, '中宁县', 3),
(2289, 275, '城中区', 3),
(2290, 275, '城东区', 3),
(2291, 275, '城西区', 3),
(2292, 275, '城北区', 3),
(2293, 275, '湟中县', 3),
(2294, 275, '湟源县', 3),
(2295, 275, '大通', 3),
(2296, 276, '玛沁县', 3),
(2297, 276, '班玛县', 3),
(2298, 276, '甘德县', 3),
(2299, 276, '达日县', 3),
(2300, 276, '久治县', 3),
(2301, 276, '玛多县', 3),
(2302, 277, '海晏县', 3),
(2303, 277, '祁连县', 3),
(2304, 277, '刚察县', 3),
(2305, 277, '门源', 3),
(2306, 278, '平安县', 3),
(2307, 278, '乐都县', 3),
(2308, 278, '民和', 3),
(2309, 278, '互助', 3),
(2310, 278, '化隆', 3),
(2311, 278, '循化', 3),
(2312, 279, '共和县', 3),
(2313, 279, '同德县', 3),
(2314, 279, '贵德县', 3),
(2315, 279, '兴海县', 3),
(2316, 279, '贵南县', 3),
(2317, 280, '德令哈市', 3),
(2318, 280, '格尔木市', 3),
(2319, 280, '乌兰县', 3),
(2320, 280, '都兰县', 3),
(2321, 280, '天峻县', 3),
(2322, 281, '同仁县', 3),
(2323, 281, '尖扎县', 3),
(2324, 281, '泽库县', 3),
(2325, 281, '河南蒙古族自治县', 3),
(2326, 282, '玉树县', 3),
(2327, 282, '杂多县', 3),
(2328, 282, '称多县', 3),
(2329, 282, '治多县', 3),
(2330, 282, '囊谦县', 3),
(2331, 282, '曲麻莱县', 3),
(2332, 283, '市中区', 3),
(2333, 283, '历下区', 3),
(2334, 283, '天桥区', 3),
(2335, 283, '槐荫区', 3),
(2336, 283, '历城区', 3),
(2337, 283, '长清区', 3),
(2338, 283, '章丘市', 3),
(2339, 283, '平阴县', 3),
(2340, 283, '济阳县', 3),
(2341, 283, '商河县', 3),
(2342, 284, '市南区', 3),
(2343, 284, '市北区', 3),
(2344, 284, '城阳区', 3),
(2345, 284, '四方区', 3),
(2346, 284, '李沧区', 3),
(2347, 284, '黄岛区', 3),
(2348, 284, '崂山区', 3),
(2349, 284, '胶州市', 3),
(2350, 284, '即墨市', 3),
(2351, 284, '平度市', 3),
(2352, 284, '胶南市', 3),
(2353, 284, '莱西市', 3),
(2354, 285, '滨城区', 3),
(2355, 285, '惠民县', 3),
(2356, 285, '阳信县', 3),
(2357, 285, '无棣县', 3),
(2358, 285, '沾化县', 3),
(2359, 285, '博兴县', 3),
(2360, 285, '邹平县', 3),
(2361, 286, '德城区', 3),
(2362, 286, '陵县', 3),
(2363, 286, '乐陵市', 3),
(2364, 286, '禹城市', 3),
(2365, 286, '宁津县', 3),
(2366, 286, '庆云县', 3),
(2367, 286, '临邑县', 3),
(2368, 286, '齐河县', 3),
(2369, 286, '平原县', 3),
(2370, 286, '夏津县', 3),
(2371, 286, '武城县', 3),
(2372, 287, '东营区', 3),
(2373, 287, '河口区', 3),
(2374, 287, '垦利县', 3),
(2375, 287, '利津县', 3),
(2376, 287, '广饶县', 3),
(2377, 288, '牡丹区', 3),
(2378, 288, '曹县', 3),
(2379, 288, '单县', 3),
(2380, 288, '成武县', 3),
(2381, 288, '巨野县', 3),
(2382, 288, '郓城县', 3),
(2383, 288, '鄄城县', 3),
(2384, 288, '定陶县', 3),
(2385, 288, '东明县', 3),
(2386, 289, '市中区', 3),
(2387, 289, '任城区', 3),
(2388, 289, '曲阜市', 3),
(2389, 289, '兖州市', 3),
(2390, 289, '邹城市', 3),
(2391, 289, '微山县', 3),
(2392, 289, '鱼台县', 3),
(2393, 289, '金乡县', 3),
(2394, 289, '嘉祥县', 3),
(2395, 289, '汶上县', 3),
(2396, 289, '泗水县', 3),
(2397, 289, '梁山县', 3),
(2398, 290, '莱城区', 3),
(2399, 290, '钢城区', 3),
(2400, 291, '东昌府区', 3),
(2401, 291, '临清市', 3),
(2402, 291, '阳谷县', 3),
(2403, 291, '莘县', 3),
(2404, 291, '茌平县', 3),
(2405, 291, '东阿县', 3),
(2406, 291, '冠县', 3),
(2407, 291, '高唐县', 3),
(2408, 292, '兰山区', 3),
(2409, 292, '罗庄区', 3),
(2410, 292, '河东区', 3),
(2411, 292, '沂南县', 3),
(2412, 292, '郯城县', 3),
(2413, 292, '沂水县', 3),
(2414, 292, '苍山县', 3),
(2415, 292, '费县', 3),
(2416, 292, '平邑县', 3),
(2417, 292, '莒南县', 3),
(2418, 292, '蒙阴县', 3),
(2419, 292, '临沭县', 3),
(2420, 293, '东港区', 3),
(2421, 293, '岚山区', 3),
(2422, 293, '五莲县', 3),
(2423, 293, '莒县', 3),
(2424, 294, '泰山区', 3),
(2425, 294, '岱岳区', 3),
(2426, 294, '新泰市', 3),
(2427, 294, '肥城市', 3),
(2428, 294, '宁阳县', 3),
(2429, 294, '东平县', 3),
(2430, 295, '荣成市', 3),
(2431, 295, '乳山市', 3),
(2432, 295, '环翠区', 3),
(2433, 295, '文登市', 3),
(2434, 296, '潍城区', 3),
(2435, 296, '寒亭区', 3),
(2436, 296, '坊子区', 3),
(2437, 296, '奎文区', 3),
(2438, 296, '青州市', 3),
(2439, 296, '诸城市', 3),
(2440, 296, '寿光市', 3),
(2441, 296, '安丘市', 3),
(2442, 296, '高密市', 3),
(2443, 296, '昌邑市', 3),
(2444, 296, '临朐县', 3),
(2445, 296, '昌乐县', 3),
(2446, 297, '芝罘区', 3),
(2447, 297, '福山区', 3),
(2448, 297, '牟平区', 3),
(2449, 297, '莱山区', 3),
(2450, 297, '开发区', 3),
(2451, 297, '龙口市', 3),
(2452, 297, '莱阳市', 3),
(2453, 297, '莱州市', 3),
(2454, 297, '蓬莱市', 3),
(2455, 297, '招远市', 3),
(2456, 297, '栖霞市', 3),
(2457, 297, '海阳市', 3),
(2458, 297, '长岛县', 3),
(2459, 298, '市中区', 3),
(2460, 298, '山亭区', 3),
(2461, 298, '峄城区', 3),
(2462, 298, '台儿庄区', 3),
(2463, 298, '薛城区', 3),
(2464, 298, '滕州市', 3),
(2465, 299, '张店区', 3),
(2466, 299, '临淄区', 3),
(2467, 299, '淄川区', 3),
(2468, 299, '博山区', 3),
(2469, 299, '周村区', 3),
(2470, 299, '桓台县', 3),
(2471, 299, '高青县', 3),
(2472, 299, '沂源县', 3),
(2473, 300, '杏花岭区', 3),
(2474, 300, '小店区', 3),
(2475, 300, '迎泽区', 3),
(2476, 300, '尖草坪区', 3),
(2477, 300, '万柏林区', 3),
(2478, 300, '晋源区', 3),
(2479, 300, '高新开发区', 3),
(2480, 300, '民营经济开发区', 3),
(2481, 300, '经济技术开发区', 3),
(2482, 300, '清徐县', 3),
(2483, 300, '阳曲县', 3),
(2484, 300, '娄烦县', 3),
(2485, 300, '古交市', 3),
(2486, 301, '城区', 3),
(2487, 301, '郊区', 3),
(2488, 301, '沁县', 3),
(2489, 301, '潞城市', 3),
(2490, 301, '长治县', 3),
(2491, 301, '襄垣县', 3),
(2492, 301, '屯留县', 3),
(2493, 301, '平顺县', 3),
(2494, 301, '黎城县', 3),
(2495, 301, '壶关县', 3),
(2496, 301, '长子县', 3),
(2497, 301, '武乡县', 3),
(2498, 301, '沁源县', 3),
(2499, 302, '城区', 3),
(2500, 302, '矿区', 3),
(2501, 302, '南郊区', 3),
(2502, 302, '新荣区', 3),
(2503, 302, '阳高县', 3),
(2504, 302, '天镇县', 3),
(2505, 302, '广灵县', 3),
(2506, 302, '灵丘县', 3),
(2507, 302, '浑源县', 3),
(2508, 302, '左云县', 3),
(2509, 302, '大同县', 3),
(2510, 303, '城区', 3),
(2511, 303, '高平市', 3),
(2512, 303, '沁水县', 3),
(2513, 303, '阳城县', 3),
(2514, 303, '陵川县', 3),
(2515, 303, '泽州县', 3),
(2516, 304, '榆次区', 3),
(2517, 304, '介休市', 3),
(2518, 304, '榆社县', 3),
(2519, 304, '左权县', 3),
(2520, 304, '和顺县', 3),
(2521, 304, '昔阳县', 3),
(2522, 304, '寿阳县', 3),
(2523, 304, '太谷县', 3),
(2524, 304, '祁县', 3),
(2525, 304, '平遥县', 3),
(2526, 304, '灵石县', 3),
(2527, 305, '尧都区', 3),
(2528, 305, '侯马市', 3),
(2529, 305, '霍州市', 3),
(2530, 305, '曲沃县', 3),
(2531, 305, '翼城县', 3),
(2532, 305, '襄汾县', 3),
(2533, 305, '洪洞县', 3),
(2534, 305, '吉县', 3),
(2535, 305, '安泽县', 3),
(2536, 305, '浮山县', 3),
(2537, 305, '古县', 3),
(2538, 305, '乡宁县', 3),
(2539, 305, '大宁县', 3),
(2540, 305, '隰县', 3),
(2541, 305, '永和县', 3),
(2542, 305, '蒲县', 3),
(2543, 305, '汾西县', 3),
(2544, 306, '离石市', 3),
(2545, 306, '离石区', 3),
(2546, 306, '孝义市', 3),
(2547, 306, '汾阳市', 3),
(2548, 306, '文水县', 3),
(2549, 306, '交城县', 3),
(2550, 306, '兴县', 3),
(2551, 306, '临县', 3),
(2552, 306, '柳林县', 3),
(2553, 306, '石楼县', 3),
(2554, 306, '岚县', 3),
(2555, 306, '方山县', 3),
(2556, 306, '中阳县', 3),
(2557, 306, '交口县', 3),
(2558, 307, '朔城区', 3),
(2559, 307, '平鲁区', 3),
(2560, 307, '山阴县', 3),
(2561, 307, '应县', 3),
(2562, 307, '右玉县', 3),
(2563, 307, '怀仁县', 3),
(2564, 308, '忻府区', 3),
(2565, 308, '原平市', 3),
(2566, 308, '定襄县', 3),
(2567, 308, '五台县', 3),
(2568, 308, '代县', 3),
(2569, 308, '繁峙县', 3),
(2570, 308, '宁武县', 3),
(2571, 308, '静乐县', 3),
(2572, 308, '神池县', 3),
(2573, 308, '五寨县', 3),
(2574, 308, '岢岚县', 3),
(2575, 308, '河曲县', 3),
(2576, 308, '保德县', 3),
(2577, 308, '偏关县', 3),
(2578, 309, '城区', 3),
(2579, 309, '矿区', 3),
(2580, 309, '郊区', 3),
(2581, 309, '平定县', 3),
(2582, 309, '盂县', 3),
(2583, 310, '盐湖区', 3),
(2584, 310, '永济市', 3),
(2585, 310, '河津市', 3),
(2586, 310, '临猗县', 3),
(2587, 310, '万荣县', 3),
(2588, 310, '闻喜县', 3),
(2589, 310, '稷山县', 3),
(2590, 310, '新绛县', 3),
(2591, 310, '绛县', 3),
(2592, 310, '垣曲县', 3),
(2593, 310, '夏县', 3),
(2594, 310, '平陆县', 3),
(2595, 310, '芮城县', 3),
(2596, 311, '莲湖区', 3),
(2597, 311, '新城区', 3),
(2598, 311, '碑林区', 3),
(2599, 311, '雁塔区', 3),
(2600, 311, '灞桥区', 3),
(2601, 311, '未央区', 3),
(2602, 311, '阎良区', 3),
(2603, 311, '临潼区', 3),
(2604, 311, '长安区', 3),
(2605, 311, '蓝田县', 3),
(2606, 311, '周至县', 3),
(2607, 311, '户县', 3),
(2608, 311, '高陵县', 3),
(2609, 312, '汉滨区', 3),
(2610, 312, '汉阴县', 3),
(2611, 312, '石泉县', 3),
(2612, 312, '宁陕县', 3),
(2613, 312, '紫阳县', 3),
(2614, 312, '岚皋县', 3),
(2615, 312, '平利县', 3),
(2616, 312, '镇坪县', 3),
(2617, 312, '旬阳县', 3),
(2618, 312, '白河县', 3),
(2619, 313, '陈仓区', 3),
(2620, 313, '渭滨区', 3),
(2621, 313, '金台区', 3),
(2622, 313, '凤翔县', 3),
(2623, 313, '岐山县', 3),
(2624, 313, '扶风县', 3),
(2625, 313, '眉县', 3),
(2626, 313, '陇县', 3),
(2627, 313, '千阳县', 3),
(2628, 313, '麟游县', 3),
(2629, 313, '凤县', 3),
(2630, 313, '太白县', 3),
(2631, 314, '汉台区', 3),
(2632, 314, '南郑县', 3),
(2633, 314, '城固县', 3),
(2634, 314, '洋县', 3),
(2635, 314, '西乡县', 3),
(2636, 314, '勉县', 3),
(2637, 314, '宁强县', 3),
(2638, 314, '略阳县', 3),
(2639, 314, '镇巴县', 3),
(2640, 314, '留坝县', 3),
(2641, 314, '佛坪县', 3),
(2642, 315, '商州区', 3),
(2643, 315, '洛南县', 3),
(2644, 315, '丹凤县', 3),
(2645, 315, '商南县', 3),
(2646, 315, '山阳县', 3),
(2647, 315, '镇安县', 3),
(2648, 315, '柞水县', 3),
(2649, 316, '耀州区', 3),
(2650, 316, '王益区', 3),
(2651, 316, '印台区', 3),
(2652, 316, '宜君县', 3),
(2653, 317, '临渭区', 3),
(2654, 317, '韩城市', 3),
(2655, 317, '华阴市', 3),
(2656, 317, '华县', 3),
(2657, 317, '潼关县', 3),
(2658, 317, '大荔县', 3),
(2659, 317, '合阳县', 3),
(2660, 317, '澄城县', 3),
(2661, 317, '蒲城县', 3),
(2662, 317, '白水县', 3),
(2663, 317, '富平县', 3),
(2664, 318, '秦都区', 3),
(2665, 318, '渭城区', 3),
(2666, 318, '杨陵区', 3),
(2667, 318, '兴平市', 3),
(2668, 318, '三原县', 3),
(2669, 318, '泾阳县', 3),
(2670, 318, '乾县', 3),
(2671, 318, '礼泉县', 3),
(2672, 318, '永寿县', 3),
(2673, 318, '彬县', 3),
(2674, 318, '长武县', 3),
(2675, 318, '旬邑县', 3),
(2676, 318, '淳化县', 3),
(2677, 318, '武功县', 3),
(2678, 319, '吴起县', 3),
(2679, 319, '宝塔区', 3),
(2680, 319, '延长县', 3),
(2681, 319, '延川县', 3),
(2682, 319, '子长县', 3),
(2683, 319, '安塞县', 3),
(2684, 319, '志丹县', 3),
(2685, 319, '甘泉县', 3),
(2686, 319, '富县', 3),
(2687, 319, '洛川县', 3),
(2688, 319, '宜川县', 3),
(2689, 319, '黄龙县', 3),
(2690, 319, '黄陵县', 3),
(2691, 320, '榆阳区', 3),
(2692, 320, '神木县', 3),
(2693, 320, '府谷县', 3),
(2694, 320, '横山县', 3),
(2695, 320, '靖边县', 3),
(2696, 320, '定边县', 3),
(2697, 320, '绥德县', 3),
(2698, 320, '米脂县', 3),
(2699, 320, '佳县', 3),
(2700, 320, '吴堡县', 3),
(2701, 320, '清涧县', 3),
(2702, 320, '子洲县', 3),
(2703, 321, '长宁区', 3),
(2704, 321, '闸北区', 3),
(2705, 321, '闵行区', 3),
(2706, 321, '徐汇区', 3),
(2707, 321, '浦东新区', 3),
(2708, 321, '杨浦区', 3),
(2709, 321, '普陀区', 3),
(2710, 321, '静安区', 3),
(2711, 321, '卢湾区', 3),
(2712, 321, '虹口区', 3),
(2713, 321, '黄浦区', 3),
(2714, 321, '南汇区', 3),
(2715, 321, '松江区', 3),
(2716, 321, '嘉定区', 3),
(2717, 321, '宝山区', 3),
(2718, 321, '青浦区', 3),
(2719, 321, '金山区', 3),
(2720, 321, '奉贤区', 3),
(2721, 321, '崇明县', 3),
(2722, 322, '青羊区', 3),
(2723, 322, '锦江区', 3),
(2724, 322, '金牛区', 3),
(2725, 322, '武侯区', 3),
(2726, 322, '成华区', 3),
(2727, 322, '龙泉驿区', 3),
(2728, 322, '青白江区', 3),
(2729, 322, '新都区', 3),
(2730, 322, '温江区', 3),
(2731, 322, '高新区', 3),
(2732, 322, '高新西区', 3),
(2733, 322, '都江堰市', 3),
(2734, 322, '彭州市', 3),
(2735, 322, '邛崃市', 3),
(2736, 322, '崇州市', 3),
(2737, 322, '金堂县', 3),
(2738, 322, '双流县', 3),
(2739, 322, '郫县', 3),
(2740, 322, '大邑县', 3),
(2741, 322, '蒲江县', 3),
(2742, 322, '新津县', 3),
(2743, 322, '都江堰市', 3),
(2744, 322, '彭州市', 3),
(2745, 322, '邛崃市', 3),
(2746, 322, '崇州市', 3),
(2747, 322, '金堂县', 3),
(2748, 322, '双流县', 3),
(2749, 322, '郫县', 3),
(2750, 322, '大邑县', 3),
(2751, 322, '蒲江县', 3),
(2752, 322, '新津县', 3),
(2753, 323, '涪城区', 3),
(2754, 323, '游仙区', 3),
(2755, 323, '江油市', 3),
(2756, 323, '盐亭县', 3),
(2757, 323, '三台县', 3),
(2758, 323, '平武县', 3),
(2759, 323, '安县', 3),
(2760, 323, '梓潼县', 3),
(2761, 323, '北川县', 3),
(2762, 324, '马尔康县', 3),
(2763, 324, '汶川县', 3),
(2764, 324, '理县', 3),
(2765, 324, '茂县', 3),
(2766, 324, '松潘县', 3),
(2767, 324, '九寨沟县', 3),
(2768, 324, '金川县', 3),
(2769, 324, '小金县', 3),
(2770, 324, '黑水县', 3),
(2771, 324, '壤塘县', 3),
(2772, 324, '阿坝县', 3),
(2773, 324, '若尔盖县', 3),
(2774, 324, '红原县', 3),
(2775, 325, '巴州区', 3),
(2776, 325, '通江县', 3),
(2777, 325, '南江县', 3),
(2778, 325, '平昌县', 3),
(2779, 326, '通川区', 3),
(2780, 326, '万源市', 3),
(2781, 326, '达县', 3),
(2782, 326, '宣汉县', 3),
(2783, 326, '开江县', 3),
(2784, 326, '大竹县', 3),
(2785, 326, '渠县', 3),
(2786, 327, '旌阳区', 3),
(2787, 327, '广汉市', 3),
(2788, 327, '什邡市', 3),
(2789, 327, '绵竹市', 3),
(2790, 327, '罗江县', 3),
(2791, 327, '中江县', 3),
(2792, 328, '康定县', 3),
(2793, 328, '丹巴县', 3),
(2794, 328, '泸定县', 3),
(2795, 328, '炉霍县', 3),
(2796, 328, '九龙县', 3),
(2797, 328, '甘孜县', 3),
(2798, 328, '雅江县', 3),
(2799, 328, '新龙县', 3),
(2800, 328, '道孚县', 3),
(2801, 328, '白玉县', 3),
(2802, 328, '理塘县', 3),
(2803, 328, '德格县', 3),
(2804, 328, '乡城县', 3),
(2805, 328, '石渠县', 3),
(2806, 328, '稻城县', 3),
(2807, 328, '色达县', 3),
(2808, 328, '巴塘县', 3),
(2809, 328, '得荣县', 3),
(2810, 329, '广安区', 3),
(2811, 329, '华蓥市', 3),
(2812, 329, '岳池县', 3),
(2813, 329, '武胜县', 3),
(2814, 329, '邻水县', 3),
(2815, 330, '利州区', 3),
(2816, 330, '元坝区', 3),
(2817, 330, '朝天区', 3),
(2818, 330, '旺苍县', 3),
(2819, 330, '青川县', 3),
(2820, 330, '剑阁县', 3),
(2821, 330, '苍溪县', 3),
(2822, 331, '峨眉山市', 3),
(2823, 331, '乐山市', 3),
(2824, 331, '犍为县', 3),
(2825, 331, '井研县', 3),
(2826, 331, '夹江县', 3),
(2827, 331, '沐川县', 3),
(2828, 331, '峨边', 3),
(2829, 331, '马边', 3),
(2830, 332, '西昌市', 3),
(2831, 332, '盐源县', 3),
(2832, 332, '德昌县', 3),
(2833, 332, '会理县', 3),
(2834, 332, '会东县', 3),
(2835, 332, '宁南县', 3),
(2836, 332, '普格县', 3),
(2837, 332, '布拖县', 3),
(2838, 332, '金阳县', 3),
(2839, 332, '昭觉县', 3),
(2840, 332, '喜德县', 3),
(2841, 332, '冕宁县', 3),
(2842, 332, '越西县', 3),
(2843, 332, '甘洛县', 3),
(2844, 332, '美姑县', 3),
(2845, 332, '雷波县', 3),
(2846, 332, '木里', 3),
(2847, 333, '东坡区', 3),
(2848, 333, '仁寿县', 3),
(2849, 333, '彭山县', 3),
(2850, 333, '洪雅县', 3),
(2851, 333, '丹棱县', 3),
(2852, 333, '青神县', 3),
(2853, 334, '阆中市', 3),
(2854, 334, '南部县', 3),
(2855, 334, '营山县', 3),
(2856, 334, '蓬安县', 3),
(2857, 334, '仪陇县', 3),
(2858, 334, '顺庆区', 3),
(2859, 334, '高坪区', 3),
(2860, 334, '嘉陵区', 3),
(2861, 334, '西充县', 3),
(2862, 335, '市中区', 3),
(2863, 335, '东兴区', 3),
(2864, 335, '威远县', 3),
(2865, 335, '资中县', 3),
(2866, 335, '隆昌县', 3),
(2867, 336, '东  区', 3),
(2868, 336, '西  区', 3),
(2869, 336, '仁和区', 3),
(2870, 336, '米易县', 3),
(2871, 336, '盐边县', 3),
(2872, 337, '船山区', 3),
(2873, 337, '安居区', 3),
(2874, 337, '蓬溪县', 3);
INSERT INTO `yang_areas` (`area_id`, `parent_id`, `area_name`, `area_type`) VALUES
(2875, 337, '射洪县', 3),
(2876, 337, '大英县', 3),
(2877, 338, '雨城区', 3),
(2878, 338, '名山县', 3),
(2879, 338, '荥经县', 3),
(2880, 338, '汉源县', 3),
(2881, 338, '石棉县', 3),
(2882, 338, '天全县', 3),
(2883, 338, '芦山县', 3),
(2884, 338, '宝兴县', 3),
(2885, 339, '翠屏区', 3),
(2886, 339, '宜宾县', 3),
(2887, 339, '南溪县', 3),
(2888, 339, '江安县', 3),
(2889, 339, '长宁县', 3),
(2890, 339, '高县', 3),
(2891, 339, '珙县', 3),
(2892, 339, '筠连县', 3),
(2893, 339, '兴文县', 3),
(2894, 339, '屏山县', 3),
(2895, 340, '雁江区', 3),
(2896, 340, '简阳市', 3),
(2897, 340, '安岳县', 3),
(2898, 340, '乐至县', 3),
(2899, 341, '大安区', 3),
(2900, 341, '自流井区', 3),
(2901, 341, '贡井区', 3),
(2902, 341, '沿滩区', 3),
(2903, 341, '荣县', 3),
(2904, 341, '富顺县', 3),
(2905, 342, '江阳区', 3),
(2906, 342, '纳溪区', 3),
(2907, 342, '龙马潭区', 3),
(2908, 342, '泸县', 3),
(2909, 342, '合江县', 3),
(2910, 342, '叙永县', 3),
(2911, 342, '古蔺县', 3),
(2912, 343, '和平区', 3),
(2913, 343, '河西区', 3),
(2914, 343, '南开区', 3),
(2915, 343, '河北区', 3),
(2916, 343, '河东区', 3),
(2917, 343, '红桥区', 3),
(2918, 343, '东丽区', 3),
(2919, 343, '津南区', 3),
(2920, 343, '西青区', 3),
(2921, 343, '北辰区', 3),
(2922, 343, '塘沽区', 3),
(2923, 343, '汉沽区', 3),
(2924, 343, '大港区', 3),
(2925, 343, '武清区', 3),
(2926, 343, '宝坻区', 3),
(2927, 343, '经济开发区', 3),
(2928, 343, '宁河县', 3),
(2929, 343, '静海县', 3),
(2930, 343, '蓟县', 3),
(2931, 344, '城关区', 3),
(2932, 344, '林周县', 3),
(2933, 344, '当雄县', 3),
(2934, 344, '尼木县', 3),
(2935, 344, '曲水县', 3),
(2936, 344, '堆龙德庆县', 3),
(2937, 344, '达孜县', 3),
(2938, 344, '墨竹工卡县', 3),
(2939, 345, '噶尔县', 3),
(2940, 345, '普兰县', 3),
(2941, 345, '札达县', 3),
(2942, 345, '日土县', 3),
(2943, 345, '革吉县', 3),
(2944, 345, '改则县', 3),
(2945, 345, '措勤县', 3),
(2946, 346, '昌都县', 3),
(2947, 346, '江达县', 3),
(2948, 346, '贡觉县', 3),
(2949, 346, '类乌齐县', 3),
(2950, 346, '丁青县', 3),
(2951, 346, '察雅县', 3),
(2952, 346, '八宿县', 3),
(2953, 346, '左贡县', 3),
(2954, 346, '芒康县', 3),
(2955, 346, '洛隆县', 3),
(2956, 346, '边坝县', 3),
(2957, 347, '林芝县', 3),
(2958, 347, '工布江达县', 3),
(2959, 347, '米林县', 3),
(2960, 347, '墨脱县', 3),
(2961, 347, '波密县', 3),
(2962, 347, '察隅县', 3),
(2963, 347, '朗县', 3),
(2964, 348, '那曲县', 3),
(2965, 348, '嘉黎县', 3),
(2966, 348, '比如县', 3),
(2967, 348, '聂荣县', 3),
(2968, 348, '安多县', 3),
(2969, 348, '申扎县', 3),
(2970, 348, '索县', 3),
(2971, 348, '班戈县', 3),
(2972, 348, '巴青县', 3),
(2973, 348, '尼玛县', 3),
(2974, 349, '日喀则市', 3),
(2975, 349, '南木林县', 3),
(2976, 349, '江孜县', 3),
(2977, 349, '定日县', 3),
(2978, 349, '萨迦县', 3),
(2979, 349, '拉孜县', 3),
(2980, 349, '昂仁县', 3),
(2981, 349, '谢通门县', 3),
(2982, 349, '白朗县', 3),
(2983, 349, '仁布县', 3),
(2984, 349, '康马县', 3),
(2985, 349, '定结县', 3),
(2986, 349, '仲巴县', 3),
(2987, 349, '亚东县', 3),
(2988, 349, '吉隆县', 3),
(2989, 349, '聂拉木县', 3),
(2990, 349, '萨嘎县', 3),
(2991, 349, '岗巴县', 3),
(2992, 350, '乃东县', 3),
(2993, 350, '扎囊县', 3),
(2994, 350, '贡嘎县', 3),
(2995, 350, '桑日县', 3),
(2996, 350, '琼结县', 3),
(2997, 350, '曲松县', 3),
(2998, 350, '措美县', 3),
(2999, 350, '洛扎县', 3),
(3000, 350, '加查县', 3),
(3001, 350, '隆子县', 3),
(3002, 350, '错那县', 3),
(3003, 350, '浪卡子县', 3),
(3004, 351, '天山区', 3),
(3005, 351, '沙依巴克区', 3),
(3006, 351, '新市区', 3),
(3007, 351, '水磨沟区', 3),
(3008, 351, '头屯河区', 3),
(3009, 351, '达坂城区', 3),
(3010, 351, '米东区', 3),
(3011, 351, '乌鲁木齐县', 3),
(3012, 352, '阿克苏市', 3),
(3013, 352, '温宿县', 3),
(3014, 352, '库车县', 3),
(3015, 352, '沙雅县', 3),
(3016, 352, '新和县', 3),
(3017, 352, '拜城县', 3),
(3018, 352, '乌什县', 3),
(3019, 352, '阿瓦提县', 3),
(3020, 352, '柯坪县', 3),
(3021, 353, '阿拉尔市', 3),
(3022, 354, '库尔勒市', 3),
(3023, 354, '轮台县', 3),
(3024, 354, '尉犁县', 3),
(3025, 354, '若羌县', 3),
(3026, 354, '且末县', 3),
(3027, 354, '焉耆', 3),
(3028, 354, '和静县', 3),
(3029, 354, '和硕县', 3),
(3030, 354, '博湖县', 3),
(3031, 355, '博乐市', 3),
(3032, 355, '精河县', 3),
(3033, 355, '温泉县', 3),
(3034, 356, '呼图壁县', 3),
(3035, 356, '米泉市', 3),
(3036, 356, '昌吉市', 3),
(3037, 356, '阜康市', 3),
(3038, 356, '玛纳斯县', 3),
(3039, 356, '奇台县', 3),
(3040, 356, '吉木萨尔县', 3),
(3041, 356, '木垒', 3),
(3042, 357, '哈密市', 3),
(3043, 357, '伊吾县', 3),
(3044, 357, '巴里坤', 3),
(3045, 358, '和田市', 3),
(3046, 358, '和田县', 3),
(3047, 358, '墨玉县', 3),
(3048, 358, '皮山县', 3),
(3049, 358, '洛浦县', 3),
(3050, 358, '策勒县', 3),
(3051, 358, '于田县', 3),
(3052, 358, '民丰县', 3),
(3053, 359, '喀什市', 3),
(3054, 359, '疏附县', 3),
(3055, 359, '疏勒县', 3),
(3056, 359, '英吉沙县', 3),
(3057, 359, '泽普县', 3),
(3058, 359, '莎车县', 3),
(3059, 359, '叶城县', 3),
(3060, 359, '麦盖提县', 3),
(3061, 359, '岳普湖县', 3),
(3062, 359, '伽师县', 3),
(3063, 359, '巴楚县', 3),
(3064, 359, '塔什库尔干', 3),
(3065, 360, '克拉玛依市', 3),
(3066, 361, '阿图什市', 3),
(3067, 361, '阿克陶县', 3),
(3068, 361, '阿合奇县', 3),
(3069, 361, '乌恰县', 3),
(3070, 362, '石河子市', 3),
(3071, 363, '图木舒克市', 3),
(3072, 364, '吐鲁番市', 3),
(3073, 364, '鄯善县', 3),
(3074, 364, '托克逊县', 3),
(3075, 365, '五家渠市', 3),
(3076, 366, '阿勒泰市', 3),
(3077, 366, '布克赛尔', 3),
(3078, 366, '伊宁市', 3),
(3079, 366, '布尔津县', 3),
(3080, 366, '奎屯市', 3),
(3081, 366, '乌苏市', 3),
(3082, 366, '额敏县', 3),
(3083, 366, '富蕴县', 3),
(3084, 366, '伊宁县', 3),
(3085, 366, '福海县', 3),
(3086, 366, '霍城县', 3),
(3087, 366, '沙湾县', 3),
(3088, 366, '巩留县', 3),
(3089, 366, '哈巴河县', 3),
(3090, 366, '托里县', 3),
(3091, 366, '青河县', 3),
(3092, 366, '新源县', 3),
(3093, 366, '裕民县', 3),
(3094, 366, '和布克赛尔', 3),
(3095, 366, '吉木乃县', 3),
(3096, 366, '昭苏县', 3),
(3097, 366, '特克斯县', 3),
(3098, 366, '尼勒克县', 3),
(3099, 366, '察布查尔', 3),
(3100, 367, '盘龙区', 3),
(3101, 367, '五华区', 3),
(3102, 367, '官渡区', 3),
(3103, 367, '西山区', 3),
(3104, 367, '东川区', 3),
(3105, 367, '安宁市', 3),
(3106, 367, '呈贡县', 3),
(3107, 367, '晋宁县', 3),
(3108, 367, '富民县', 3),
(3109, 367, '宜良县', 3),
(3110, 367, '嵩明县', 3),
(3111, 367, '石林县', 3),
(3112, 367, '禄劝', 3),
(3113, 367, '寻甸', 3),
(3114, 368, '兰坪', 3),
(3115, 368, '泸水县', 3),
(3116, 368, '福贡县', 3),
(3117, 368, '贡山', 3),
(3118, 369, '宁洱', 3),
(3119, 369, '思茅区', 3),
(3120, 369, '墨江', 3),
(3121, 369, '景东', 3),
(3122, 369, '景谷', 3),
(3123, 369, '镇沅', 3),
(3124, 369, '江城', 3),
(3125, 369, '孟连', 3),
(3126, 369, '澜沧', 3),
(3127, 369, '西盟', 3),
(3128, 370, '古城区', 3),
(3129, 370, '宁蒗', 3),
(3130, 370, '玉龙', 3),
(3131, 370, '永胜县', 3),
(3132, 370, '华坪县', 3),
(3133, 371, '隆阳区', 3),
(3134, 371, '施甸县', 3),
(3135, 371, '腾冲县', 3),
(3136, 371, '龙陵县', 3),
(3137, 371, '昌宁县', 3),
(3138, 372, '楚雄市', 3),
(3139, 372, '双柏县', 3),
(3140, 372, '牟定县', 3),
(3141, 372, '南华县', 3),
(3142, 372, '姚安县', 3),
(3143, 372, '大姚县', 3),
(3144, 372, '永仁县', 3),
(3145, 372, '元谋县', 3),
(3146, 372, '武定县', 3),
(3147, 372, '禄丰县', 3),
(3148, 373, '大理市', 3),
(3149, 373, '祥云县', 3),
(3150, 373, '宾川县', 3),
(3151, 373, '弥渡县', 3),
(3152, 373, '永平县', 3),
(3153, 373, '云龙县', 3),
(3154, 373, '洱源县', 3),
(3155, 373, '剑川县', 3),
(3156, 373, '鹤庆县', 3),
(3157, 373, '漾濞', 3),
(3158, 373, '南涧', 3),
(3159, 373, '巍山', 3),
(3160, 374, '潞西市', 3),
(3161, 374, '瑞丽市', 3),
(3162, 374, '梁河县', 3),
(3163, 374, '盈江县', 3),
(3164, 374, '陇川县', 3),
(3165, 375, '香格里拉县', 3),
(3166, 375, '德钦县', 3),
(3167, 375, '维西', 3),
(3168, 376, '泸西县', 3),
(3169, 376, '蒙自县', 3),
(3170, 376, '个旧市', 3),
(3171, 376, '开远市', 3),
(3172, 376, '绿春县', 3),
(3173, 376, '建水县', 3),
(3174, 376, '石屏县', 3),
(3175, 376, '弥勒县', 3),
(3176, 376, '元阳县', 3),
(3177, 376, '红河县', 3),
(3178, 376, '金平', 3),
(3179, 376, '河口', 3),
(3180, 376, '屏边', 3),
(3181, 377, '临翔区', 3),
(3182, 377, '凤庆县', 3),
(3183, 377, '云县', 3),
(3184, 377, '永德县', 3),
(3185, 377, '镇康县', 3),
(3186, 377, '双江', 3),
(3187, 377, '耿马', 3),
(3188, 377, '沧源', 3),
(3189, 378, '麒麟区', 3),
(3190, 378, '宣威市', 3),
(3191, 378, '马龙县', 3),
(3192, 378, '陆良县', 3),
(3193, 378, '师宗县', 3),
(3194, 378, '罗平县', 3),
(3195, 378, '富源县', 3),
(3196, 378, '会泽县', 3),
(3197, 378, '沾益县', 3),
(3198, 379, '文山县', 3),
(3199, 379, '砚山县', 3),
(3200, 379, '西畴县', 3),
(3201, 379, '麻栗坡县', 3),
(3202, 379, '马关县', 3),
(3203, 379, '丘北县', 3),
(3204, 379, '广南县', 3),
(3205, 379, '富宁县', 3),
(3206, 380, '景洪市', 3),
(3207, 380, '勐海县', 3),
(3208, 380, '勐腊县', 3),
(3209, 381, '红塔区', 3),
(3210, 381, '江川县', 3),
(3211, 381, '澄江县', 3),
(3212, 381, '通海县', 3),
(3213, 381, '华宁县', 3),
(3214, 381, '易门县', 3),
(3215, 381, '峨山', 3),
(3216, 381, '新平', 3),
(3217, 381, '元江', 3),
(3218, 382, '昭阳区', 3),
(3219, 382, '鲁甸县', 3),
(3220, 382, '巧家县', 3),
(3221, 382, '盐津县', 3),
(3222, 382, '大关县', 3),
(3223, 382, '永善县', 3),
(3224, 382, '绥江县', 3),
(3225, 382, '镇雄县', 3),
(3226, 382, '彝良县', 3),
(3227, 382, '威信县', 3),
(3228, 382, '水富县', 3),
(3229, 383, '西湖区', 3),
(3230, 383, '上城区', 3),
(3231, 383, '下城区', 3),
(3232, 383, '拱墅区', 3),
(3233, 383, '滨江区', 3),
(3234, 383, '江干区', 3),
(3235, 383, '萧山区', 3),
(3236, 383, '余杭区', 3),
(3237, 383, '市郊', 3),
(3238, 383, '建德市', 3),
(3239, 383, '富阳市', 3),
(3240, 383, '临安市', 3),
(3241, 383, '桐庐县', 3),
(3242, 383, '淳安县', 3),
(3243, 384, '吴兴区', 3),
(3244, 384, '南浔区', 3),
(3245, 384, '德清县', 3),
(3246, 384, '长兴县', 3),
(3247, 384, '安吉县', 3),
(3248, 385, '南湖区', 3),
(3249, 385, '秀洲区', 3),
(3250, 385, '海宁市', 3),
(3251, 385, '嘉善县', 3),
(3252, 385, '平湖市', 3),
(3253, 385, '桐乡市', 3),
(3254, 385, '海盐县', 3),
(3255, 386, '婺城区', 3),
(3256, 386, '金东区', 3),
(3257, 386, '兰溪市', 3),
(3258, 386, '市区', 3),
(3259, 386, '佛堂镇', 3),
(3260, 386, '上溪镇', 3),
(3261, 386, '义亭镇', 3),
(3262, 386, '大陈镇', 3),
(3263, 386, '苏溪镇', 3),
(3264, 386, '赤岸镇', 3),
(3265, 386, '东阳市', 3),
(3266, 386, '永康市', 3),
(3267, 386, '武义县', 3),
(3268, 386, '浦江县', 3),
(3269, 386, '磐安县', 3),
(3270, 387, '莲都区', 3),
(3271, 387, '龙泉市', 3),
(3272, 387, '青田县', 3),
(3273, 387, '缙云县', 3),
(3274, 387, '遂昌县', 3),
(3275, 387, '松阳县', 3),
(3276, 387, '云和县', 3),
(3277, 387, '庆元县', 3),
(3278, 387, '景宁', 3),
(3279, 388, '海曙区', 3),
(3280, 388, '江东区', 3),
(3281, 388, '江北区', 3),
(3282, 388, '镇海区', 3),
(3283, 388, '北仑区', 3),
(3284, 388, '鄞州区', 3),
(3285, 388, '余姚市', 3),
(3286, 388, '慈溪市', 3),
(3287, 388, '奉化市', 3),
(3288, 388, '象山县', 3),
(3289, 388, '宁海县', 3),
(3290, 389, '越城区', 3),
(3291, 389, '上虞市', 3),
(3292, 389, '嵊州市', 3),
(3293, 389, '绍兴县', 3),
(3294, 389, '新昌县', 3),
(3295, 389, '诸暨市', 3),
(3296, 390, '椒江区', 3),
(3297, 390, '黄岩区', 3),
(3298, 390, '路桥区', 3),
(3299, 390, '温岭市', 3),
(3300, 390, '临海市', 3),
(3301, 390, '玉环县', 3),
(3302, 390, '三门县', 3),
(3303, 390, '天台县', 3),
(3304, 390, '仙居县', 3),
(3305, 391, '鹿城区', 3),
(3306, 391, '龙湾区', 3),
(3307, 391, '瓯海区', 3),
(3308, 391, '瑞安市', 3),
(3309, 391, '乐清市', 3),
(3310, 391, '洞头县', 3),
(3311, 391, '永嘉县', 3),
(3312, 391, '平阳县', 3),
(3313, 391, '苍南县', 3),
(3314, 391, '文成县', 3),
(3315, 391, '泰顺县', 3),
(3316, 392, '定海区', 3),
(3317, 392, '普陀区', 3),
(3318, 392, '岱山县', 3),
(3319, 392, '嵊泗县', 3),
(3320, 393, '衢州市', 3),
(3321, 393, '江山市', 3),
(3322, 393, '常山县', 3),
(3323, 393, '开化县', 3),
(3324, 393, '龙游县', 3),
(3325, 394, '合川区', 3),
(3326, 394, '江津区', 3),
(3327, 394, '南川区', 3),
(3328, 394, '永川区', 3),
(3329, 394, '南岸区', 3),
(3330, 394, '渝北区', 3),
(3331, 394, '万盛区', 3),
(3332, 394, '大渡口区', 3),
(3333, 394, '万州区', 3),
(3334, 394, '北碚区', 3),
(3335, 394, '沙坪坝区', 3),
(3336, 394, '巴南区', 3),
(3337, 394, '涪陵区', 3),
(3338, 394, '江北区', 3),
(3339, 394, '九龙坡区', 3),
(3340, 394, '渝中区', 3),
(3341, 394, '黔江开发区', 3),
(3342, 394, '长寿区', 3),
(3343, 394, '双桥区', 3),
(3344, 394, '綦江县', 3),
(3345, 394, '潼南县', 3),
(3346, 394, '铜梁县', 3),
(3347, 394, '大足县', 3),
(3348, 394, '荣昌县', 3),
(3349, 394, '璧山县', 3),
(3350, 394, '垫江县', 3),
(3351, 394, '武隆县', 3),
(3352, 394, '丰都县', 3),
(3353, 394, '城口县', 3),
(3354, 394, '梁平县', 3),
(3355, 394, '开县', 3),
(3356, 394, '巫溪县', 3),
(3357, 394, '巫山县', 3),
(3358, 394, '奉节县', 3),
(3359, 394, '云阳县', 3),
(3360, 394, '忠县', 3),
(3361, 394, '石柱', 3),
(3362, 394, '彭水', 3),
(3363, 394, '酉阳', 3),
(3364, 394, '秀山', 3),
(3365, 395, '沙田区', 3),
(3366, 395, '东区', 3),
(3367, 395, '观塘区', 3),
(3368, 395, '黄大仙区', 3),
(3369, 395, '九龙城区', 3),
(3370, 395, '屯门区', 3),
(3371, 395, '葵青区', 3),
(3372, 395, '元朗区', 3),
(3373, 395, '深水埗区', 3),
(3374, 395, '西贡区', 3),
(3375, 395, '大埔区', 3),
(3376, 395, '湾仔区', 3),
(3377, 395, '油尖旺区', 3),
(3378, 395, '北区', 3),
(3379, 395, '南区', 3),
(3380, 395, '荃湾区', 3),
(3381, 395, '中西区', 3),
(3382, 395, '离岛区', 3),
(3383, 396, '澳门', 3),
(3384, 397, '台北', 3),
(3385, 397, '高雄', 3),
(3386, 397, '基隆', 3),
(3387, 397, '台中', 3),
(3388, 397, '台南', 3),
(3389, 397, '新竹', 3),
(3390, 397, '嘉义', 3),
(3391, 397, '宜兰县', 3),
(3392, 397, '桃园县', 3),
(3393, 397, '苗栗县', 3),
(3394, 397, '彰化县', 3),
(3395, 397, '南投县', 3),
(3396, 397, '云林县', 3),
(3397, 397, '屏东县', 3),
(3398, 397, '台东县', 3),
(3399, 397, '花莲县', 3),
(3400, 397, '澎湖县', 3),
(3401, 3, '合肥', 2),
(3402, 3401, '庐阳区', 3),
(3403, 3401, '瑶海区', 3),
(3404, 3401, '蜀山区', 3),
(3405, 3401, '包河区', 3),
(3406, 3401, '长丰县', 3),
(3407, 3401, '肥东县', 3),
(3408, 3401, '肥西县', 3),
(3426, 1, 'www', 2),
(601, 61, '南靖县', 3),
(602, 61, '平和县', 3),
(603, 61, '华安县', 3),
(604, 62, '皋兰县', 3),
(605, 62, '城关区', 3),
(606, 62, '七里河区', 3),
(607, 62, '西固区', 3),
(608, 62, '安宁区', 3),
(609, 62, '红古区', 3),
(610, 62, '永登县', 3),
(611, 62, '榆中县', 3),
(612, 63, '白银区', 3),
(613, 63, '平川区', 3),
(614, 63, '会宁县', 3),
(615, 63, '景泰县', 3),
(616, 63, '靖远县', 3),
(617, 64, '临洮县', 3),
(618, 64, '陇西县', 3),
(619, 64, '通渭县', 3),
(620, 64, '渭源县', 3),
(621, 64, '漳县', 3),
(622, 64, '岷县', 3),
(623, 64, '安定区', 3),
(624, 64, '安定区', 3),
(625, 65, '合作市', 3),
(626, 65, '临潭县', 3),
(627, 65, '卓尼县', 3),
(628, 65, '舟曲县', 3),
(629, 65, '迭部县', 3),
(630, 65, '玛曲县', 3),
(631, 65, '碌曲县', 3),
(632, 65, '夏河县', 3),
(633, 66, '嘉峪关市', 3),
(634, 67, '金川区', 3),
(635, 67, '永昌县', 3),
(636, 68, '肃州区', 3),
(637, 68, '玉门市', 3),
(638, 68, '敦煌市', 3),
(639, 68, '金塔县', 3),
(640, 68, '瓜州县', 3),
(641, 68, '肃北', 3),
(642, 68, '阿克塞', 3),
(643, 69, '临夏市', 3),
(644, 69, '临夏县', 3),
(645, 69, '康乐县', 3),
(646, 69, '永靖县', 3),
(647, 69, '广河县', 3),
(648, 69, '和政县', 3),
(649, 69, '东乡族自治县', 3),
(650, 69, '积石山', 3),
(651, 70, '成县', 3),
(652, 70, '徽县', 3),
(653, 70, '康县', 3),
(654, 70, '礼县', 3),
(655, 70, '两当县', 3),
(656, 70, '文县', 3),
(657, 70, '西和县', 3),
(658, 70, '宕昌县', 3),
(659, 70, '武都区', 3),
(660, 71, '崇信县', 3),
(661, 71, '华亭县', 3),
(662, 71, '静宁县', 3),
(663, 71, '灵台县', 3),
(664, 71, '崆峒区', 3),
(665, 71, '庄浪县', 3),
(666, 71, '泾川县', 3),
(667, 72, '合水县', 3),
(668, 72, '华池县', 3),
(669, 72, '环县', 3),
(670, 72, '宁县', 3),
(671, 72, '庆城县', 3),
(672, 72, '西峰区', 3),
(673, 72, '镇原县', 3),
(674, 72, '正宁县', 3),
(675, 73, '甘谷县', 3),
(676, 73, '秦安县', 3),
(677, 73, '清水县', 3),
(678, 73, '秦州区', 3),
(679, 73, '麦积区', 3),
(680, 73, '武山县', 3),
(681, 73, '张家川', 3),
(682, 74, '古浪县', 3),
(683, 74, '民勤县', 3),
(684, 74, '天祝', 3),
(685, 74, '凉州区', 3),
(686, 75, '高台县', 3),
(687, 75, '临泽县', 3),
(688, 75, '民乐县', 3),
(689, 75, '山丹县', 3),
(690, 75, '肃南', 3),
(691, 75, '甘州区', 3),
(692, 76, '从化市', 3),
(693, 76, '天河区', 3),
(694, 76, '东山区', 3),
(695, 76, '白云区', 3),
(696, 76, '海珠区', 3),
(697, 76, '荔湾区', 3),
(698, 76, '越秀区', 3),
(699, 76, '黄埔区', 3),
(700, 76, '番禺区', 3),
(701, 76, '花都区', 3),
(702, 76, '增城区', 3),
(703, 76, '从化区', 3),
(704, 76, '市郊', 3),
(705, 77, '福田区', 3),
(706, 77, '罗湖区', 3),
(707, 77, '南山区', 3),
(708, 77, '宝安区', 3),
(709, 77, '龙岗区', 3),
(710, 77, '盐田区', 3),
(711, 78, '湘桥区', 3),
(712, 78, '潮安县', 3),
(713, 78, '饶平县', 3),
(714, 79, '南城区', 3),
(715, 79, '东城区', 3),
(716, 79, '万江区', 3),
(717, 79, '莞城区', 3),
(718, 79, '石龙镇', 3),
(719, 79, '虎门镇', 3),
(720, 79, '麻涌镇', 3),
(721, 79, '道滘镇', 3),
(722, 79, '石碣镇', 3),
(723, 79, '沙田镇', 3),
(724, 79, '望牛墩镇', 3),
(725, 79, '洪梅镇', 3),
(726, 79, '茶山镇', 3),
(727, 79, '寮步镇', 3),
(728, 79, '大岭山镇', 3),
(729, 79, '大朗镇', 3),
(730, 79, '黄江镇', 3),
(731, 79, '樟木头', 3),
(732, 79, '凤岗镇', 3),
(733, 79, '塘厦镇', 3),
(734, 79, '谢岗镇', 3),
(735, 79, '厚街镇', 3),
(736, 79, '清溪镇', 3),
(737, 79, '常平镇', 3),
(738, 79, '桥头镇', 3),
(739, 79, '横沥镇', 3),
(740, 79, '东坑镇', 3),
(741, 79, '企石镇', 3),
(742, 79, '石排镇', 3),
(743, 79, '长安镇', 3),
(744, 79, '中堂镇', 3),
(745, 79, '高埗镇', 3),
(746, 80, '禅城区', 3),
(747, 80, '南海区', 3),
(748, 80, '顺德区', 3),
(749, 80, '三水区', 3),
(750, 80, '高明区', 3),
(751, 81, '东源县', 3),
(752, 81, '和平县', 3),
(753, 81, '源城区', 3),
(754, 81, '连平县', 3),
(755, 81, '龙川县', 3),
(756, 81, '紫金县', 3),
(757, 82, '惠阳区', 3),
(758, 82, '惠城区', 3),
(759, 82, '大亚湾', 3),
(760, 82, '博罗县', 3),
(761, 82, '惠东县', 3),
(762, 82, '龙门县', 3),
(763, 83, '江海区', 3),
(764, 83, '蓬江区', 3),
(765, 83, '新会区', 3),
(766, 83, '台山市', 3),
(767, 83, '开平市', 3),
(768, 83, '鹤山市', 3),
(769, 83, '恩平市', 3),
(770, 84, '榕城区', 3),
(771, 84, '普宁市', 3),
(772, 84, '揭东县', 3),
(773, 84, '揭西县', 3),
(774, 84, '惠来县', 3),
(775, 85, '茂南区', 3),
(776, 85, '茂港区', 3),
(777, 85, '高州市', 3),
(778, 85, '化州市', 3),
(779, 85, '信宜市', 3),
(780, 85, '电白县', 3),
(781, 86, '梅县', 3),
(782, 86, '梅江区', 3),
(783, 86, '兴宁市', 3),
(784, 86, '大埔县', 3),
(785, 86, '丰顺县', 3),
(786, 86, '五华县', 3),
(787, 86, '平远县', 3),
(788, 86, '蕉岭县', 3),
(789, 87, '清城区', 3),
(790, 87, '英德市', 3),
(791, 87, '连州市', 3),
(792, 87, '佛冈县', 3),
(793, 87, '阳山县', 3),
(794, 87, '清新县', 3),
(795, 87, '连山', 3),
(796, 87, '连南', 3),
(797, 88, '南澳县', 3),
(798, 88, '潮阳区', 3),
(799, 88, '澄海区', 3),
(800, 88, '龙湖区', 3),
(801, 88, '金平区', 3),
(802, 88, '濠江区', 3),
(803, 88, '潮南区', 3),
(804, 89, '城区', 3),
(805, 89, '陆丰市', 3),
(806, 89, '海丰县', 3),
(807, 89, '陆河县', 3),
(808, 90, '曲江县', 3),
(809, 90, '浈江区', 3),
(810, 90, '武江区', 3),
(811, 90, '曲江区', 3),
(812, 90, '乐昌市', 3),
(813, 90, '南雄市', 3),
(814, 90, '始兴县', 3),
(815, 90, '仁化县', 3),
(816, 90, '翁源县', 3),
(817, 90, '新丰县', 3),
(818, 90, '乳源', 3),
(819, 91, '江城区', 3),
(820, 91, '阳春市', 3),
(821, 91, '阳西县', 3),
(822, 91, '阳东县', 3),
(823, 92, '云城区', 3),
(824, 92, '罗定市', 3),
(825, 92, '新兴县', 3),
(826, 92, '郁南县', 3),
(827, 92, '云安县', 3),
(828, 93, '赤坎区', 3),
(829, 93, '霞山区', 3),
(830, 93, '坡头区', 3),
(831, 93, '麻章区', 3),
(832, 93, '廉江市', 3),
(833, 93, '雷州市', 3),
(834, 93, '吴川市', 3),
(835, 93, '遂溪县', 3),
(836, 93, '徐闻县', 3),
(837, 94, '肇庆市', 3),
(838, 94, '高要市', 3),
(839, 94, '四会市', 3),
(840, 94, '广宁县', 3),
(841, 94, '怀集县', 3),
(842, 94, '封开县', 3),
(843, 94, '德庆县', 3),
(844, 95, '石岐街道', 3),
(845, 95, '东区街道', 3),
(846, 95, '西区街道', 3),
(847, 95, '环城街道', 3),
(848, 95, '中山港街道', 3),
(849, 95, '五桂山街道', 3),
(850, 96, '香洲区', 3),
(851, 96, '斗门区', 3),
(852, 96, '金湾区', 3),
(853, 97, '邕宁区', 3),
(854, 97, '青秀区', 3),
(855, 97, '兴宁区', 3),
(856, 97, '良庆区', 3),
(857, 97, '西乡塘区', 3),
(858, 97, '江南区', 3),
(859, 97, '武鸣县', 3),
(860, 97, '隆安县', 3),
(861, 97, '马山县', 3),
(862, 97, '上林县', 3),
(863, 97, '宾阳县', 3),
(864, 97, '横县', 3),
(865, 98, '秀峰区', 3),
(866, 98, '叠彩区', 3),
(867, 98, '象山区', 3),
(868, 98, '七星区', 3),
(869, 98, '雁山区', 3),
(870, 98, '阳朔县', 3),
(871, 98, '临桂县', 3),
(872, 98, '灵川县', 3),
(873, 98, '全州县', 3),
(874, 98, '平乐县', 3),
(875, 98, '兴安县', 3),
(876, 98, '灌阳县', 3),
(877, 98, '荔浦县', 3),
(878, 98, '资源县', 3),
(879, 98, '永福县', 3),
(880, 98, '龙胜', 3),
(881, 98, '恭城', 3),
(882, 99, '右江区', 3),
(883, 99, '凌云县', 3),
(884, 99, '平果县', 3),
(885, 99, '西林县', 3),
(886, 99, '乐业县', 3),
(887, 99, '德保县', 3),
(888, 99, '田林县', 3),
(889, 99, '田阳县', 3),
(890, 99, '靖西县', 3),
(891, 99, '田东县', 3),
(892, 99, '那坡县', 3),
(893, 99, '隆林', 3),
(894, 100, '海城区', 3),
(895, 100, '银海区', 3),
(896, 100, '铁山港区', 3),
(897, 100, '合浦县', 3),
(898, 101, '江州区', 3),
(899, 101, '凭祥市', 3),
(900, 101, '宁明县', 3),
(901, 101, '扶绥县', 3),
(902, 101, '龙州县', 3),
(903, 101, '大新县', 3),
(904, 101, '天等县', 3),
(905, 102, '港口区', 3),
(906, 102, '防城区', 3),
(907, 102, '东兴市', 3),
(908, 102, '上思县', 3),
(909, 103, '港北区', 3),
(910, 103, '港南区', 3),
(911, 103, '覃塘区', 3),
(912, 103, '桂平市', 3),
(913, 103, '平南县', 3),
(914, 104, '金城江区', 3),
(915, 104, '宜州市', 3),
(916, 104, '天峨县', 3),
(917, 104, '凤山县', 3),
(918, 104, '南丹县', 3),
(919, 104, '东兰县', 3),
(920, 104, '都安', 3),
(921, 104, '罗城', 3),
(922, 104, '巴马', 3),
(923, 104, '环江', 3),
(924, 104, '大化', 3),
(925, 105, '八步区', 3),
(926, 105, '钟山县', 3),
(927, 105, '昭平县', 3),
(928, 105, '富川', 3),
(929, 106, '兴宾区', 3),
(930, 106, '合山市', 3),
(931, 106, '象州县', 3),
(932, 106, '武宣县', 3),
(933, 106, '忻城县', 3),
(934, 106, '金秀', 3),
(935, 107, '城中区', 3),
(936, 107, '鱼峰区', 3),
(937, 107, '柳北区', 3),
(938, 107, '柳南区', 3),
(939, 107, '柳江县', 3),
(940, 107, '柳城县', 3),
(941, 107, '鹿寨县', 3),
(942, 107, '融安县', 3),
(943, 107, '融水', 3),
(944, 107, '三江', 3),
(945, 108, '钦南区', 3),
(946, 108, '钦北区', 3),
(947, 108, '灵山县', 3),
(948, 108, '浦北县', 3),
(949, 109, '万秀区', 3),
(950, 109, '蝶山区', 3),
(951, 109, '长洲区', 3),
(952, 109, '岑溪市', 3),
(953, 109, '苍梧县', 3),
(954, 109, '藤县', 3),
(955, 109, '蒙山县', 3),
(956, 110, '玉州区', 3),
(957, 110, '北流市', 3),
(958, 110, '容县', 3),
(959, 110, '陆川县', 3),
(960, 110, '博白县', 3),
(961, 110, '兴业县', 3),
(962, 111, '南明区', 3),
(963, 111, '云岩区', 3),
(964, 111, '花溪区', 3),
(965, 111, '乌当区', 3),
(966, 111, '白云区', 3),
(967, 111, '小河区', 3),
(968, 111, '金阳新区', 3),
(969, 111, '新天园区', 3),
(970, 111, '清镇市', 3),
(971, 111, '开阳县', 3),
(972, 111, '修文县', 3),
(973, 111, '息烽县', 3),
(974, 112, '西秀区', 3),
(975, 112, '关岭', 3),
(976, 112, '镇宁', 3),
(977, 112, '紫云', 3),
(978, 112, '平坝县', 3),
(979, 112, '普定县', 3),
(980, 113, '毕节市', 3),
(981, 113, '大方县', 3),
(982, 113, '黔西县', 3),
(983, 113, '金沙县', 3),
(984, 113, '织金县', 3),
(985, 113, '纳雍县', 3),
(986, 113, '赫章县', 3),
(987, 113, '威宁', 3),
(988, 114, '钟山区', 3),
(989, 114, '六枝特区', 3),
(990, 114, '水城县', 3),
(991, 114, '盘县', 3),
(992, 115, '凯里市', 3),
(993, 115, '黄平县', 3),
(994, 115, '施秉县', 3),
(995, 115, '三穗县', 3),
(996, 115, '镇远县', 3),
(997, 115, '岑巩县', 3),
(998, 115, '天柱县', 3),
(999, 115, '锦屏县', 3),
(1000, 115, '剑河县', 3),
(1001, 115, '台江县', 3),
(1002, 115, '黎平县', 3),
(1003, 115, '榕江县', 3),
(1004, 115, '从江县', 3),
(1005, 115, '雷山县', 3),
(1006, 115, '麻江县', 3),
(1007, 115, '丹寨县', 3),
(1008, 116, '都匀市', 3),
(1009, 116, '福泉市', 3),
(1010, 116, '荔波县', 3),
(1011, 116, '贵定县', 3),
(1012, 116, '瓮安县', 3),
(1013, 116, '独山县', 3),
(1014, 116, '平塘县', 3),
(1015, 116, '罗甸县', 3),
(1016, 116, '长顺县', 3),
(1017, 116, '龙里县', 3),
(1018, 116, '惠水县', 3),
(1019, 116, '三都', 3),
(1020, 117, '兴义市', 3);

-- --------------------------------------------------------

--
-- 表的结构 `yang_article`
--

CREATE TABLE `yang_article` (
  `article_id` int(32) NOT NULL,
  `position_id` int(32) NOT NULL,
  `title` varchar(64) NOT NULL,
  `content` mediumtext NOT NULL,
  `add_time` varchar(32) NOT NULL,
  `status` tinyint(4) NOT NULL,
  `type` varchar(32) NOT NULL,
  `sign` int(4) NOT NULL
) ENGINE=MyISAM DEFAULT CHARSET=utf8;

--
-- 转存表中的数据 `yang_article`
--

INSERT INTO `yang_article` (`article_id`, `position_id`, `title`, `content`, `add_time`, `status`, `type`, `sign`) VALUES
(27, 1, '发生的发生多岁的', '&lt;p&gt;\r\n	&lt;span style=&quot;font-size:14px;&quot;&gt;亲爱的元宝网用户：&lt;/span&gt; \r\n&lt;/p&gt;\r\n&lt;p&gt;\r\n	&lt;span style=&quot;font-size:14px;&quot;&gt; &lt;/span&gt;&lt;span style=&quot;font-size:14px;&quot;&gt; &lt;/span&gt;&lt;span style=&quot;font-siz', '1458026416', 0, '', 1),
(132, 1, '元宝网币币交易全新改版啦！', '&lt;span style=&quot;font-size:14px;&quot;&gt;&amp;nbsp;&lt;/span&gt;&lt;span style=&quot;font-size:14px;&quot;&gt;元宝网币币交易全新改版啦！&lt;/span&gt; \r\n&lt;p&gt;\r\n	&lt;span style=&quot;font-size:14px;&quot;&gt;&amp;nbsp;&amp;nbsp;&amp;nbsp;&amp;nbsp;&lt;/span&gt;&lt;span style=&quot;font-size:14px;&quot;&gt;&amp;nbsp;&amp;nbsp;&amp;nbsp;&amp;nbsp;&lt;/span&gt;&lt;span style=&quot;font-size:14px;&quot;&gt;全新的排版布局和数据展示方式，为你呈现更清晰直观的交易动态，及时把握市场行情，获取最大利益。&lt;/span&gt; \r\n&lt;/p&gt;\r\n&lt;p&gt;\r\n	&lt;span style=&quot;line-height:1.5;&quot;&gt;&lt;span style=&quot;font-size:14px;&quot;&gt;&amp;nbsp;&amp;nbsp;&amp;nbsp;&amp;nbsp;&lt;/span&gt;&lt;span style=&quot;font-size:14px;&quot;&gt;&amp;nbsp;&amp;nbsp;&amp;nbsp;&amp;nbsp;&lt;/span&gt;&lt;span style=&quot;font-size:14px;&quot;&gt;申请上币请发送相关资料至邮箱：&lt;/span&gt;&lt;strong&gt;&lt;span style=&quot;font-size:14px;&quot;&gt;shangbi@yuanbao.com&lt;/span&gt;&lt;/strong&gt;&lt;span style=&quot;font-size:14px;&quot;&gt;，元宝网收到邮件后会发送上币申请表，请耐心等待！&lt;/span&gt;&lt;/span&gt; \r\n&lt;/p&gt;\r\n&', '1458028654', 0, '', 1),
(34, 1, '测试标红', '&lt;p&gt;\r\n	我来测试是否标红&amp;nbsp;&amp;nbsp;&amp;nbsp;\r\n&lt;/p&gt;\r\n&lt;p&gt;\r\n	&lt;br /&gt;\r\n&lt;/p&gt;\r\n&lt;p&gt;\r\n	&lt;br /&gt;\r\n&lt;/p&gt;\r\n&lt;p&gt;\r\n	&lt;br /&gt;\r\n&lt;/p&gt;\r\n&lt;p&gt;\r\n	&lt;br /&gt;\r\n&lt;/p&gt;\r\n&lt;p&gt;\r\n	&lt;br /&gt;\r\n&lt;/p&gt;\r\n&lt;p&gt;\r\n	&lt;br /&gt;\r\n&lt;/p&gt;\r\n&lt;p&gt;\r\n	&amp;nbsp;&amp;nbsp;&amp;nbsp;&amp;nbsp;&amp;nbsp;&amp;nbsp;&amp;nbsp;&amp;nbsp;&amp;nbsp;&amp;nbsp;&amp;nbsp;&amp;nbsp;&amp;nbsp;&amp;nbsp;&amp;nbsp;&amp;nbsp;&amp;nbsp;&amp;nbsp;&amp;nbsp;&amp;nbsp;&amp;nbsp;&amp;nbsp;&amp;nbsp;&amp;nbsp;&amp;nbsp;&amp;nbsp;&amp;nbsp;&amp;nbsp;&amp;nbsp;&amp;nbsp;&amp;nbsp;&amp;nbsp;&amp;nbsp;&amp;nbsp;&amp;nbsp;&amp;nbsp;&amp;nbsp;&amp;nbsp;&amp;nbsp;&amp;nbsp;&amp;nbsp;&amp;nbsp;&amp;nbsp;&amp;nbsp;&amp;nbsp;&amp;nbsp;&amp;nbsp;&amp;nbsp;&amp;nbsp;&amp;nbsp;&amp;nbsp;&amp;nbsp;&amp;nbsp;&amp;nbsp;&amp;nbsp;&amp;nbsp;&amp;nbsp;&amp;nbsp;&amp;nbsp;&amp;nbsp;&amp;nbsp;&amp;nbsp;&amp;nbsp; 3月16\r\n&lt;/p&gt;', '1458098396', 0, '', 1),
(42, 1, '服务条款', '<h3>\r\n	第一条 服务条款的确认与接纳\r\n</h3>\r\n<p>\r\n	（一）以下所述条款和条件即构成您与元宝网平台就使用服务所达成的协议。当您完成注册并在本服务条款前方囗打√时，即表示双方已就服务条款\r\n达成一致意见，该服务协议对您及本网具有约束力，包括但不限于本协议、元宝网平台会员服务协议和隐私权政策等。如果您不同意接受全部的条款和条件，请不要\r\n在口打√，此时，双方未就服务条款达成一致意见，该服务协议对您及本网不具有约束力，本网亦无义务向您提供元宝网平台的服务。\r\n</p>\r\n<p>\r\n	（二）在合同有效期内，元宝网平台有权随时修改本协议条款和条件，在其网站公布后即行对您及本网具有约束力。在元宝网平台修改服务条款后，您继续使用服务应被视作您已接受了修改后的条款。\r\n</p>\r\n<p>\r\n	（三）除非得到元宝网平台的书面授权，任何人将不得修改本协议。\r\n</p>\r\n<p>\r\n	（四）元宝网平台提供的网络服务的所有权和最终解释权归元宝网络交易有限公司（香港）所有。 本协议中，被许可使用元宝网平台服务的用户均简称为“用户”。\r\n</p>\r\n<h3>\r\n	第二条 服务内容\r\n</h3>\r\n<p>\r\n	（一）在用户同意遵守本协议条款前提下，用户有权在元宝网平台网站指定位置上发布符合中国各项法律、法规（含行政法规及地方法规、自治条例和单行条例、规章）及包括部门规章、地方规章、决定、命令等在内的其他各类规范性文件以及元宝网平台网站服务条款要求的信息。\r\n</p>\r\n<p>\r\n	（二）元宝网平台运用自己的操作系统通过国际互联网络为用户顺利实现在元宝网平台网站的信息发布提供服务。\r\n</p>\r\n<h3>\r\n	第三条 用户权利义务\r\n</h3>\r\n<p>\r\n	（一）用户有权在元宝网平台网站指定位置上发布符合中国各项法律、法规（含行政法规及地方法规、自治条例和单行条例、规章）及包括部门规\r\n章、地方规章、决定、命令等在内的其他各类规范性文件以及元宝网平台网站服务条款要求的信息，并依据本平台服务规则享受元宝网平台提供的各项服务。\r\n</p>\r\n<p>\r\n	（二）用户有义务保证其发布的信息符合法律、法规（含行政法规及地方法规、自治条例和单行条例、规章）及包括部门规章、地方规章、决定、命\r\n令等在内的其他各类规范性文件及元宝网平台网站的相关服务规则，并及时对已发布的信息进行维护和管理。因用户发布的信息不合法产生任何争议，均由用户自己\r\n负责，与本平台不存在任何关系。\r\n</p>\r\n<p>\r\n	（三）考虑到元宝网平台产品服务的重要性，用户有义务保证其提供的所有信息（包括但不限于个人注册信息、 \r\n发布的项目信息等）真实、准确，无重大遗漏或误导。如因用户提供的信息不准确，不真实，不合法有效或有重大遗漏或误导，元宝网平台保留结束用户使用元宝网\r\n平台各项服务的权利，同时用户应赔偿因此造成的一切损失。\r\n</p>\r\n<p>\r\n	（四）除元宝网平台规定的条件外，用户因其在元宝网平台网站的信息发布行为而达成的交易，应当与交易对方约定具体交易条件并完成交易。同时，用户明确知道，自己应当对元宝网平台上发布的项目做出独立的投资判断，元宝网平台不对用户的投资判断承担任何责任。\r\n</p>\r\n<p>\r\n	（五）元宝网只接受实名充值，提现时银行等姓名信息必须与您的认证姓名一致。我承认提交的信息属于本人所有，不存在冒用、盗用他人证件的行为。因冒用、盗用他人证件造成的一切后果，由本人承担。\r\n</p>\r\n<p>\r\n	（六）元宝网有合理的理由怀疑用户提供虚假身份信息时，有权拒绝注册或者冻结、注销已经注册的账户及资产。\r\n</p>\r\n<h3>\r\n	第四条 元宝网平台权利义务\r\n</h3>\r\n<p>\r\n	（一）元宝网平台应运用专业电子技术为用户发布信息提供技术服务。\r\n</p>\r\n<p>\r\n	（二）如用户有如下行为之一的，元宝网平台有权立即停止用户所发布的信息的技术支持，并保存有关记录， \r\n必要时可依据法律法规等规定向国家有关机关报告，并且删除含有该内容的地址、目录或关闭服务器。用户应承担全部法律责任，并赔偿元宝网平台由此受到的损\r\n失，包括合理的追索费用：<br />\r\n1、用户提供的产品有侵害任何第三方知识产权、财产权等合法权益，或可能对第三方造成不利影响或侵害；<br />\r\n2、用户利用元宝网平台提供之网络平台进行任何犯罪活动，或宣传散播法律法规禁止散播的信息，或一切损害元宝网平台利益的活动；<br />\r\n3、用户有违反本协议任何条款的行为，经元宝网平台警告后仍未更正的；<br />\r\n4、用户的行为干扰元宝网平台的服务。\r\n</p>\r\n<p>\r\n	（三）用户同意元宝网平台有权依据本协议及本平台服务规则对用户的涉嫌违反法律、法规（含行政法规及地方法规、自治条例和单行条例、规章）\r\n及包括部门规章、地方规章、决定、命令等在内的其他各类规范性文件以及元宝网平台网站服务条款的行为采取行动，包括但不限于中断其帐号、删除地址、目录或\r\n关闭服务器等。\r\n</p>\r\n<p>\r\n	（四）元宝网平台或元宝网络交易有限公司（香港）对本平台发布的信息真实性、及时性和有效性不做任何形式的担保， 对该等信息的理解和认识应当依赖于用户自身判断。\r\n</p>\r\n<h3>\r\n	第五条 免责及责任的限制与排除\r\n</h3>\r\n<p>\r\n	（一）根据本协议，元宝网平台仅为用户提供网络空间及技术服务，对用户发布的信息的真实性、合法性、及时性和有效性不作任何性质的担保及保\r\n证，用户理解并使用这些信息应当依赖自身的独立思考和投资判断，除另有说明外，用户不会从元宝网络交易有限公司（香港）收到口头或书面的意见或信息。元宝\r\n网平台对用户的投资收益不做任何承诺，同时对用户的投资损失不承担任何责任。\r\n</p>\r\n<p>\r\n	（二）元宝网络交易有限公司（香港）尽力维护元宝网平台的稳定，但不就电讯系统或互联网的中断或无法运作、技术 故障、计算机错误或病毒、信息损坏或丢失或由此而产生的其他任何性质的破坏而向用户或任何第三方承担赔偿责任。\r\n</p>\r\n<p>\r\n	（三）用户明确同意使用元宝网平台服务的风险由用户个人承担。元宝网平台不担保服务一定能满足用户的要求，用户理解并接受下载或通过元宝网平台产品服务取得的任何信息资料取决于用户自己，并由用户自己承担系统受损、资料丢失以及其它任何风险。\r\n</p>\r\n<p>\r\n	（四）各方承认本条款反映了各方就协商谈判达成的一致意见。各方均完全了解本条款的后果并进一步承认本条款的合理性。\r\n</p>\r\n<h3>\r\n	第六条 隐私政策与安全\r\n</h3>\r\n<p>\r\n	（一）尊重用户个人隐私是元宝网平台的一项基本政策，元宝网平台将尽力维护用户隐私。除非用户授权，元宝网平台一定不会公开、修改或透露用户的注册资料，亦不会公开元宝网平台各项服务中的非公开内容，但以下情况除外：<br />\r\n1、为符合国家法律法规强制性规定，或应有权机关要求，提供用户在元宝网平台的网页上发布的信息内容及其发布时间、互联网地址或者域名。<br />\r\n2、为维护元宝网平台的知识产权和其他重要权利。<br />\r\n3、在紧急情况下为维护用户个人和社会大众的隐私安全。<br />\r\n4、根据本条款相关规定或者元宝网平台认为必要的其他情况下。\r\n</p>\r\n<p>\r\n	（二）用户一旦注册成功成为用户，即得到一个密码和帐号。如果用户未保管好自己的帐号和密码而对用户、 \r\n元宝网平台或第三方造成的损害，用户将负全部责任。另外，每个用户应对其在对应帐户中的所有活动和事件承担全部责任 。 \r\n用户可随时改变您的密码和图标，也可以结束旧的帐户重开一个新帐户。用户同意若发现任何非法使用用户帐号或安全漏洞的情况，应立即通告元宝网络交易有限公\r\n司（香港）。\r\n</p>\r\n<h3>\r\n	第七条 知识产权\r\n</h3>\r\n<p>\r\n	（一）元宝网平台服务涉及到的产品的所有权以及相关软件的知识产权归元宝网络交易有限公司（香港）所有。\r\n</p>\r\n<p>\r\n	（二）在本平台内，无论是用户原创或是用户得到著作权人授权转载的作品，用户上载的行为即意味着用户或用户代理的著作权人授权元宝网平台及\r\n元宝网络交易有限公司（香港）对上载作品享有不可撤销的永久的使用权和收益权且无需支付任何费用，但用户或原著作权人仍保有上载作品的著作权。\r\n</p>\r\n<p>\r\n	（三）用户应当保证其发布的信息不侵犯任何第三方知识产权及其他权利，否则由此给第三方及元宝网平台造成的损失由用户承担。\r\n</p>\r\n<h3>\r\n	第八条 不可抗力\r\n</h3>\r\n<p>\r\n	如果由于黑客攻击或政府管制或网络通讯瘫痪等原因，致使发生的不能预见的事件，双方均确认此属不可抗力；双方应按照不可抗力对影响履行本协议的程度，协商决定是否解除本协议、免除履行本协议的部分义务， 或者延期履行本协议。\r\n</p>\r\n<h3>\r\n	第九条 法律及争议解决\r\n</h3>\r\n<p>\r\n	（一）本协议签署、效力、解释和执行以及争议之解决均应适用中国法律。\r\n</p>\r\n<p>\r\n	（二）因本协议引起之双方争议，应该通过友好协商解决；协商不成的，任一方均可向元宝网络交易有限公司（香港）所在地人民法院起诉。\r\n</p>\r\n<h3>\r\n	第十条 期限\r\n</h3>\r\n<p>\r\n	本协议的期限自用户点击同意之日起算，至用户注销账号之日起自动终止。\r\n</p>\r\n<h3>\r\n	第十一条 协议的转让\r\n</h3>\r\n<p>\r\n	除非取得元宝网平台的事先书面同意。用户不得将其在本协议项下的权利与义务转让给任何第三方。否则，第三方所造成的任何损害后果或给该第三方造成任何损害的，均由用户承担全部责任，与本元宝网平台无关。\r\n</p>\r\n<h3>\r\n	第十二条 其他\r\n</h3>\r\n<p>\r\n	（一）本协议构成用户和元宝网平台间就使用平台的完整的协议，并取代双方就有关本协议所载任何事项于先前以口头及书面达成的共识。\r\n</p>\r\n<p>\r\n	（二）如本协议的任何条款被视作无效或无法执行，则上述条款可被分离，其余部分则仍具有法律效力。\r\n</p>\r\n<p>\r\n	（三）本协议的标题仅为方便阅读所设，非对条款的定义、限制、解释或描述其范围或界限。\r\n</p>\r\n<p>\r\n	（四）元宝网平台于用户过失或违约时放弃本协议规定的权利的，不得视为其对用户的其他或以后同类之过失 或违约行为弃权。\r\n</p>\r\n<p>\r\n	（五）本平台不参与任何买卖行为，买卖双方均为本站注册用户。作为注册用户，您应保证您是帐户中所有资金的合法拥有者， \r\n您进行的交易不侵犯任何第三方的权利或适用法律。在法律允许范围内，本网站将不对用户的任何损害、利润损失、收入损失、业务损失、数据损失负责，除非损失\r\n是因本网站违反此服务条款所致。本网站不对任何因网络故障、网络中断或网络延迟，以及其它任何因无法正常访问本网站而导致的损失负责。 \r\n如果本网站的内容中包括由第三方提供的其它网站链接，这些链接仅用于提供信息，我们无法对其内容负责， 本网站不对因使用其内容而导致的损失负责。 \r\n如果出现诈骗或是其他违法行为，本网站将向有关监管部门提供所有必需的用户信息。 当监管部门要求调查诈骗或其他非法行为时，用户的帐户可能会被冻结。\r\n</p>\r\n<p>\r\n	（六）用户注册以及在注册后更改的联系方式均为有效联系方式，均能产生送达的法律效力。元宝网平台或元宝网络交易有限公司（香港）以邮寄方\r\n式送达的，以邮件签收当日视为送达；以电子邮件方式送达的，邮件发送后即视为送达；以传真方式送达的，在发出传真时视为送达；以挂号信方式送达的，挂号寄\r\n出或者投邮当日视为送达。\r\n</p>\r\n<p>\r\n	（七）请您在注册时，认真阅读本协议条款，若您有任何异议或需要本网说明的，请随时联系本网站以获得解释和说明。若您未向本网站提出异议或\r\n要求说明解释，则表明您对本协议之条款已有充分的认识和理解，且视为元宝网平台或元宝网络交易有限公司（香港）已向您做了充分的解释和说明。\r\n</p>\r\n<h3 style="font-weight:normal;">\r\n	元宝网平台或元宝网络交易有限公司（香港）保留最终解释权。\r\n</h3>', '1458052273', 0, '', 0),
(1, 1, '新会员规则', '&lt;div class=&quot;tagContent selectTag&quot;&gt;\r\n	&lt;ul class=&quot;ybc_con&quot;&gt;\r\n		&lt;li&gt;\r\n			新会员规则\r\n		&lt;/li&gt;\r\n		&lt;li&gt;\r\n			&lt;p&gt;\r\n				1. 会员升级需逐级升，不可越级\r\n			&lt;/p&gt;\r\n			&lt;p&gt;\r\n				&amp;nbsp;&amp;nbsp;&amp;nbsp;&amp;nbsp;• 当升至下一级别时，相应的等级特权即时生效，会员返还重新按照最新等级计算（原等级不再返还）。\r\n			&lt;/p&gt;\r\n			&lt;p&gt;\r\n				&amp;nbsp;&amp;nbsp;&amp;nbsp;&amp;nbsp;• 会员返还结束后将不再返还，会员等级保持不变。\r\n			&lt;/p&gt;\r\n		&lt;/li&gt;\r\n		&lt;li&gt;\r\n			&lt;p&gt;\r\n				2. 升级时效\r\n			&lt;/p&gt;\r\n			&lt;p&gt;\r\n				&amp;nbsp;&amp;nbsp;&amp;nbsp;&amp;nbsp;• 当前等级升级下一级的有效时间为30天，超过30天后升级将按照超时升级费用收取；（30天每天24小时计算）\r\n			&lt;/p&gt;\r\n		&lt;/li&gt;\r\n		&lt;li&gt;\r\n			&lt;p&gt;\r\n				3. 金元宝最低理财金额\r\n			&lt;/p&gt;\r\n			&lt;p&gt;\r\n				&amp;nbsp;&amp;nbsp;&amp;nbsp;&amp;nbsp;• 当用户理财金额达到等级要求，或者被推荐用户理财金额达到等级要求，才可升级。\r\n			&lt;/p&gt;\r\n			&lt;p&gt;\r\n				&amp;nbsp;&amp;nbsp;&amp;nbsp;&amp;nbsp;• 当用户理财金额低于当前等级要求，每日等级返还暂停，其他奖励不变；待用户理财金额重新达到当前等级要求后继续返还。\r\n			&lt;/p&gt;\r\n		&lt;/li&gt;\r\n		&lt;li&gt;\r\n			&lt;p&gt;\r\n				4. 金元宝活期理财用户每天参与价值10000元理财积分的配送，按投资额占平台总投资额的比例分发\r\n			&lt;/p&gt;\r\n		&lt;/li&gt;\r\n		&lt;li&gt;\r\n			&lt;p&gt;\r\n				5. 推荐奖励 = （被推荐人理财积分收益 + 被推荐人会员返还收益）* 推荐人会员等级对应的推荐奖励比例\r\n			&lt;/p&gt;\r\n			&lt;p&gt;\r\n				&amp;nbsp;&amp;nbsp;&amp;nbsp;&amp;nbsp;• 被推荐人理财积分收益不包含其作为推荐人获得的理财积分。\r\n			&lt;/p&gt;\r\n			&lt;p&gt;\r\n				&amp;nbsp;&amp;nbsp;&amp;nbsp;&amp;nbsp;• 推荐人根据自身的会员等级决定推荐奖励比例。\r\n			&lt;/p&gt;\r\n		&lt;/li&gt;\r\n		&lt;li&gt;\r\n			&lt;p&gt;\r\n				6. 会员返还结束后\r\n			&lt;/p&gt;\r\n			&lt;p&gt;\r\n				&amp;nbsp;&amp;nbsp;&amp;nbsp;&amp;nbsp;• 若用户不满足最低理财金额要求，则会员特权（金元宝收益、理财积分收益、推荐奖励、提现手续费）将按照VIP1执行；\r\n			&lt;/p&gt;\r\n			&lt;p&gt;\r\n				&amp;nbsp;&amp;nbsp;&amp;nbsp;&amp;nbsp;• 当用户重新满足最低理财金额要求后，将重新享受原VIP等级特权。\r\n			&lt;/p&gt;\r\n		&lt;/li&gt;\r\n		&lt;li&gt;\r\n			&lt;p&gt;\r\n				新老会员规则对接\r\n			&lt;/p&gt;\r\n			&lt;p&gt;\r\n				1. 老会员仍按照原返还规则返还；\r\n			&lt;/p&gt;\r\n			&lt;p&gt;\r\n				2. 新会员规则上线后，老会员升级将按照新规则收取升级费用；\r\n			&lt;/p&gt;\r\n			&lt;p&gt;\r\n				3. 老会员升级后，所有规则都按照新会员规则执行。\r\n			&lt;/p&gt;\r\n		&lt;/li&gt;\r\n	&lt;/ul&gt;\r\n&lt;/div&gt;', '1458100146', 0, '', 1),
(2, 1, '【公告】元宝网加强反洗钱措施的公告', '为了响应央行等国家五部委《关于防范比特币风险的通知》，以及落实《中华人民共和国反洗钱法》的规定，维护正常的交易秩序，从即日起，元宝网将执行以下反洗钱措施：<br />\r\n<br />\r\n<strong>实名认证</strong><br />\r\n1. 用户注册时，必须提供真实姓名，真实姓名经实名认证后将不能够更改，请务必如实填写；<br />\r\n2.	元宝网只接受实名充值、提现，充值及提现银行卡信息必须与您的实名认证信息一致；<br />\r\n3.	注册元宝网账户需同意：我承认提交的信息属于本人所有，不存在冒用、盗用他人证件的行为。因冒用、盗用他人证件造成的一切后果，由本人承担；<br />\r\n4. 用户更改交易密码后，应当提供清晰的手持身份证明照片，元宝网将对用户提供的身份信息进行识别和比对；<br />\r\n5. 元宝网有合理的理由怀疑用户提供虚假身份信息时，有权拒绝注册或者冻结、注销已经注册的账户及资产。<br />\r\n<br />\r\n<strong>资金进出审核</strong><br />\r\n1. 根据国家反洗钱政策及保障客户资产安全，汇款人姓名必须和元宝网实名认证姓名一致，提现账户的姓名也必须与元宝网实名认证姓名一致；<br />\r\n2 .对于超过5万以上的人民币提现及大额的提币，我们将对用户身份通过客服电话（4008-367-667）进行人工核实；<br />\r\n3.	元宝网将参照《金融机构大额交易和可疑交易报告管理办法》的规定，保存大额交易和有洗钱嫌疑的交易记录，在监管机构要求提供大额交易和可疑交易的记录时，向监管机构提供；<br />\r\n4.	元宝网将对用户身份信息以及大额交易、可疑交易记录进行保存，依法协助、配合司法机关和行政执法机关打击洗钱活动，依照法律法规的规定协助司法机关、海关、税务等部门查询、冻结和扣划客户存款。<br />\r\n<br />\r\n<strong>犯罪线索举报</strong><br />\r\n元宝网已成立专门风险控制部门，对各类违法犯罪活动进行监控。如果您有违法犯罪的线索，请通过以下联系方式联系我们或者有关国家机关：<br />\r\n1. 元宝网反洗钱举报电话：010-57741547 联系人: 李怀顺<br />\r\n2. 中国反洗钱监测分析中心举报电话：	010－88092000  电子邮箱：fiureport@pbc.gov.cn<br />\r\n3. 网络110报警网址：http://www.cyberpolice.cn', '1458983678', 0, '', 1),
(4, 1, '行情API', '&lt;ul&gt;\r\n	&lt;h3&gt;\r\n		获取行情 (GET)\r\n	&lt;/h3&gt;\r\n	&lt;li&gt;\r\n		BTC：http://api.btctrade.com/api/ticker?coin=btc\r\n	&lt;/li&gt;\r\n	&lt;li&gt;\r\n		LTC：http://api.btctrade.com/api/ticker?coin=ltc\r\n	&lt;/li&gt;\r\n	&lt;li&gt;\r\n		DOGE：http://api.btctrade.com/api/ticker?coin=doge\r\n	&lt;/li&gt;\r\n	&lt;li&gt;\r\n		YBC：http://api.btctrade.com/api/ticker?coin=ybc\r\n	&lt;/li&gt;\r\n	&lt;h4&gt;\r\n		返回结果示例：\r\n	&lt;/h4&gt;\r\n	&lt;li&gt;\r\n		{&quot;high&quot;:0,&quot;low&quot;:0,&quot;buy&quot;:1850,&quot;sell&quot;:1851.1,&quot;last&quot;:1851.1,&quot;vol&quot;:10000,&quot;time&quot;:1420711226}\r\n	&lt;/li&gt;\r\n	&lt;h4&gt;\r\n		返回结果说明：\r\n	&lt;/h4&gt;\r\n	&lt;li&gt;\r\n		high: 最高价\r\n	&lt;/li&gt;\r\n	&lt;li&gt;\r\n		low: 最低价\r\n	&lt;/li&gt;\r\n	&lt;li&gt;\r\n		buy: 买一价\r\n	&lt;/li&gt;\r\n	&lt;li&gt;\r\n		sell: 卖一价\r\n	&lt;/li&gt;\r\n	&lt;li&gt;\r\n		last: 最新成交价\r\n	&lt;/li&gt;\r\n	&lt;li&gt;\r\n		vol: 成交量(最近的24小时)\r\n	&lt;/li&gt;\r\n	&lt;li&gt;\r\n		time: 返回数据时服务器时间\r\n	&lt;/li&gt;\r\n&lt;/ul&gt;\r\n&lt;ul&gt;\r\n	&lt;h3&gt;\r\n		深度行情 (GET)\r\n	&lt;/h3&gt;\r\n	&lt;li&gt;\r\n		BTC：http://api.btctrade.com/api/depth?coin=btc\r\n	&lt;/li&gt;\r\n	&lt;li&gt;\r\n		LTC：http://api.btctrade.com/api/depth?coin=ltc\r\n	&lt;/li&gt;\r\n	&lt;li&gt;\r\n		DOGE：http://api.btctrade.com/api/depth?coin=doge\r\n	&lt;/li&gt;\r\n	&lt;li&gt;\r\n		YBC：http://api.btctrade.com/api/depth?coin=ybc\r\n	&lt;/li&gt;\r\n	&lt;h4&gt;\r\n		返回结果示例：\r\n	&lt;/h4&gt;\r\n	&lt;li&gt;\r\n		{&quot;result&quot;:true,&quot;asks&quot;:[[&quot;2350&quot;,&quot;2.607&quot;]],&quot;bids&quot;:[[&quot;1850&quot;,&quot;1.031&quot;]]}\r\n	&lt;/li&gt;\r\n	&lt;h4&gt;\r\n		返回结果说明：\r\n	&lt;/h4&gt;\r\n	&lt;li&gt;\r\n		asks: 卖方深度[价格, 委单量]，价格从高到低排序\r\n	&lt;/li&gt;\r\n	&lt;li&gt;\r\n		bids: 买方深度[价格, 委单量]，价格从高到低排序\r\n	&lt;/li&gt;\r\n&lt;/ul&gt;\r\n&lt;ul&gt;\r\n	&lt;h3&gt;\r\n		成交记录 (GET)\r\n	&lt;/h3&gt;\r\n	&lt;li&gt;\r\n		BTC：http://api.btctrade.com/api/trades?coin=btc\r\n	&lt;/li&gt;\r\n	&lt;li&gt;\r\n		LTC：http://api.btctrade.com/api/trades?coin=ltc\r\n	&lt;/li&gt;\r\n	&lt;li&gt;\r\n		DOGE：http://api.btctrade.com/api/trades?coin=doge\r\n	&lt;/li&gt;\r\n	&lt;li&gt;\r\n		YBC：http://api.btctrade.com/api/trades?coin=ybc\r\n	&lt;/li&gt;\r\n	&lt;h4&gt;\r\n		请求参数：\r\n	&lt;/h4&gt;\r\n	&lt;li&gt;\r\n		coin: 交易币种\r\n	&lt;/li&gt;\r\n	&lt;li&gt;\r\n		since: 根据记录id返回，默认返回最新的100条交易记录\r\n	&lt;/li&gt;\r\n	&lt;h4&gt;\r\n		返回结果示例：\r\n	&lt;/h4&gt;\r\n	&lt;li&gt;\r\n		[{&quot;date&quot;:&quot;1420713686&quot;,&quot;price&quot;:1773.1,&quot;amount&quot;:0.656,&quot;tid&quot;:&quot;5236256&quot;,&quot;type&quot;:&quot;buy&quot;}]\r\n	&lt;/li&gt;\r\n	&lt;h4&gt;\r\n		返回结果说明：\r\n	&lt;/h4&gt;\r\n	&lt;li&gt;\r\n		date: 成交时间\r\n	&lt;/li&gt;\r\n	&lt;li&gt;\r\n		price: 交易价格\r\n	&lt;/li&gt;\r\n	&lt;li&gt;\r\n		amount: 交易数量\r\n	&lt;/li&gt;\r\n	&lt;li&gt;\r\n		tid: 交易ID\r\n	&lt;/li&gt;\r\n	&lt;li&gt;\r\n		type: 交易类型\r\n	&lt;/li&gt;\r\n&lt;/ul&gt;', '1458108741', 0, '', 1),
(5, 118, '关于我们', '&lt;div class=&quot;main_content&quot;&gt;\r\n	&lt;div class=&quot;page&quot;&gt;\r\n		&lt;div class=&quot;main-content&quot;&gt;\r\n			&lt;div&gt;\r\n				本站是一个统计收录虚拟币山寨币的专业网站，对新手玩币族提供一个选币的导航平台。本站坚持以最公正的态度对待每一个币种。同时提供大家评论讨论的机会，让我们一起去发现新币，热币。一起去摒弃黑币平台。\r\n			&lt;/div&gt;\r\n			&lt;div&gt;\r\n				&amp;nbsp;\r\n			&lt;/div&gt;\r\n			&lt;div&gt;\r\n				1、所有收录币种最新虚拟币、山寨币网均没有经过评测，请网友自行分析投资与挖矿风险。\r\n			&lt;/div&gt;\r\n			&lt;div&gt;\r\n				&amp;nbsp;\r\n			&lt;/div&gt;\r\n			&lt;div&gt;\r\n				2、对于已收录虚拟币、山寨币但缺乏操守的币种，请网友告知，本站将予以下架删除等妥当处理。\r\n			&lt;/div&gt;\r\n			&lt;div&gt;\r\n				&amp;nbsp;\r\n			&lt;/div&gt;\r\n			&lt;div&gt;\r\n				3、炒币有风险，投资需谨慎。选好平台是关键。山寨币但缺乏操守的币种，请网友告知，本站将予以下架删除等妥当处理。\r\n			&lt;/div&gt;\r\n		&lt;/div&gt;\r\n	&lt;/div&gt;\r\n&lt;/div&gt;\r\n&lt;br /&gt;', '1458797434', 0, '', 0),
(6, 120, '提现人民币说明', '1. 提现手续费0.3%，请仔细确认后再操作。&lt;br /&gt;\r\n&lt;p&gt;\r\n	2. 单笔提现限额100元——5万元；单日累计最大提现限额50万元。&amp;nbsp;&amp;nbsp;&amp;nbsp;&amp;nbsp;&amp;nbsp;\r\n&lt;/p&gt;\r\n&lt;span style=&quot;color:#E53333;&quot;&gt;3. 由于近期充值提现业务量暴增，提现到账时间临时延长到24小时，敬请谅解!&lt;/span&gt;&lt;br /&gt;\r\n&amp;nbsp;&amp;nbsp;&amp;nbsp;&amp;nbsp;&amp;nbsp; &lt;br /&gt;', '1458808275', 0, '', 0),
(51, 61, '交易指南', '<h1>\r\n	交易指南\r\n</h1>\r\n<p>\r\n	1.首先，进入聚币网首页（www.jubi.com），登录已有账号，将鼠标放在【交易中心】按钮上，页面将显示聚币网上所有类别的币种，选择您想交易的币种，如图：\r\n</p>\r\n<p>\r\n	<img src="http://www.jubi.com/images/jubi/help/trade1.png" />\r\n</p>\r\n<a name="buy"></a> <b>买入指南 <span style="font-weight:normal;">（以狗狗币买入为例）</span></b> \r\n<p>\r\n	<img src="http://www.jubi.com/images/jubi/help/trade2.png" />\r\n</p>\r\n<p>\r\n	1.页面跳转到狗狗币交易页面，在买入栏中填入【买入价格】【买入数量】【交易密码】，点击【买入】。系统将自动成交挂单。\r\n</p>\r\n<p>\r\n	<img src="http://www.jubi.com/images/jubi/help/trade3.png" />\r\n</p>\r\n<p>\r\n	<span class="impo">注：买入数量应小于等于【最大可买】。<br />\r\n虚拟币买入数量不能小于0.1；成交金额不能少于1元。<br />\r\n不同虚拟币的买入手续费不同，请买入前仔细确认金额。 </span>\r\n</p>\r\n<p>\r\n	2.挂单成功后，可在【财务中心】-【委托管理】中查询挂单委托情况。\r\n</p>\r\n<p>\r\n	<img src="http://www.jubi.com/images/jubi/help/trade4.png" />\r\n</p>\r\n<p>\r\n	<span class="impo">注：若挂单价格与当前市价不吻合，可能导致挂单不能及时成交。可稍作等待，观察行情。若挂单仍未成交，可撤销（交易中心-我的委托挂单-撤销）挂单调整价格重新挂单。撤销后，未成交部分资产（如买币时冻结的资金、卖币时冻结的币）将原数返还到您的平台账户中。</span>\r\n</p>\r\n<p>\r\n	3. 也可在【财务中心】-【成交查询】中查询挂单成交情况。\r\n</p>', '1458616884', 0, '', 0),
(50, 63, '转出指南', '<b>转出虚拟币 <span>(以转出狗狗币为例)</span></b> \r\n<p>\r\n	<img src="http://www.jubi.com/images/jubi/help/zhuanbig5.png" />\r\n</p>\r\n<p>\r\n	1. 进入财务中心，点击【转出虚拟币】，页面跳转到转出币种页面，选择狗狗币 <br />\r\n2. 在狗狗币转出页面，输入转出信息，包括钱包地址（将狗狗币转入的钱包地址）、转出数量（应少于等于可用狗狗币数量）、交易密码、GA码及手机验证码。确认无误后，点击【确认转出】。\r\n</p>\r\n<p>\r\n	<img src="http://www.jubi.com/images/jubi/help/zhuanbig6.png" />\r\n</p>\r\n<p>\r\n	<span class="impo">注：若短信验证码无法正常接收，请换用语音验证码。</span><br />\r\n3.请等待客服人员确认转出。转出后，可通过狗狗币的区块链接查询当前的网络确认数。达到网络确认数后将自动转入到接收方的账户中 。 <br />\r\n如有其他问题，请咨询在线客服400-657-8880。\r\n</p>', '1458615410', 0, '', 0),
(58, 60, '注册指南', '&lt;img src=&quot;http://www.jubi.com/images/jubi/help/regguide1.png&quot; /&gt; \r\n&lt;div class=&quot;about_text&quot;&gt;\r\n	&lt;p&gt;\r\n		1.打开聚币网首页（www.jubi.com)，点击【注册】或【免费注册】，进入注册页面。\r\n                    也可通过QQ登录入口，注册新账户或绑定已有账户。\r\n	&lt;/p&gt;\r\n	&lt;p&gt;\r\n		&lt;img src=&quot;http://www.jubi.com/images/jubi/help/regguide2.png&quot; /&gt; \r\n	&lt;/p&gt;\r\n	&lt;p&gt;\r\n		2.填写常用的电子邮箱（用于登录和找回密码）、登录密码（需设置6位以上）、邀请码，并仔细阅读《注册协议》，点击【下一步】。\r\n	&lt;/p&gt;\r\n	&lt;p&gt;\r\n		&lt;img src=&quot;http://www.jubi.com/images/jubi/help/regguide3.png&quot; /&gt; \r\n	&lt;/p&gt;\r\n	&lt;p&gt;\r\n		&lt;span class=&quot;impo&quot;&gt;注：邀请码项非必填项。通过聚币经理人的专属推荐地址进入聚币网，邀请码项不显示。\r\n填写交易密码（填写6位以上，且与登录密码不同），确认后点击【下一步】。&lt;/span&gt; \r\n	&lt;/p&gt;\r\n	&lt;p&gt;\r\n		3.填写交易密码（填写6位以上，且与登录密码不同），确认后点击【下一步】。\r\n	&lt;/p&gt;\r\n	&lt;p&gt;\r\n		&lt;img src=&quot;http://www.jubi.com/images/jubi/help/regguide4.png&quot; /&gt; \r\n	&lt;/p&gt;\r\n	&lt;p&gt;\r\n		4.根据国家相关规定，聚币网需对注册用户进行实名登记。&lt;br /&gt;\r\n请选择证件类型（系统默认身份证，可选择护照/军官证/港澳通行证等），输入用户本人真实的证件信息后（证件信息注册后不可修改），点击【下一步】。&lt;br /&gt;\r\n&lt;span class=&quot;impo&quot;&gt;注：提现时银行卡信息须与填写的身份信息一致，请填写真实身份信息，以免带来不便。&lt;/span&gt; \r\n	&lt;/p&gt;\r\n	&lt;p&gt;\r\n		&lt;img src=&quot;http://www.jubi.com/images/jubi/help/regguide5.png&quot; /&gt; \r\n	&lt;/p&gt;\r\n	&lt;p&gt;\r\n		5. 注册成功。登录账户后即可直接进行充值并交易。\r\n	&lt;/p&gt;\r\n	&lt;p&gt;\r\n		&lt;img src=&quot;http://www.jubi.com/images/jubi/help/regguide6.png&quot; /&gt; \r\n	&lt;/p&gt;\r\n&lt;/div&gt;', '1458714418', 0, '', 1),
(59, 62, '充值指南', '<p>\r\n	首先，进入聚币网首页（www.jubi.com），登录已有账号，点击【去财务中心】或在导航栏选择【财务中心】，如图：\r\n</p>\r\n<img src="http://www.jubi.com/images/jubi/help/chongzhi1.png" alt="充值流程1" /><br />\r\n<br />\r\n<p>\r\n	人民币充值有两种： 在线自动充值和银行转账充值。以下分别演示两种充值方式流程。\r\n</p>\r\n<a name="ru"></a> <b>在线自动充值</b> <img src="http://www.jubi.com/images/jubi/help/chongzhi2.png" alt="充值流程2" /><br />\r\n<p>\r\n	1.在页面左侧菜单选择【人民币在线自动充值】，填写充值金额，点击【到网上银行支付】。 <br />\r\n<span class="impo">注：每次充值最少不少于100元，最多不超过5万元。</span> \r\n</p>\r\n<img src="http://www.jubi.com/images/jubi/help/chongzhi3.png" alt="充值流程3" /><br />\r\n<p>\r\n	2.确认充值信息，核实无误后点击【确认提交】。 <br />\r\n<span class="impo">注：Chrome浏览器可能不支持部分银行的网银控件，建议使用IE内核浏览器进行充值。</span> \r\n</p>\r\n<img src="http://www.jubi.com/images/jubi/help/chongzhi4.png" alt="充值流程4" /><br />\r\n<p>\r\n	3.请确认充值金额，并选择银行进行付款。（以招商银行为例）\r\n</p>\r\n<img src="http://www.jubi.com/images/jubi/help/chongzhi5.png" alt="充值流程5" /><br />\r\n<p>\r\n	4.根据银行提示完成网上支付。 <br />\r\n<span>1）选择卡号密码支付，输入银行卡号及网上支付密码，完成支付。</span> \r\n</p>\r\n<img src="http://www.jubi.com/images/jubi/help/chongzhi6.png" alt="充值流程6" /><br />\r\n<p>\r\n	<span class="impo">注：部分银行可能需要下载插件，安装插件后，请重新启动浏览器。</span><br />\r\n2）选择手机支付，输入手机号码、卡号后四位，完成支付。\r\n</p>\r\n<img src="http://www.jubi.com/images/jubi/help/chongzhi7.png" alt="充值流程7" /><br />\r\n<p>\r\n	提示充值成功后，请刷新聚币网或重新登录聚币账户查看资产。 <br />\r\n具体到账时间根据不同银行的受理时间而定，请耐心等待。若转账后超过1小时仍未入账，请联系在线客服400-657-8880。\r\n</p>\r\n<a name="ru"></a> <b>银行转账充值</b> <img src="http://www.jubi.com/images/jubi/help/chongzhi8.png" alt="充值流程8" /> \r\n<p>\r\n	<span class="impo">注：汇款人姓名默认为实名认证的姓名，仅允许使用本人的银行卡或支付宝进行转账充值。</span>\r\n</p>\r\n<img src="http://www.jubi.com/images/jubi/help/chongzhi9.png" alt="充值流程9" /> \r\n<p>\r\n	2. 页面弹出平台的收款账号及汇款信息，请根据“银行转账汇款”信息通过网银、去银行柜台或使用支付宝进行转账汇款。 <br />\r\n1）使用招商银行网银转账示例：\r\n</p>\r\n<img src="http://www.jubi.com/images/jubi/help/chongzhi10.png" alt="充值流程10" /> \r\n<p>\r\n	2）使用招商银行手机网银转账示例：\r\n</p>\r\n<img src="http://www.jubi.com/images/jubi/help/chongzhi11.png" alt="充值流程11" />', '1458717944', 0, '', 0),
(60, 64, '提现指南', '<div class="about_text">\r\n	<p>\r\n		<img src="http://www.jubi.com/images/jubi/help/tixian1.png" />\r\n	</p>\r\n	<p>\r\n		1.进入聚币网首页（www.jubi.com），登录已有账号，点击【去财务中心】或在导航栏选择【财务中心】，如图：\r\n	</p>\r\n	<p>\r\n		<img src="http://www.jubi.com/images/jubi/help/tixian2.png" />\r\n	</p>\r\n	<p>\r\n		2.人民币提现操作需绑定用户本人的银行卡，在页面左侧菜单选择【人民币提现】，点击【管理银行卡】。若已绑定可直接申请提现。\r\n	</p>\r\n	<p>\r\n		<img src="http://www.jubi.com/images/jubi/help/tixian3.png" />\r\n	</p>\r\n	<p>\r\n		3.进入银行卡管理页面，填写用户本人的银行卡信息（储蓄卡/借记卡）后，点击【添加银行卡】。\r\n	</p>\r\n	<p>\r\n		<img src="http://www.jubi.com/images/jubi/help/tixian4.png" />\r\n	</p>\r\n	<p>\r\n		<span class="impo">注：姓名栏，系统默认为实名认证姓名。 <br />\r\n若此处的姓名与本人真实姓名不符，请联系在线客服400-657-8880。</span>\r\n	</p>\r\n	<p>\r\n		4.银行卡添加成功后，返回【人民币提现】页面，填写提现申请。\r\n	</p>\r\n	<p>\r\n		<img src="http://www.jubi.com/images/jubi/help/tixian5.png" />\r\n	</p>\r\n	<p>\r\n		<span class="impo">注：提现金额单笔最低可申请100元，最高50000元。提现手续费率为提现金额的1％，每笔提现最低收费2元。</span>\r\n	</p>\r\n	<p>\r\n		5.申请提现后，财务会在24小时之内处理提现。请耐心等待并随时关注银行账户资金变动。若超过24小时仍未到账，请联系在线客服400-657-8880。\r\n	</p>\r\n</div>', '1458717985', 0, '', 1),
(61, 110, '转入币', '<b>转入虚拟币<span style="font-weight:normal;">（以狗狗币为例）</span></b> \r\n<p>\r\n	<img src="http://www.jubi.com/images/jubi/help/zhuanbig2.png" />\r\n</p>\r\n<p>\r\n	1.进入财务中心，点击【转入虚拟币】，页面跳转到转入币种页面，选择狗狗币。\r\n</p>\r\n<p>\r\n	2.页面显示狗狗币在聚币网上的钱包地址，将虚拟币转入该钱包即可。\r\n</p>\r\n<p>\r\n	<img src="http://www.jubi.com/images/jubi/help/zhuanbig3.png" />\r\n</p>\r\n<p>\r\n	也可通过手机扫描右侧的【狗币钱包地址】二维码，获取钱包地址。 <br />\r\n<span class="impo">注：转入虚拟币是自动的，各个币种需要达到不同的确认数后将自动充值到聚币网账户中。请了解转入币种的网络确认数。</span>\r\n</p>\r\n<p>\r\n	3.请确认已达到确认数后，刷新页面，点击【财务中心】查看资产变化。 <br />\r\n可在转入记录中查询转入具体情况，如图：\r\n</p>\r\n<p>\r\n	<img src="http://www.jubi.com/images/jubi/help/zhuanbig4.png" />\r\n</p>\r\n<p>\r\n	如遇转入未到账等问题，可咨询在线客服400-657-8880。\r\n</p>', '1458718009', 0, '', 1),
(124, 124, '卖出指南', '<img src="http://www.jubi.com/images/jubi/help/trade6.png" />\r\n<p>\r\n	1.页面跳转到狗狗币交易页面，在卖出栏中填入【卖出价格】【卖出数量】【交易密码】，点击【卖出】。系统将自动成交挂单。\r\n</p>\r\n<p>\r\n	<img src="http://www.jubi.com/images/jubi/help/trade7.png" />\r\n</p>\r\n<p>\r\n	<span class="impo">注：卖出数量应小于等于【最大可买】。\r\n虚拟币买入数量不能小于0.1；成交金额不能少于1元。\r\n不同虚拟币的买入手续费不同，请买入前仔细确认金额。 </span>\r\n</p>\r\n<p>\r\n	2. 挂单成功后，可在【财务中心】-【委托管理】中查询挂单委托情况。\r\n</p>\r\n<p>\r\n	<img src="http://www.jubi.com/images/jubi/help/trade8.png" />\r\n</p>\r\n<p>\r\n	<span class="impo">注：若挂单价格与当前市价不吻合，可能导致挂单不能及时成交。可稍作等待，观察行情。若挂单仍未成交，可撤销（交易中心-我的委托挂单-撤销）挂单调整价格重新挂单。撤销后，未成交部分资产（如买币时冻结的资金、卖币时冻结的币）将原数返还到您的平台账户中。</span>\r\n</p>\r\n<p>\r\n	3. 也可在【财务中心】-【成交查询】中查询挂单成交情况。\r\n</p>\r\n<p>\r\n	<img src="http://www.jubi.com/images/jubi/help/trade9.png" />\r\n</p>\r\n<p>\r\n	4. 挂单成交后，请刷新页面，点击【财务中心】查看资产变化。 <br />\r\n如有挂单其他问题，可咨询在线客服400-657-8880。\r\n</p>', '1458960091', 0, '', 0),
(62, 111, '转出币', '<b>转出虚拟币 <span>(以转出狗狗币为例)</span></b> \r\n<p>\r\n	<img src="http://www.jubi.com/images/jubi/help/zhuanbig5.png" />\r\n</p>\r\n<p>\r\n	1. 进入财务中心，点击【转出虚拟币】，页面跳转到转出币种页面，选择狗狗币 <br />\r\n2. 在狗狗币转出页面，输入转出信息，包括钱包地址（将狗狗币转入的钱包地址）、转出数量（应少于等于可用狗狗币数量）、交易密码、GA码及手机验证码。确认无误后，点击【确认转出】。\r\n</p>\r\n<p>\r\n	<img src="http://www.jubi.com/images/jubi/help/zhuanbig6.png" />\r\n</p>\r\n<p>\r\n	<span class="impo">注：若短信验证码无法正常接收，请换用语音验证码。</span><br />\r\n3.请等待客服人员确认转出。转出后，可通过狗狗币的区块链接查询当前的网络确认数。达到网络确认数后将自动转入到接收方的账户中 。 <br />\r\n如有其他问题，请咨询在线客服400-657-8880。\r\n</p>', '1458718034', 0, '', 1),
(119, 119, '加入我们', '我要开始招聘啦，你来不来！！！！！', '1458800420', 0, '', 0),
(120, 121, '邀请规则', '1.被邀请的用户在元宝网成功注册账户、完善资料并充值CNY，邀请人可在活动期内每天最高获得被推荐人45%太一股配送收益。<br />\r\n2.如果同一用户被多名元宝网用户邀请，元宝网将认定第一位确定的邀请人为该用户邀请人。<br />\r\n3.禁止通过作弊手段进行虚假邀请注册骗取返利，一经发现将取消奖励并酌情处理。<br />\r\n<p>\r\n	<br />\r\n</p>', '1458973500', 0, '', 0),
(126, 125, '银行转账充值', '<img src="http://www.jubi.com/images/jubi/help/chongzhi8.png" alt="充值流程8" /> \r\n<p>\r\n	<span class="impo">注：汇款人姓名默认为实名认证的姓名，仅允许使用本人的银行卡或支付宝进行转账充值。</span>\r\n</p>\r\n<img src="http://www.jubi.com/images/jubi/help/chongzhi9.png" alt="充值流程9" /> \r\n<p>\r\n	2. 页面弹出平台的收款账号及汇款信息，请根据“银行转账汇款”信息通过网银、去银行柜台或使用支付宝进行转账汇款。 <br />\r\n1）使用招商银行网银转账示例：\r\n</p>\r\n<img src="http://www.jubi.com/images/jubi/help/chongzhi10.png" alt="充值流程10" /> \r\n<p>\r\n	2）使用招商银行手机网银转账示例：\r\n</p>\r\n<img src="http://www.jubi.com/images/jubi/help/chongzhi11.png" alt="充值流程11" /> \r\n<p>\r\n	3）使用支付宝转账示例：\r\n</p>\r\n<img src="http://www.jubi.com/images/jubi/help/chongzhi12.png" alt="充值流程12" /> \r\n<p>\r\n	3. 银行转账成功后，聚币会在收到汇款后30分钟内入账。请及时刷新页面，并查看资产。\r\n                            若转账后超过30分钟仍未入账，请联系在线客服400-657-8880。\r\n</p>', '1458976342', 0, '', 0),
(121, 122, '邀请好友', '&lt;span&gt;邀请好友注册，可在活动期内每天获得被推荐人10%太一股配送收益。&lt;/span&gt;', '1458824052', 0, '', 0),
(122, 1, 'ceshi', '<span style="font-size:14px;"> \r\n<p>\r\n	<span style="font-size:14px;">亲爱的元宝网用户：</span> \r\n</p>\r\n<p>\r\n	<span style="font-size:14px;"> </span><span style="font-size:14px;"> </span><span style="font-size:14px;"> 为了更好的保证钱包服务器稳定性，提高充币提币的确认速度，元宝网钱包服务器将于<span style="font-size:14px;"><strong>今天下午15:00进行机房迁移</strong></span>，期间将暂停所有币种的充币、提币服务。迁移<strong>预计将在五个小时左右完成</strong>，具体恢复时间以公告为准。给您造成的不便，敬请谅解！</span> \r\n</p>\r\n</span> \r\n<p>\r\n	<span style="font-size:14px;"><span style="font-size:14px;"> <strong><span style="color:#FF0000;"> 已升级完毕</span></strong> >><a href="https://yuanbaohui.com/news/detail/?id=852" target="_blank">点击查看</a></span></span> \r\n</p>\r\n<p>\r\n	<span style="font-size:14px;"><span style="font-size:14px;"><a href="https://yuanbaohui.com/news/detail/?id=852" target="_blank"><u></u>按时打算打算<br />\r\n</a></span></span> \r\n</p>\r\n<p>\r\n	<span style="font-size:14px;"><span style="font-size:14px;"><a href="https://yuanbaohui.com/news/detail/?id=852" target="_blank"><u></u><br />\r\n</a></span></span> \r\n</p>\r\n<p>\r\n	<span style="font-size:14px;"><span style="font-size:14px;"><a href="https://yuanbaohui.com/news/detail/?id=852" target="_blank"><strong><br />\r\n</strong></a></span></span> \r\n</p>\r\n<p>\r\n	<span style="font-size:14px;"></span><span style="font-size:14px;"></span><span style="font-size:14px;"><span style="font-size:14px;"><strong></strong></span><strong></strong></span> \r\n</p>', '1458959832', 0, '', 1),
(123, 123, '买入指南', '<b><span style="font-weight:normal;"></span></b><img src="http://www.jubi.com/images/jubi/help/trade2.png" height="158" width="1158" />\r\n<p>\r\n	1.页面跳转到狗狗币交易页面，在买入栏中填入【买入价格】【买入数量】【交易密码】，点击【买入】。系统将自动成交挂单。\r\n</p>\r\n<p>\r\n	<img src="http://www.jubi.com/images/jubi/help/trade3.png" />\r\n</p>\r\n<p>\r\n	<span class="impo">注：买入数量应小于等于【最大可买】。<br />\r\n虚拟币买入数量不能小于0.1；成交金额不能少于1元。<br />\r\n不同虚拟币的买入手续费不同，请买入前仔细确认金额。 </span>\r\n</p>\r\n<p>\r\n	2.挂单成功后，可在【财务中心】-【委托管理】中查询挂单委托情况。\r\n</p>\r\n<p>\r\n	<img src="http://www.jubi.com/images/jubi/help/trade4.png" />\r\n</p>\r\n<p>\r\n	<span class="impo">注：若挂单价格与当前市价不吻合，可能导致挂单不能及时成交。可稍作等待，观察行情。若挂单仍未成交，可撤销（交易中心-我的委托挂单-撤销）挂单调整价格重新挂单。撤销后，未成交部分资产（如买币时冻结的资金、卖币时冻结的币）将原数返还到您的平台账户中。</span>\r\n</p>\r\n<p>\r\n	3. 也可在【财务中心】-【成交查询】中查询挂单成交情况。\r\n</p>\r\n<p>\r\n	<img src="http://www.jubi.com/images/jubi/help/trade5.png" />\r\n</p>\r\n<p>\r\n	4.挂单成交后，请刷新页面，点击【财务中心】查看资产变化。 <br />\r\n如有挂单其他问题，可咨询在线客服400-657-8880。\r\n</p>', '1458960048', 0, '', 0),
(125, 2, '测试', '<span style="font-family:微软雅黑, ''Microsoft YaHei'';font-size:14px;color:#595959;"> <a href="http://www.btctrade.com/">比特币</a>区块链作为一项新兴技术，已经在科技和金融领域中试水了几个月。如今，其他行业和政府机构中的人开始询问关于区块链的问题。我相信，比特币区块链技术不仅有潜力改变商业的运营模式，也能在政府企业和市民间发挥作用。</span> \r\n<p style="text-align:center;">\r\n	<img src="http://www.btctrade.com/images/trade/news/201603/1440040.jpg" height="454" width="713" /> \r\n</p>\r\n<p>\r\n	<span style="font-family:微软雅黑, ''Microsoft YaHei'';font-size:14px;color:#595959;"> </span> \r\n</p>\r\n<p>\r\n	<span style="font-family:微软雅黑, ''Microsoft YaHei'';font-size:14px;color:#595959;"> 美国众议院能源和商务小组委员会的成员正在寻找他们所谓的“颠覆性”的技术，以此来评估他们对企业、政府和经济的影响力潜力，他们也请我给出一些关于比特币区块链的意见和看法。</span> \r\n</p>\r\n<p>\r\n	<br />\r\n</p>\r\n<p>\r\n	<span style="font-family:微软雅黑, ''Microsoft YaHei'';font-size:14px;color:#595959;"> 他们称比特币区块链技术是颠覆性的，这一点毋庸置疑。这绝对是一项革命性的技术。以比特币区块链为基础的系统可以有助于从根本上提高整个行业，这一改变将\r\n从银行业和保险业开始。但这一影响范围可能会更广泛。只要有价值的产业从一方转向另一方的时候，只要你需要确切的知道数字信息是独一无二的时候（而且任何\r\n一方在没有其余当事方同意的情况下不可以改变这一信息），你就会明白区块链技术大有作为。</span> \r\n</p>\r\n<p>\r\n	<br />\r\n</p>\r\n<p>\r\n	<span style="font-family:微软雅黑, ''Microsoft YaHei'';font-size:14px;color:#595959;"> 以下是人们需要了解的比特币区块链的四个关键信息：</span> \r\n</p>\r\n<p>\r\n	<br />\r\n</p>\r\n<p>\r\n	<strong><span style="font-family:微软雅黑, ''Microsoft YaHei'';font-size:14px;color:#595959;"> 1）比特币区块链创造守信高效的互动。</span></strong> \r\n</p>\r\n<p>\r\n	<br />\r\n</p>\r\n<p>\r\n	<span style="font-family:微软雅黑, ''Microsoft YaHei'';font-size:14px;color:#595959;"> 尽管比特币区块链是使比特币加密货币运行的核心技术，但他也可以被用在完全不同的事上。</span> \r\n</p>\r\n<p>\r\n	<br />\r\n</p>\r\n<p>\r\n	<span style="font-family:微软雅黑, ''Microsoft YaHei'';font-size:14px;color:#595959;"> 比特币区块链是通过P2P网络分享的分布式总账，其中内容是一份不断扩大的数据列表。除去在网络上广而宣传的资料外，每个参与者都还有一份台账数据的精确\r\n副本。因此在一个交流互动活动上的所有参与者都有一个即时更新的台账，能够反映最新的交易和变更。通过这种方式，比特币区块链减少了用传统方法建立信用的\r\n需求。</span> \r\n</p>\r\n<p>\r\n	<br />\r\n</p>\r\n<p>\r\n	<strong><span style="font-family:微软雅黑, ''Microsoft YaHei'';font-size:14px;color:#595959;"> 2）比特币区块链技术必须不断提升，以满足企业的需要。</span></strong> \r\n</p>\r\n<p>\r\n	<br />\r\n</p>\r\n<p>\r\n	<span style="font-family:微软雅黑, ''Microsoft YaHei'';font-size:14px;color:#595959;"> 核心的技术需不断适应进一步的地址安全和隐私问题，由此才能开创一个为企业时刻准备着的区块链。另外，必须架构起计算机和互联网系统，以便他们能扩大规模\r\n处理更大量的交易，尤其是当企业和政府开始使用这种技术去处理他们核心组织事件的时候——要以秒为单位，而不是分钟。</span> \r\n</p>\r\n<p>\r\n	<br />\r\n</p>\r\n<p>\r\n	<strong><span style="font-family:微软雅黑, ''Microsoft YaHei'';font-size:14px;color:#595959;"> 3）比特币区块链必须具备开放性和互操作性。</span></strong> \r\n</p>\r\n<p>\r\n	<br />\r\n</p>\r\n<p>\r\n	<span style="font-family:微软雅黑, ''Microsoft YaHei'';font-size:14px;color:#595959;"> 为了让区块链实现其全部的潜力，它必须基于非专有技术标准，以此来确保系统的兼容性和互操作性。此外，不同种类的区块链版本应该使用开源软件，将自由的许\r\n可条款和严格的管理结合起来，而不是使用专有软件，专有软件可以被用来打压竞争对手。只有确保比特币区块链的开放性，他才能被广泛的接受，也才能不断地发\r\n展。</span> \r\n</p>\r\n<p>\r\n	<br />\r\n</p>\r\n<p>\r\n	<span style="font-family:微软雅黑, ''Microsoft YaHei'';font-size:14px;color:#595959;"> 这里有几个比特币区块链的开源项目，但是只有Linux基金会批准和管理的项目（被称作Hyperledger项目）才能提供业界友好条款和多公司治理。这也是为什么我们要加入Hyperledger项目，并且敦促其他国家也这样做的原因。</span> \r\n</p>\r\n<p>\r\n	<br />\r\n</p>\r\n<p>\r\n	<strong><span style="font-family:微软雅黑, ''Microsoft YaHei'';font-size:14px;color:#595959;"> 4）政府的参与能为比特币区块链带来巨额利润。</span></strong> \r\n</p>\r\n<p>\r\n	<br />\r\n</p>\r\n<p>\r\n	<span style="font-family:微软雅黑, ''Microsoft YaHei'';font-size:14px;color:#595959;"> 一个国内很有竞争力的观点批判的认为，美国企业和政府机构需要在了解比特币区块链技术潜力的情况下再引领世界走向，推进它的使用。因为比特币区块链技术使\r\n透明公开变为可能，政府机构能更好的了解金融和商贸体系里究竟发生了什么，并且在事情变得严重之前发现潜在的问题。比特币区块链还能更有效率的联结政府和\r\n企业，从税务事物到土地使用无所不能。</span> \r\n</p>\r\n<p>\r\n	<br />\r\n</p>\r\n<p>\r\n	<span style="font-family:微软雅黑, ''Microsoft YaHei'';font-size:14px;color:#595959;"> 就拿美国社会保障系统做一个例子。美国社保系统包括联邦政府，数以百万计的雇主，他们的薪资服务供应商以及两亿多受益者和向这个系统付款的个体工作者。这\r\n就是比特币区块链的一个模型场景。许多党派，规则，管理系统过程的许多步骤，以及高标准保护个人隐私安全不被泄露的迫切需。比特币区块链是一个典型的新兴\r\n技术。它有着广泛的用途，能带来很大的利益，但是它们和人们过去所习惯的有很大的区别，所以很多企业和政府领导人都采取了截然不同的等待和观望的态度。我\r\n们赞赏明智谨慎，但同时，我们也相信如果组织和机构不能尽快的评估比特币区块链的潜力，并且开始做切实的实验，他们将会被甩在我们所说的世界结构性转变的\r\n后面。</span> \r\n</p>\r\n<p>\r\n	<br />\r\n</p>\r\n<p>\r\n	<span style="font-family:微软雅黑, ''Microsoft YaHei'';font-size:14px;color:#595959;"> 比特币区块链也许已经开始在加密货币领域的阴影中开始活动了，但现在的情况是它站在了大众的视野里——作为一个强大的工具，准备为企业和社会提供服务。</span> \r\n</p>', '1458960515', 0, '', 1),
(32, 126, '新币上线申请', '<span>   若您是加密数字货币开发者或者官方团队成员，有意向将您开发的币种上线聚币网，欢迎您通过以下方式和流程递交申请。</span> \r\n<p>\r\n	申请流程：\r\n</p>\r\n<ol>\r\n	<li>\r\n		下载 <a href="http://www.jubi.com/newcoin-sheet.docx" target="_blank">“新币上线申请表”</a>，按要求填写并发送至邮箱market@jubi.com。\r\n	</li>\r\n	<li>\r\n		若申请资料填写齐全并符合聚币上线条件，我们将和申请人或官方团队联系并确定币种上线可行性。\r\n	</li>\r\n	<li>\r\n		确定上线币种后，聚币会安排技术进行钱包、交易相关开发，我们将至少提前1天通知上线新币 。\r\n	</li>\r\n</ol>\r\n<p>\r\n	另：若在聚币已上线的币种出现下列情况之一，聚币将考虑下线该币种。\r\n</p>\r\n<ol>\r\n	<li>\r\n		官方团队解散或者不再有正常维护更新，导致该币种不能进行正常挖矿、转币、区块查询等；\r\n	</li>\r\n	<li>\r\n		该币种已经没有用户进行交易或者使用、持有；\r\n	</li>\r\n	<li>\r\n		该币种出现重大技术故障，影响到区块查询、挖矿转币等正常功能；\r\n	</li>\r\n	<li>\r\n		官方团队涉嫌恶意预挖、传销诈骗、坐庄圈钱等欺诈行为。\r\n	</li>\r\n</ol>\r\n<p>\r\n	<a>为了维护广大用户的财产安全我们将尽量避免币种下线。</a>\r\n</p>', '1459152106', 0, '', 0),
(128, 63, '6565656565', '656565656565656565656565656565656565656565656565656565656565656565656565656565656565656565656565656565656565656565656565', '1460083469', 0, '', 1),
(129, 62, '34r5tw4rt', 'waerwrwerwer', '1460083529', 0, '', 1);
INSERT INTO `yang_article` (`article_id`, `position_id`, `title`, `content`, `add_time`, `status`, `type`, `sign`) VALUES
(323, 1, '434334433443', '<div style="color:#333333;font-family:''Helvetica Neue'', Helvetica, Arial, sans-serif;background-color:#FFFFFF;">\r\n	<span style="font-family:''Microsoft YaHei'';font-size:18px;"><strong>活动简介：</strong></span><br />\r\n</div>\r\n<p style="color:#333333;font-family:''Helvetica Neue'', Helvetica, Arial, sans-serif;background-color:#FFFFFF;">\r\n	<span style="font-family:''Microsoft YaHei'';font-size:18px;">此次集训营，是猪八戒成立10年来，最系统的一次服务商培训，总裁亲临，由猪八戒商学院联合类目运营事业部、手机猪八戒等部门倾力巨献。涵盖店铺引流、提升店铺转化率、手机店铺运营等一些列成长课程。</span>\r\n</p>\r\n<p style="color:#333333;font-family:''Helvetica Neue'', Helvetica, Arial, sans-serif;background-color:#FFFFFF;">\r\n	<span style="font-family:''Microsoft YaHei'';font-size:18px;">首站重庆圆满开营，4月落户杭州，此后数月集训营将陆续登陆北京、广州、深圳、南京、西安、成都等城市。</span>\r\n</p>\r\n<p style="color:#333333;font-family:''Helvetica Neue'', Helvetica, Arial, sans-serif;background-color:#FFFFFF;">\r\n	<span style="font-family:''Microsoft YaHei'';font-size:18px;">本次集训营  <strong><span style="color:#3333FF;">培训</span></strong></span><span style="font-family:''Microsoft YaHei'';font-size:18px;"><strong><span style="color:#3333FF;">时间：4月23日\r\n	<div style="color:#333333;font-family:''Helvetica Neue'', Helvetica, Arial, sans-serif;background-color:#FFFFFF;">\r\n		<span style="font-family:''Microsoft YaHei'';font-size:18px;"><strong>活动简介：</strong></span><br />\r\n	</div>\r\n	<p style="color:#333333;font-family:''Helvetica Neue'', Helvetica, Arial, sans-serif;background-color:#FFFFFF;">\r\n		<span style="font-family:''Microsoft YaHei'';font-size:18px;">此次集训营，是猪八戒成立10年来，最系统的一次服务商培训，总裁亲临，由猪八戒商学院联合类目运营事业部、手机猪八戒等部门倾力巨献。涵盖店铺引流、提升店铺转化率、手机店铺运营等一些列成长课程。</span>\r\n	</p>\r\n	<p style="color:#333333;font-family:''Helvetica Neue'', Helvetica, Arial, sans-serif;background-color:#FFFFFF;">\r\n		<span style="font-family:''Microsoft YaHei'';font-size:18px;">首站重庆圆满开营，4月落户杭州，此后数月集训营将陆续登陆北京、广州、深圳、南京、西安、成都等城市。</span>\r\n	</p>\r\n	<p style="color:#333333;font-family:''Helvetica Neue'', Helvetica, Arial, sans-serif;background-color:#FFFFFF;">\r\n		<span style="font-family:''Microsoft YaHei'';font-size:18px;">本次集训营  <strong><span style="color:#3333FF;">培训</span></strong></span><span style="font-family:''Microsoft YaHei'';font-size:18px;"><strong><span style="color:#3333FF;">时间：4月23日\r\n		<div style="color:#333333;font-family:''Helvetica Neue'', Helvetica, Arial, sans-serif;background-color:#FFFFFF;">\r\n			<span style="font-family:''Microsoft YaHei'';font-size:18px;"><strong>活动简介：</strong></span><br />\r\n		</div>\r\n		<p style="color:#333333;font-family:''Helvetica Neue'', Helvetica, Arial, sans-serif;background-color:#FFFFFF;">\r\n			<span style="font-family:''Microsoft YaHei'';font-size:18px;">此次集训营，是猪八戒成立10年来，最系统的一次服务商培训，总裁亲临，由猪八戒商学院联合类目运营事业部、手机猪八戒等部门倾力巨献。涵盖店铺引流、提升店铺转化率、手机店铺运营等一些列成长课程。</span>\r\n		</p>\r\n		<p style="color:#333333;font-family:''Helvetica Neue'', Helvetica, Arial, sans-serif;background-color:#FFFFFF;">\r\n			<span style="font-family:''Microsoft YaHei'';font-size:18px;">首站重庆圆满开营，4月落户杭州，此后数月集训营将陆续登陆北京、广州、深圳、南京、西安、成都等城市。</span>\r\n		</p>\r\n		<p style="color:#333333;font-family:''Helvetica Neue'', Helvetica, Arial, sans-serif;background-color:#FFFFFF;">\r\n			<span style="font-family:''Microsoft YaHei'';font-size:18px;">本次集训营  <strong><span style="color:#3333FF;">培训</span></strong></span><span style="font-family:''Microsoft YaHei'';font-size:18px;"><strong><span style="color:#3333FF;">时间：4月23日</span></strong></span>\r\n		</p>\r\n		<p style="color:#333333;font-family:''Helvetica Neue'', Helvetica, Arial, sans-serif;background-color:#FFFFFF;">\r\n			<span style="font-family:''Microsoft YaHei'';font-size:18px;"><span style="color:#3333FF;">                   <strong>培训地点：杭州海外海纳川酒店（杭州市石祥路575号）</strong></span></span>\r\n		</p>\r\n		<div>\r\n			<strong><br />\r\n</strong>\r\n		</div>\r\n		<div style="color:#333333;font-family:''Helvetica Neue'', Helvetica, Arial, sans-serif;background-color:#FFFFFF;">\r\n			<span style="font-family:''Microsoft YaHei'';font-size:18px;"><strong>活动简介：</strong></span><br />\r\n		</div>\r\n		<p style="color:#333333;font-family:''Helvetica Neue'', Helvetica, Arial, sans-serif;background-color:#FFFFFF;">\r\n			<span style="font-family:''Microsoft YaHei'';font-size:18px;">此次集训营，是猪八戒成立10年来，最系统的一次服务商培训，总裁亲临，由猪八戒商学院联合类目运营事业部、手机猪八戒等部门倾力巨献。涵盖店铺引流、提升店铺转化率、手机店铺运营等一些列成长课程。</span>\r\n		</p>\r\n		<p style="color:#333333;font-family:''Helvetica Neue'', Helvetica, Arial, sans-serif;background-color:#FFFFFF;">\r\n			<span style="font-family:''Microsoft YaHei'';font-size:18px;">首站重庆圆满开营，4月落户杭州，此后数月集训营将陆续登陆北京、广州、深圳、南京、西安、成都等城市。</span>\r\n		</p>\r\n		<p style="color:#333333;font-family:''Helvetica Neue'', Helvetica, Arial, sans-serif;background-color:#FFFFFF;">\r\n			<span style="font-family:''Microsoft YaHei'';font-size:18px;">本次集训营  <strong><span style="color:#3333FF;">培训</span></strong></span><span style="font-family:''Microsoft YaHei'';font-size:18px;"><strong><span style="color:#3333FF;">时间：4月23日</span></strong></span>\r\n		</p>\r\n		<p style="color:#333333;font-family:''Helvetica Neue'', Helvetica, Arial, sans-serif;background-color:#FFFFFF;">\r\n			<span style="font-family:''Microsoft YaHei'';font-size:18px;"><span style="color:#3333FF;">                   <strong>培训地点：杭州海外海纳川酒店（杭州市石祥路575号）</strong></span></span>\r\n		</p>\r\n		<div>\r\n			<strong><br />\r\n</strong>\r\n		</div>\r\n		<div style="color:#333333;font-family:''Helvetica Neue'', Helvetica, Arial, sans-serif;background-color:#FFFFFF;">\r\n			<span style="font-family:''Microsoft YaHei'';font-size:18px;"><strong>活动简介：</strong></span><br />\r\n		</div>\r\n		<p style="color:#333333;font-family:''Helvetica Neue'', Helvetica, Arial, sans-serif;background-color:#FFFFFF;">\r\n			<span style="font-family:''Microsoft YaHei'';font-size:18px;">此次集训营，是猪八戒成立10年来，最系统的一次服务商培训，总裁亲临，由猪八戒商学院联合类目运营事业部、手机猪八戒等部门倾力巨献。涵盖店铺引流、提升店铺转化率、手机店铺运营等一些列成长课程。</span>\r\n		</p>\r\n		<p style="color:#333333;font-family:''Helvetica Neue'', Helvetica, Arial, sans-serif;background-color:#FFFFFF;">\r\n			<span style="font-family:''Microsoft YaHei'';font-size:18px;">首站重庆圆满开营，4月落户杭州，此后数月集训营将陆续登陆北京、广州、深圳、南京、西安、成都等城市。</span>\r\n		</p>\r\n		<p style="color:#333333;font-family:''Helvetica Neue'', Helvetica, Arial, sans-serif;background-color:#FFFFFF;">\r\n			<span style="font-family:''Microsoft YaHei'';font-size:18px;">本次集训营  <strong><span style="color:#3333FF;">培训</span></strong></span><span style="font-family:''Microsoft YaHei'';font-size:18px;"><strong><span style="color:#3333FF;">时间：4月23日</span></strong></span>\r\n		</p>\r\n		<p style="color:#333333;font-family:''Helvetica Neue'', Helvetica, Arial, sans-serif;background-color:#FFFFFF;">\r\n			<span style="font-family:''Microsoft YaHei'';font-size:18px;"><span style="color:#3333FF;">                   <strong>培训地点：杭州海外海纳川酒店（杭州市石祥路575号）</strong></span></span>\r\n		</p>\r\n		<div>\r\n			<strong><br />\r\n</strong>\r\n		</div>\r\n		<div style="color:#333333;font-family:''Helvetica Neue'', Helvetica, Arial, sans-serif;background-color:#FFFFFF;">\r\n			<span style="font-family:''Microsoft YaHei'';font-size:18px;"><strong>活动简介：</strong></span><br />\r\n		</div>\r\n		<p style="color:#333333;font-family:''Helvetica Neue'', Helvetica, Arial, sans-serif;background-color:#FFFFFF;">\r\n			<span style="font-family:''Microsoft YaHei'';font-size:18px;">此次集训营，是猪八戒成立10年来，最系统的一次服务商培训，总裁亲临，由猪八戒商学院联合类目运营事业部、手机猪八戒等部门倾力巨献。涵盖店铺引流、提升店铺转化率、手机店铺运营等一些列成长课程。</span>\r\n		</p>\r\n		<p style="color:#333333;font-family:''Helvetica Neue'', Helvetica, Arial, sans-serif;background-color:#FFFFFF;">\r\n			<span style="font-family:''Microsoft YaHei'';font-size:18px;">首站重庆圆满开营，4月落户杭州，此后数月集训营将陆续登陆北京、广州、深圳、南京、西安、成都等城市。</span>\r\n		</p>\r\n		<p style="color:#333333;font-family:''Helvetica Neue'', Helvetica, Arial, sans-serif;background-color:#FFFFFF;">\r\n			<span style="font-family:''Microsoft YaHei'';font-size:18px;">本次集训营  <strong><span style="color:#3333FF;">培训</span></strong></span><span style="font-family:''Microsoft YaHei'';font-size:18px;"><strong><span style="color:#3333FF;">时间：4月23日</span></strong></span>\r\n		</p>\r\n		<p style="color:#333333;font-family:''Helvetica Neue'', Helvetica, Arial, sans-serif;background-color:#FFFFFF;">\r\n			<span style="font-family:''Microsoft YaHei'';font-size:18px;"><span style="color:#3333FF;">                   <strong>培训地点：杭州海外海纳川酒店（杭州市石祥路575号）</strong></span></span>\r\n		</p>\r\n		<div>\r\n			<strong><br />\r\n</strong>\r\n		</div>\r\n		<div style="color:#333333;font-family:''Helvetica Neue'', Helvetica, Arial, sans-serif;background-color:#FFFFFF;">\r\n			<span style="font-family:''Microsoft YaHei'';font-size:18px;"><strong>活动简介：</strong></span><br />\r\n		</div>\r\n		<p style="color:#333333;font-family:''Helvetica Neue'', Helvetica, Arial, sans-serif;background-color:#FFFFFF;">\r\n			<span style="font-family:''Microsoft YaHei'';font-size:18px;">此次集训营，是猪八戒成立10年来，最系统的一次服务商培训，总裁亲临，由猪八戒商学院联合类目运营事业部、手机猪八戒等部门倾力巨献。涵盖店铺引流、提升店铺转化率、手机店铺运营等一些列成长课程。</span>\r\n		</p>\r\n		<p style="color:#333333;font-family:''Helvetica Neue'', Helvetica, Arial, sans-serif;background-color:#FFFFFF;">\r\n			<span style="font-family:''Microsoft YaHei'';font-size:18px;">首站重庆圆满开营，4月落户杭州，此后数月集训营将陆续登陆北京、广州、深圳、南京、西安、成都等城市。</span>\r\n		</p>\r\n		<p style="color:#333333;font-family:''Helvetica Neue'', Helvetica, Arial, sans-serif;background-color:#FFFFFF;">\r\n			<span style="font-family:''Microsoft YaHei'';font-size:18px;">本次集训营  <strong><span style="color:#3333FF;">培训</span></strong></span><span style="font-family:''Microsoft YaHei'';font-size:18px;"><strong><span style="color:#3333FF;">时间：4月23日</span></strong></span>\r\n		</p>\r\n		<p style="color:#333333;font-family:''Helvetica Neue'', Helvetica, Arial, sans-serif;background-color:#FFFFFF;">\r\n			<span style="font-family:''Microsoft YaHei'';font-size:18px;"><span style="color:#3333FF;">                   <strong>培训地点：杭州海外海纳川酒店（杭州市石祥路575号）</strong></span></span>\r\n		</p>\r\n		<div>\r\n			<strong><br />\r\n</strong>\r\n		</div>\r\n		<div style="color:#333333;font-family:''Helvetica Neue'', Helvetica, Arial, sans-serif;background-color:#FFFFFF;">\r\n			<span style="font-family:''Microsoft YaHei'';font-size:18px;"><strong>活动简介：</strong></span><br />\r\n		</div>\r\n		<p style="color:#333333;font-family:''Helvetica Neue'', Helvetica, Arial, sans-serif;background-color:#FFFFFF;">\r\n			<span style="font-family:''Microsoft YaHei'';font-size:18px;">此次集训营，是猪八戒成立10年来，最系统的一次服务商培训，总裁亲临，由猪八戒商学院联合类目运营事业部、手机猪八戒等部门倾力巨献。涵盖店铺引流、提升店铺转化率、手机店铺运营等一些列成长课程。</span>\r\n		</p>\r\n		<p style="color:#333333;font-family:''Helvetica Neue'', Helvetica, Arial, sans-serif;background-color:#FFFFFF;">\r\n			<span style="font-family:''Microsoft YaHei'';font-size:18px;">首站重庆圆满开营，4月落户杭州，此后数月集训营将陆续登陆北京、广州、深圳、南京、西安、成都等城市。</span>\r\n		</p>\r\n		<p style="color:#333333;font-family:''Helvetica Neue'', Helvetica, Arial, sans-serif;background-color:#FFFFFF;">\r\n			<span style="font-family:''Microsoft YaHei'';font-size:18px;">本次集训营  <strong><span style="color:#3333FF;">培训</span></strong></span><span style="font-family:''Microsoft YaHei'';font-size:18px;"><strong><span style="color:#3333FF;">时间：4月23日</span></strong></span>\r\n		</p>\r\n		<p style="color:#333333;font-family:''Helvetica Neue'', Helvetica, Arial, sans-serif;background-color:#FFFFFF;">\r\n			<span style="font-family:''Microsoft YaHei'';font-size:18px;"><span style="color:#3333FF;">                   <strong>培训地点：杭州海外海纳川酒店（杭州市石祥路575号）</strong></span></span>\r\n		</p>\r\n		<div>\r\n			<strong><br />\r\n</strong>\r\n		</div>\r\n</span></strong></span>\r\n	</p>\r\n	<p style="color:#333333;font-family:''Helvetica Neue'', Helvetica, Arial, sans-serif;background-color:#FFFFFF;">\r\n		<span style="font-family:''Microsoft YaHei'';font-size:18px;"><span style="color:#3333FF;">                   <strong>培训地点：杭州海外海纳川酒店（杭州市石祥路575号）</strong></span></span>\r\n	</p>\r\n	<div>\r\n		<strong><br />\r\n</strong>\r\n	</div>\r\n	<div style="color:#333333;font-family:''Helvetica Neue'', Helvetica, Arial, sans-serif;background-color:#FFFFFF;">\r\n		<span style="font-family:''Microsoft YaHei'';font-size:18px;"><strong>活动简介：</strong></span><br />\r\n	</div>\r\n	<p style="color:#333333;font-family:''Helvetica Neue'', Helvetica, Arial, sans-serif;background-color:#FFFFFF;">\r\n		<span style="font-family:''Microsoft YaHei'';font-size:18px;">此次集训营，是猪八戒成立10年来，最系统的一次服务商培训，总裁亲临，由猪八戒商学院联合类目运营事业部、手机猪八戒等部门倾力巨献。涵盖店铺引流、提升店铺转化率、手机店铺运营等一些列成长课程。</span>\r\n	</p>\r\n	<p style="color:#333333;font-family:''Helvetica Neue'', Helvetica, Arial, sans-serif;background-color:#FFFFFF;">\r\n		<span style="font-family:''Microsoft YaHei'';font-size:18px;">首站重庆圆满开营，4月落户杭州，此后数月集训营将陆续登陆北京、广州、深圳、南京、西安、成都等城市。</span>\r\n	</p>\r\n	<p style="color:#333333;font-family:''Helvetica Neue'', Helvetica, Arial, sans-serif;background-color:#FFFFFF;">\r\n		<span style="font-family:''Microsoft YaHei'';font-size:18px;">本次集训营  <strong><span style="color:#3333FF;">培训</span></strong></span><span style="font-family:''Microsoft YaHei'';font-size:18px;"><strong><span style="color:#3333FF;">时间：4月23日</span></strong></span>\r\n	</p>\r\n	<p style="color:#333333;font-family:''Helvetica Neue'', Helvetica, Arial, sans-serif;background-color:#FFFFFF;">\r\n		<span style="font-family:''Microsoft YaHei'';font-size:18px;"><span style="color:#3333FF;">                   <strong>培训地点：杭州海外海纳川酒店（杭州市石祥路575号）</strong></span></span>\r\n	</p>\r\n	<div>\r\n		<strong><br />\r\n</strong>\r\n	</div>\r\n	<div style="color:#333333;font-family:''Helvetica Neue'', Helvetica, Arial, sans-serif;background-color:#FFFFFF;">\r\n		<span style="font-family:''Microsoft YaHei'';font-size:18px;"><strong>活动简介：</strong></span><br />\r\n	</div>\r\n	<p style="color:#333333;font-family:''Helvetica Neue'', Helvetica, Arial, sans-serif;background-color:#FFFFFF;">\r\n		<span style="font-family:''Microsoft YaHei'';font-size:18px;">此次集训营，是猪八戒成立10年来，最系统的一次服务商培训，总裁亲临，由猪八戒商学院联合类目运营事业部、手机猪八戒等部门倾力巨献。涵盖店铺引流、提升店铺转化率、手机店铺运营等一些列成长课程。</span>\r\n	</p>\r\n	<p style="color:#333333;font-family:''Helvetica Neue'', Helvetica, Arial, sans-serif;background-color:#FFFFFF;">\r\n		<span style="font-family:''Microsoft YaHei'';font-size:18px;">首站重庆圆满开营，4月落户杭州，此后数月集训营将陆续登陆北京、广州、深圳、南京、西安、成都等城市。</span>\r\n	</p>\r\n	<p style="color:#333333;font-family:''Helvetica Neue'', Helvetica, Arial, sans-serif;background-color:#FFFFFF;">\r\n		<span style="font-family:''Microsoft YaHei'';font-size:18px;">本次集训营  <strong><span style="color:#3333FF;">培训</span></strong></span><span style="font-family:''Microsoft YaHei'';font-size:18px;"><strong><span style="color:#3333FF;">时间：4月23日</span></strong></span>\r\n	</p>\r\n	<p style="color:#333333;font-family:''Helvetica Neue'', Helvetica, Arial, sans-serif;background-color:#FFFFFF;">\r\n		<span style="font-family:''Microsoft YaHei'';font-size:18px;"><span style="color:#3333FF;">                   <strong>培训地点：杭州海外海纳川酒店（杭州市石祥路575号）</strong></span></span>\r\n	</p>\r\n	<div>\r\n		<strong><br />\r\n</strong>\r\n	</div>\r\n	<div style="color:#333333;font-family:''Helvetica Neue'', Helvetica, Arial, sans-serif;background-color:#FFFFFF;">\r\n		<span style="font-family:''Microsoft YaHei'';font-size:18px;"><strong>活动简介：</strong></span><br />\r\n	</div>\r\n	<p style="color:#333333;font-family:''Helvetica Neue'', Helvetica, Arial, sans-serif;background-color:#FFFFFF;">\r\n		<span style="font-family:''Microsoft YaHei'';font-size:18px;">此次集训营，是猪八戒成立10年来，最系统的一次服务商培训，总裁亲临，由猪八戒商学院联合类目运营事业部、手机猪八戒等部门倾力巨献。涵盖店铺引流、提升店铺转化率、手机店铺运营等一些列成长课程。</span>\r\n	</p>\r\n	<p style="color:#333333;font-family:''Helvetica Neue'', Helvetica, Arial, sans-serif;background-color:#FFFFFF;">\r\n		<span style="font-family:''Microsoft YaHei'';font-size:18px;">首站重庆圆满开营，4月落户杭州，此后数月集训营将陆续登陆北京、广州、深圳、南京、西安、成都等城市。</span>\r\n	</p>\r\n	<p style="color:#333333;font-family:''Helvetica Neue'', Helvetica, Arial, sans-serif;background-color:#FFFFFF;">\r\n		<span style="font-family:''Microsoft YaHei'';font-size:18px;">本次集训营  <strong><span style="color:#3333FF;">培训</span></strong></span><span style="font-family:''Microsoft YaHei'';font-size:18px;"><strong><span style="color:#3333FF;">时间：4月23日</span></strong></span>\r\n	</p>\r\n	<p style="color:#333333;font-family:''Helvetica Neue'', Helvetica, Arial, sans-serif;background-color:#FFFFFF;">\r\n		<span style="font-family:''Microsoft YaHei'';font-size:18px;"><span style="color:#3333FF;">                   <strong>培训地点：杭州海外海纳川酒店（杭州市石祥路575号）</strong></span></span>\r\n	</p>\r\n	<div>\r\n		<strong><br />\r\n</strong>\r\n	</div>\r\n	<div style="color:#333333;font-family:''Helvetica Neue'', Helvetica, Arial, sans-serif;background-color:#FFFFFF;">\r\n		<span style="font-family:''Microsoft YaHei'';font-size:18px;"><strong>活动简介：</strong></span><br />\r\n	</div>\r\n	<p style="color:#333333;font-family:''Helvetica Neue'', Helvetica, Arial, sans-serif;background-color:#FFFFFF;">\r\n		<span style="font-family:''Microsoft YaHei'';font-size:18px;">此次集训营，是猪八戒成立10年来，最系统的一次服务商培训，总裁亲临，由猪八戒商学院联合类目运营事业部、手机猪八戒等部门倾力巨献。涵盖店铺引流、提升店铺转化率、手机店铺运营等一些列成长课程。</span>\r\n	</p>\r\n	<p style="color:#333333;font-family:''Helvetica Neue'', Helvetica, Arial, sans-serif;background-color:#FFFFFF;">\r\n		<span style="font-family:''Microsoft YaHei'';font-size:18px;">首站重庆圆满开营，4月落户杭州，此后数月集训营将陆续登陆北京、广州、深圳、南京、西安、成都等城市。</span>\r\n	</p>\r\n	<p style="color:#333333;font-family:''Helvetica Neue'', Helvetica, Arial, sans-serif;background-color:#FFFFFF;">\r\n		<span style="font-family:''Microsoft YaHei'';font-size:18px;">本次集训营  <strong><span style="color:#3333FF;">培训</span></strong></span><span style="font-family:''Microsoft YaHei'';font-size:18px;"><strong><span style="color:#3333FF;">时间：4月23日</span></strong></span>\r\n	</p>\r\n	<p style="color:#333333;font-family:''Helvetica Neue'', Helvetica, Arial, sans-serif;background-color:#FFFFFF;">\r\n		<span style="font-family:''Microsoft YaHei'';font-size:18px;"><span style="color:#3333FF;">                   <strong>培训地点：杭州海外海纳川酒店（杭州市石祥路575号）</strong></span></span>\r\n	</p>\r\n	<div>\r\n		<strong><br />\r\n</strong>\r\n	</div>\r\n	<div style="color:#333333;font-family:''Helvetica Neue'', Helvetica, Arial, sans-serif;background-color:#FFFFFF;">\r\n		<span style="font-family:''Microsoft YaHei'';font-size:18px;"><strong>活动简介：</strong></span><br />\r\n	</div>\r\n	<p style="color:#333333;font-family:''Helvetica Neue'', Helvetica, Arial, sans-serif;background-color:#FFFFFF;">\r\n		<span style="font-family:''Microsoft YaHei'';font-size:18px;">此次集训营，是猪八戒成立10年来，最系统的一次服务商培训，总裁亲临，由猪八戒商学院联合类目运营事业部、手机猪八戒等部门倾力巨献。涵盖店铺引流、提升店铺转化率、手机店铺运营等一些列成长课程。</span>\r\n	</p>\r\n	<p style="color:#333333;font-family:''Helvetica Neue'', Helvetica, Arial, sans-serif;background-color:#FFFFFF;">\r\n		<span style="font-family:''Microsoft YaHei'';font-size:18px;">首站重庆圆满开营，4月落户杭州，此后数月集训营将陆续登陆北京、广州、深圳、南京、西安、成都等城市。</span>\r\n	</p>\r\n	<p style="color:#333333;font-family:''Helvetica Neue'', Helvetica, Arial, sans-serif;background-color:#FFFFFF;">\r\n		<span style="font-family:''Microsoft YaHei'';font-size:18px;">本次集训营  <strong><span style="color:#3333FF;">培训</span></strong></span><span style="font-family:''Microsoft YaHei'';font-size:18px;"><strong><span style="color:#3333FF;">时间：4月23日</span></strong></span>\r\n	</p>\r\n	<p style="color:#333333;font-family:''Helvetica Neue'', Helvetica, Arial, sans-serif;background-color:#FFFFFF;">\r\n		<span style="font-family:''Microsoft YaHei'';font-size:18px;"><span style="color:#3333FF;">                   <strong>培训地点：杭州海外海纳川酒店（杭州市石祥路575号）</strong></span></span>\r\n	</p>\r\n	<div>\r\n		<strong><br />\r\n</strong>\r\n	</div>\r\n	<div style="color:#333333;font-family:''Helvetica Neue'', Helvetica, Arial, sans-serif;background-color:#FFFFFF;">\r\n		<span style="font-family:''Microsoft YaHei'';font-size:18px;"><strong>活动简介：</strong></span><br />\r\n	</div>\r\n	<p style="color:#333333;font-family:''Helvetica Neue'', Helvetica, Arial, sans-serif;background-color:#FFFFFF;">\r\n		<span style="font-family:''Microsoft YaHei'';font-size:18px;">此次集训营，是猪八戒成立10年来，最系统的一次服务商培训，总裁亲临，由猪八戒商学院联合类目运营事业部、手机猪八戒等部门倾力巨献。涵盖店铺引流、提升店铺转化率、手机店铺运营等一些列成长课程。</span>\r\n	</p>\r\n	<p style="color:#333333;font-family:''Helvetica Neue'', Helvetica, Arial, sans-serif;background-color:#FFFFFF;">\r\n		<span style="font-family:''Microsoft YaHei'';font-size:18px;">首站重庆圆满开营，4月落户杭州，此后数月集训营将陆续登陆北京、广州、深圳、南京、西安、成都等城市。</span>\r\n	</p>\r\n	<p style="color:#333333;font-family:''Helvetica Neue'', Helvetica, Arial, sans-serif;background-color:#FFFFFF;">\r\n		<span style="font-family:''Microsoft YaHei'';font-size:18px;">本次集训营  <strong><span style="color:#3333FF;">培训</span></strong></span><span style="font-family:''Microsoft YaHei'';font-size:18px;"><strong><span style="color:#3333FF;">时间：4月23日</span></strong></span>\r\n	</p>\r\n	<p style="color:#333333;font-family:''Helvetica Neue'', Helvetica, Arial, sans-serif;background-color:#FFFFFF;">\r\n		<span style="font-family:''Microsoft YaHei'';font-size:18px;"><span style="color:#3333FF;">                   <strong>培训地点：杭州海外海纳川酒店（杭州市石祥路575号）</strong></span></span>\r\n	</p>\r\n	<div>\r\n		<strong><br />\r\n</strong>\r\n	</div>\r\n	<div style="color:#333333;font-family:''Helvetica Neue'', Helvetica, Arial, sans-serif;background-color:#FFFFFF;">\r\n		<span style="font-family:''Microsoft YaHei'';font-size:18px;"><strong>活动简介：</strong></span><br />\r\n	</div>\r\n	<p style="color:#333333;font-family:''Helvetica Neue'', Helvetica, Arial, sans-serif;background-color:#FFFFFF;">\r\n		<span style="font-family:''Microsoft YaHei'';font-size:18px;">此次集训营，是猪八戒成立10年来，最系统的一次服务商培训，总裁亲临，由猪八戒商学院联合类目运营事业部、手机猪八戒等部门倾力巨献。涵盖店铺引流、提升店铺转化率、手机店铺运营等一些列成长课程。</span>\r\n	</p>\r\n	<p style="color:#333333;font-family:''Helvetica Neue'', Helvetica, Arial, sans-serif;background-color:#FFFFFF;">\r\n		<span style="font-family:''Microsoft YaHei'';font-size:18px;">首站重庆圆满开营，4月落户杭州，此后数月集训营将陆续登陆北京、广州、深圳、南京、西安、成都等城市。</span>\r\n	</p>\r\n	<p style="color:#333333;font-family:''Helvetica Neue'', Helvetica, Arial, sans-serif;background-color:#FFFFFF;">\r\n		<span style="font-family:''Microsoft YaHei'';font-size:18px;">本次集训营  <strong><span style="color:#3333FF;">培训</span></strong></span><span style="font-family:''Microsoft YaHei'';font-size:18px;"><strong><span style="color:#3333FF;">时间：4月23日</span></strong></span>\r\n	</p>\r\n	<p style="color:#333333;font-family:''Helvetica Neue'', Helvetica, Arial, sans-serif;background-color:#FFFFFF;">\r\n		<span style="font-family:''Microsoft YaHei'';font-size:18px;"><span style="color:#3333FF;">                   <strong>培训地点：杭州海外海纳川酒店（杭州市石祥路575号）</strong></span></span>\r\n	</p>\r\n	<div>\r\n		<strong><br />\r\n</strong>\r\n	</div>\r\n	<div style="color:#333333;font-family:''Helvetica Neue'', Helvetica, Arial, sans-serif;background-color:#FFFFFF;">\r\n		<span style="font-family:''Microsoft YaHei'';font-size:18px;"><strong>活动简介：</strong></span><br />\r\n	</div>\r\n	<p style="color:#333333;font-family:''Helvetica Neue'', Helvetica, Arial, sans-serif;background-color:#FFFFFF;">\r\n		<span style="font-family:''Microsoft YaHei'';font-size:18px;">此次集训营，是猪八戒成立10年来，最系统的一次服务商培训，总裁亲临，由猪八戒商学院联合类目运营事业部、手机猪八戒等部门倾力巨献。涵盖店铺引流、提升店铺转化率、手机店铺运营等一些列成长课程。</span>\r\n	</p>\r\n	<p style="color:#333333;font-family:''Helvetica Neue'', Helvetica, Arial, sans-serif;background-color:#FFFFFF;">\r\n		<span style="font-family:''Microsoft YaHei'';font-size:18px;">首站重庆圆满开营，4月落户杭州，此后数月集训营将陆续登陆北京、广州、深圳、南京、西安、成都等城市。</span>\r\n	</p>\r\n	<p style="color:#333333;font-family:''Helvetica Neue'', Helvetica, Arial, sans-serif;background-color:#FFFFFF;">\r\n		<span style="font-family:''Microsoft YaHei'';font-size:18px;">本次集训营  <strong><span style="color:#3333FF;">培训</span></strong></span><span style="font-family:''Microsoft YaHei'';font-size:18px;"><strong><span style="color:#3333FF;">时间：4月23日</span></strong></span>\r\n	</p>\r\n	<p style="color:#333333;font-family:''Helvetica Neue'', Helvetica, Arial, sans-serif;background-color:#FFFFFF;">\r\n		<span style="font-family:''Microsoft YaHei'';font-size:18px;"><span style="color:#3333FF;">                   <strong>培训地点：杭州海外海纳川酒店（杭州市石祥路575号）</strong></span></span>\r\n	</p>\r\n	<div>\r\n		<strong><br />\r\n</strong>\r\n	</div>\r\n	<div style="color:#333333;font-family:''Helvetica Neue'', Helvetica, Arial, sans-serif;background-color:#FFFFFF;">\r\n		<span style="font-family:''Microsoft YaHei'';font-size:18px;"><strong>活动简介：</strong></span><br />\r\n	</div>\r\n	<p style="color:#333333;font-family:''Helvetica Neue'', Helvetica, Arial, sans-serif;background-color:#FFFFFF;">\r\n		<span style="font-family:''Microsoft YaHei'';font-size:18px;">此次集训营，是猪八戒成立10年来，最系统的一次服务商培训，总裁亲临，由猪八戒商学院联合类目运营事业部、手机猪八戒等部门倾力巨献。涵盖店铺引流、提升店铺转化率、手机店铺运营等一些列成长课程。</span>\r\n	</p>\r\n	<p style="color:#333333;font-family:''Helvetica Neue'', Helvetica, Arial, sans-serif;background-color:#FFFFFF;">\r\n		<span style="font-family:''Microsoft YaHei'';font-size:18px;">首站重庆圆满开营，4月落户杭州，此后数月集训营将陆续登陆北京、广州、深圳、南京、西安、成都等城市。</span>\r\n	</p>\r\n	<p style="color:#333333;font-family:''Helvetica Neue'', Helvetica, Arial, sans-serif;background-color:#FFFFFF;">\r\n		<span style="font-family:''Microsoft YaHei'';font-size:18px;">本次集训营  <strong><span style="color:#3333FF;">培训</span></strong></span><span style="font-family:''Microsoft YaHei'';font-size:18px;"><strong><span style="color:#3333FF;">时间：4月23日</span></strong></span>\r\n	</p>\r\n	<p style="color:#333333;font-family:''Helvetica Neue'', Helvetica, Arial, sans-serif;background-color:#FFFFFF;">\r\n		<span style="font-family:''Microsoft YaHei'';font-size:18px;"><span style="color:#3333FF;">                   <strong>培训地点：杭州海外海纳川酒店（杭州市石祥路575号）</strong></span></span>\r\n	</p>\r\n	<div>\r\n		<strong><br />\r\n</strong>\r\n	</div>\r\n	<div style="color:#333333;font-family:''Helvetica Neue'', Helvetica, Arial, sans-serif;background-color:#FFFFFF;">\r\n		<span style="font-family:''Microsoft YaHei'';font-size:18px;"><strong>活动简介：</strong></span><br />\r\n	</div>\r\n	<p style="color:#333333;font-family:''Helvetica Neue'', Helvetica, Arial, sans-serif;background-color:#FFFFFF;">\r\n		<span style="font-family:''Microsoft YaHei'';font-size:18px;">此次集训营，是猪八戒成立10年来，最系统的一次服务商培训，总裁亲临，由猪八戒商学院联合类目运营事业部、手机猪八戒等部门倾力巨献。涵盖店铺引流、提升店铺转化率、手机店铺运营等一些列成长课程。</span>\r\n	</p>\r\n	<p style="color:#333333;font-family:''Helvetica Neue'', Helvetica, Arial, sans-serif;background-color:#FFFFFF;">\r\n		<span style="font-family:''Microsoft YaHei'';font-size:18px;">首站重庆圆满开营，4月落户杭州，此后数月集训营将陆续登陆北京、广州、深圳、南京、西安、成都等城市。</span>\r\n	</p>\r\n	<p style="color:#333333;font-family:''Helvetica Neue'', Helvetica, Arial, sans-serif;background-color:#FFFFFF;">\r\n		<span style="font-family:''Microsoft YaHei'';font-size:18px;">本次集训营  <strong><span style="color:#3333FF;">培训</span></strong></span><span style="font-family:''Microsoft YaHei'';font-size:18px;"><strong><span style="color:#3333FF;">时间：4月23日</span></strong></span>\r\n	</p>\r\n	<p style="color:#333333;font-family:''Helvetica Neue'', Helvetica, Arial, sans-serif;background-color:#FFFFFF;">\r\n		<span style="font-family:''Microsoft YaHei'';font-size:18px;"><span style="color:#3333FF;">                   <strong>培训地点：杭州海外海纳川酒店（杭州市石祥路575号）</strong></span></span>\r\n	</p>\r\n	<div>\r\n		<strong><br />\r\n</strong>\r\n	</div>\r\n	<div style="color:#333333;font-family:''Helvetica Neue'', Helvetica, Arial, sans-serif;background-color:#FFFFFF;">\r\n		<span style="font-family:''Microsoft YaHei'';font-size:18px;"><strong>活动简介：</strong></span><br />\r\n	</div>\r\n	<p style="color:#333333;font-family:''Helvetica Neue'', Helvetica, Arial, sans-serif;background-color:#FFFFFF;">\r\n		<span style="font-family:''Microsoft YaHei'';font-size:18px;">此次集训营，是猪八戒成立10年来，最系统的一次服务商培训，总裁亲临，由猪八戒商学院联合类目运营事业部、手机猪八戒等部门倾力巨献。涵盖店铺引流、提升店铺转化率、手机店铺运营等一些列成长课程。</span>\r\n	</p>\r\n	<p style="color:#333333;font-family:''Helvetica Neue'', Helvetica, Arial, sans-serif;background-color:#FFFFFF;">\r\n		<span style="font-family:''Microsoft YaHei'';font-size:18px;">首站重庆圆满开营，4月落户杭州，此后数月集训营将陆续登陆北京、广州、深圳、南京、西安、成都等城市。</span>\r\n	</p>\r\n	<p style="color:#333333;font-family:''Helvetica Neue'', Helvetica, Arial, sans-serif;background-color:#FFFFFF;">\r\n		<span style="font-family:''Microsoft YaHei'';font-size:18px;">本次集训营  <strong><span style="color:#3333FF;">培训</span></strong></span><span style="font-family:''Microsoft YaHei'';font-size:18px;"><strong><span style="color:#3333FF;">时间：4月23日</span></strong></span>\r\n	</p>\r\n	<p style="color:#333333;font-family:''Helvetica Neue'', Helvetica, Arial, sans-serif;background-color:#FFFFFF;">\r\n		<span style="font-family:''Microsoft YaHei'';font-size:18px;"><span style="color:#3333FF;">                   <strong>培训地点：杭州海外海纳川酒店（杭州市石祥路575号）</strong></span></span>\r\n	</p>\r\n	<div>\r\n		<strong><br />\r\n</strong>\r\n	</div>\r\n	<div style="color:#333333;font-family:''Helvetica Neue'', Helvetica, Arial, sans-serif;background-color:#FFFFFF;">\r\n		<span style="font-family:''Microsoft YaHei'';font-size:18px;"><strong>活动简介：</strong></span><br />\r\n	</div>\r\n	<p style="color:#333333;font-family:''Helvetica Neue'', Helvetica, Arial, sans-serif;background-color:#FFFFFF;">\r\n		<span style="font-family:''Microsoft YaHei'';font-size:18px;">此次集训营，是猪八戒成立10年来，最系统的一次服务商培训，总裁亲临，由猪八戒商学院联合类目运营事业部、手机猪八戒等部门倾力巨献。涵盖店铺引流、提升店铺转化率、手机店铺运营等一些列成长课程。</span>\r\n	</p>\r\n	<p style="color:#333333;font-family:''Helvetica Neue'', Helvetica, Arial, sans-serif;background-color:#FFFFFF;">\r\n		<span style="font-family:''Microsoft YaHei'';font-size:18px;">首站重庆圆满开营，4月落户杭州，此后数月集训营将陆续登陆北京、广州、深圳、南京、西安、成都等城市。</span>\r\n	</p>\r\n	<p style="color:#333333;font-family:''Helvetica Neue'', Helvetica, Arial, sans-serif;background-color:#FFFFFF;">\r\n		<span style="font-family:''Microsoft YaHei'';font-size:18px;">本次集训营  <strong><span style="color:#3333FF;">培训</span></strong></span><span style="font-family:''Microsoft YaHei'';font-size:18px;"><strong><span style="color:#3333FF;">时间：4月23日</span></strong></span>\r\n	</p>\r\n	<p style="color:#333333;font-family:''Helvetica Neue'', Helvetica, Arial, sans-serif;background-color:#FFFFFF;">\r\n		<span style="font-family:''Microsoft YaHei'';font-size:18px;"><span style="color:#3333FF;">                   <strong>培训地点：杭州海外海纳川酒店（杭州市石祥路575号）</strong></span></span>\r\n	</p>\r\n	<div>\r\n		<strong><br />\r\n</strong>\r\n	</div>\r\n	<div style="color:#333333;font-family:''Helvetica Neue'', Helvetica, Arial, sans-serif;background-color:#FFFFFF;">\r\n		<span style="font-family:''Microsoft YaHei'';font-size:18px;"><strong>活动简介：</strong></span><br />\r\n	</div>\r\n	<p style="color:#333333;font-family:''Helvetica Neue'', Helvetica, Arial, sans-serif;background-color:#FFFFFF;">\r\n		<span style="font-family:''Microsoft YaHei'';font-size:18px;">此次集训营，是猪八戒成立10年来，最系统的一次服务商培训，总裁亲临，由猪八戒商学院联合类目运营事业部、手机猪八戒等部门倾力巨献。涵盖店铺引流、提升店铺转化率、手机店铺运营等一些列成长课程。</span>\r\n	</p>\r\n	<p style="color:#333333;font-family:''Helvetica Neue'', Helvetica, Arial, sans-serif;background-color:#FFFFFF;">\r\n		<span style="font-family:''Microsoft YaHei'';font-size:18px;">首站重庆圆满开营，4月落户杭州，此后数月集训营将陆续登陆北京、广州、深圳、南京、西安、成都等城市。</span>\r\n	</p>\r\n	<p style="color:#333333;font-family:''Helvetica Neue'', Helvetica, Arial, sans-serif;background-color:#FFFFFF;">\r\n		<span style="font-family:''Microsoft YaHei'';font-size:18px;">本次集训营  <strong><span style="color:#3333FF;">培训</span></strong></span><span style="font-family:''Microsoft YaHei'';font-size:18px;"><strong><span style="color:#3333FF;">时间：4月23日</span></strong></span>\r\n	</p>\r\n	<p style="color:#333333;font-family:''Helvetica Neue'', Helvetica, Arial, sans-serif;background-color:#FFFFFF;">\r\n		<span style="font-family:''Microsoft YaHei'';font-size:18px;"><span style="color:#3333FF;">                   <strong>培训地点：杭州海外海纳川酒店（杭州市石祥路575号）</strong></span></span>\r\n	</p>\r\n	<div>\r\n		<strong><br />\r\n</strong>\r\n	</div>\r\n	<div style="color:#333333;font-family:''Helvetica Neue'', Helvetica, Arial, sans-serif;background-color:#FFFFFF;">\r\n		<span style="font-family:''Microsoft YaHei'';font-size:18px;"><strong>活动简介：</strong></span><br />\r\n	</div>\r\n	<p style="color:#333333;font-family:''Helvetica Neue'', Helvetica, Arial, sans-serif;background-color:#FFFFFF;">\r\n		<span style="font-family:''Microsoft YaHei'';font-size:18px;">此次集训营，是猪八戒成立10年来，最系统的一次服务商培训，总裁亲临，由猪八戒商学院联合类目运营事业部、手机猪八戒等部门倾力巨献。涵盖店铺引流、提升店铺转化率、手机店铺运营等一些列成长课程。</span>\r\n	</p>\r\n	<p style="color:#333333;font-family:''Helvetica Neue'', Helvetica, Arial, sans-serif;background-color:#FFFFFF;">\r\n		<span style="font-family:''Microsoft YaHei'';font-size:18px;">首站重庆圆满开营，4月落户杭州，此后数月集训营将陆续登陆北京、广州、深圳、南京、西安、成都等城市。</span>\r\n	</p>\r\n	<p style="color:#333333;font-family:''Helvetica Neue'', Helvetica, Arial, sans-serif;background-color:#FFFFFF;">\r\n		<span style="font-family:''Microsoft YaHei'';font-size:18px;">本次集训营  <strong><span style="color:#3333FF;">培训</span></strong></span><span style="font-family:''Microsoft YaHei'';font-size:18px;"><strong><span style="color:#3333FF;">时间：4月23日</span></strong></span>\r\n	</p>\r\n	<p style="color:#333333;font-family:''Helvetica Neue'', Helvetica, Arial, sans-serif;background-color:#FFFFFF;">\r\n		<span style="font-family:''Microsoft YaHei'';font-size:18px;"><span style="color:#3333FF;">                   <strong>培训地点：杭州海外海纳川酒店（杭州市石祥路575号）</strong></span></span>\r\n	</p>\r\n	<div>\r\n		<strong><br />\r\n</strong>\r\n	</div>\r\n	<div style="color:#333333;font-family:''Helvetica Neue'', Helvetica, Arial, sans-serif;background-color:#FFFFFF;">\r\n		<span style="font-family:''Microsoft YaHei'';font-size:18px;"><strong>活动简介：</strong></span><br />\r\n	</div>\r\n	<p style="color:#333333;font-family:''Helvetica Neue'', Helvetica, Arial, sans-serif;background-color:#FFFFFF;">\r\n		<span style="font-family:''Microsoft YaHei'';font-size:18px;">此次集训营，是猪八戒成立10年来，最系统的一次服务商培训，总裁亲临，由猪八戒商学院联合类目运营事业部、手机猪八戒等部门倾力巨献。涵盖店铺引流、提升店铺转化率、手机店铺运营等一些列成长课程。</span>\r\n	</p>\r\n	<p style="color:#333333;font-family:''Helvetica Neue'', Helvetica, Arial, sans-serif;background-color:#FFFFFF;">\r\n		<span style="font-family:''Microsoft YaHei'';font-size:18px;">首站重庆圆满开营，4月落户杭州，此后数月集训营将陆续登陆北京、广州、深圳、南京、西安、成都等城市。</span>\r\n	</p>\r\n	<p style="color:#333333;font-family:''Helvetica Neue'', Helvetica, Arial, sans-serif;background-color:#FFFFFF;">\r\n		<span style="font-family:''Microsoft YaHei'';font-size:18px;">本次集训营  <strong><span style="color:#3333FF;">培训</span></strong></span><span style="font-family:''Microsoft YaHei'';font-size:18px;"><strong><span style="color:#3333FF;">时间：4月23日</span></strong></span>\r\n	</p>\r\n	<p style="color:#333333;font-family:''Helvetica Neue'', Helvetica, Arial, sans-serif;background-color:#FFFFFF;">\r\n		<span style="font-family:''Microsoft YaHei'';font-size:18px;"><span style="color:#3333FF;">                   <strong>培训地点：杭州海外海纳川酒店（杭州市石祥路575号）</strong></span></span>\r\n	</p>\r\n	<div>\r\n		<strong><br />\r\n</strong>\r\n	</div>\r\n	<div style="color:#333333;font-family:''Helvetica Neue'', Helvetica, Arial, sans-serif;background-color:#FFFFFF;">\r\n		<span style="font-family:''Microsoft YaHei'';font-size:18px;"><strong>活动简介：</strong></span><br />\r\n	</div>\r\n	<p style="color:#333333;font-family:''Helvetica Neue'', Helvetica, Arial, sans-serif;background-color:#FFFFFF;">\r\n		<span style="font-family:''Microsoft YaHei'';font-size:18px;">此次集训营，是猪八戒成立10年来，最系统的一次服务商培训，总裁亲临，由猪八戒商学院联合类目运营事业部、手机猪八戒等部门倾力巨献。涵盖店铺引流、提升店铺转化率、手机店铺运营等一些列成长课程。</span>\r\n	</p>\r\n	<p style="color:#333333;font-family:''Helvetica Neue'', Helvetica, Arial, sans-serif;background-color:#FFFFFF;">\r\n		<span style="font-family:''Microsoft YaHei'';font-size:18px;">首站重庆圆满开营，4月落户杭州，此后数月集训营将陆续登陆北京、广州、深圳、南京、西安、成都等城市。</span>\r\n	</p>\r\n	<p style="color:#333333;font-family:''Helvetica Neue'', Helvetica, Arial, sans-serif;background-color:#FFFFFF;">\r\n		<span style="font-family:''Microsoft YaHei'';font-size:18px;">本次集训营  <strong><span style="color:#3333FF;">培训</span></strong></span><span style="font-family:''Microsoft YaHei'';font-size:18px;"><strong><span style="color:#3333FF;">时间：4月23日</span></strong></span>\r\n	</p>\r\n	<p style="color:#333333;font-family:''Helvetica Neue'', Helvetica, Arial, sans-serif;background-color:#FFFFFF;">\r\n		<span style="font-family:''Microsoft YaHei'';font-size:18px;"><span style="color:#3333FF;">                   <strong>培训地点：杭州海外海纳川酒店（杭州市石祥路575号）</strong></span></span>\r\n	</p>\r\n	<div>\r\n		<strong><br />\r\n</strong>\r\n	</div>\r\n	<div style="color:#333333;font-family:''Helvetica Neue'', Helvetica, Arial, sans-serif;background-color:#FFFFFF;">\r\n		<span style="font-family:''Microsoft YaHei'';font-size:18px;"><strong>活动简介：</strong></span><br />\r\n	</div>\r\n	<p style="color:#333333;font-family:''Helvetica Neue'', Helvetica, Arial, sans-serif;background-color:#FFFFFF;">\r\n		<span style="font-family:''Microsoft YaHei'';font-size:18px;">此次集训营，是猪八戒成立10年来，最系统的一次服务商培训，总裁亲临，由猪八戒商学院联合类目运营事业部、手机猪八戒等部门倾力巨献。涵盖店铺引流、提升店铺转化率、手机店铺运营等一些列成长课程。</span>\r\n	</p>\r\n	<p style="color:#333333;font-family:''Helvetica Neue'', Helvetica, Arial, sans-serif;background-color:#FFFFFF;">\r\n		<span style="font-family:''Microsoft YaHei'';font-size:18px;">首站重庆圆满开营，4月落户杭州，此后数月集训营将陆续登陆北京、广州、深圳、南京、西安、成都等城市。</span>\r\n	</p>\r\n	<p style="color:#333333;font-family:''Helvetica Neue'', Helvetica, Arial, sans-serif;background-color:#FFFFFF;">\r\n		<span style="font-family:''Microsoft YaHei'';font-size:18px;">本次集训营  <strong><span style="color:#3333FF;">培训</span></strong></span><span style="font-family:''Microsoft YaHei'';font-size:18px;"><strong><span style="color:#3333FF;">时间：4月23日</span></strong></span>\r\n	</p>\r\n	<p style="color:#333333;font-family:''Helvetica Neue'', Helvetica, Arial, sans-serif;background-color:#FFFFFF;">\r\n		<span style="font-family:''Microsoft YaHei'';font-size:18px;"><span style="color:#3333FF;">                   <strong>培训地点：杭州海外海纳川酒店（杭州市石祥路575号）</strong></span></span>\r\n	</p>\r\n	<div>\r\n		<strong><br />\r\n</strong>\r\n	</div>\r\n</span></strong></span>\r\n</p>\r\n<p style="color:#333333;font-family:''Helvetica Neue'', Helvetica, Arial, sans-serif;background-color:#FFFFFF;">\r\n	<span style="font-family:''Microsoft YaHei'';font-size:18px;"><span style="color:#3333FF;">                   <strong>培训地点：杭州海外海纳川酒店（杭州市石祥路575号）</strong></span></span>\r\n</p>\r\n<div>\r\n	<strong><br />\r\n</strong>\r\n</div>\r\n<div style="color:#333333;font-family:''Helvetica Neue'', Helvetica, Arial, sans-serif;background-color:#FFFFFF;">\r\n	<span style="font-family:''Microsoft YaHei'';font-size:18px;"><strong>活动简介：</strong></span><br />\r\n</div>\r\n<p style="color:#333333;font-family:''Helvetica Neue'', Helvetica, Arial, sans-serif;background-color:#FFFFFF;">\r\n	<span style="font-family:''Microsoft YaHei'';font-size:18px;">此次集训营，是猪八戒成立10年来，最系统的一次服务商培训，总裁亲临，由猪八戒商学院联合类目运营事业部、手机猪八戒等部门倾力巨献。涵盖店铺引流、提升店铺转化率、手机店铺运营等一些列成长课程。</span>\r\n</p>\r\n<p style="color:#333333;font-family:''Helvetica Neue'', Helvetica, Arial, sans-serif;background-color:#FFFFFF;">\r\n	<span style="font-family:''Microsoft YaHei'';font-size:18px;">首站重庆圆满开营，4月落户杭州，此后数月集训营将陆续登陆北京、广州、深圳、南京、西安、成都等城市。</span>\r\n</p>\r\n<p style="color:#333333;font-family:''Helvetica Neue'', Helvetica, Arial, sans-serif;background-color:#FFFFFF;">\r\n	<span style="font-family:''Microsoft YaHei'';font-size:18px;">本次集训营  <strong><span style="color:#3333FF;">培训</span></strong></span><span style="font-family:''Microsoft YaHei'';font-size:18px;"><strong><span style="color:#3333FF;">时间：4月23日</span></strong></span>\r\n</p>\r\n<p style="color:#333333;font-family:''Helvetica Neue'', Helvetica, Arial, sans-serif;background-color:#FFFFFF;">\r\n	<span style="font-family:''Microsoft YaHei'';font-size:18px;"><span style="color:#3333FF;">                   <strong>培训地点：杭州海外海纳川酒店（杭州市石祥路575号）</strong></span></span>\r\n</p>\r\n<div>\r\n	<strong><br />\r\n</strong>\r\n</div>\r\n<div style="color:#333333;font-family:''Helvetica Neue'', Helvetica, Arial, sans-serif;background-color:#FFFFFF;">\r\n	<span style="font-family:''Microsoft YaHei'';font-size:18px;"><strong>活动简介：</strong></span><br />\r\n</div>\r\n<p style="color:#333333;font-family:''Helvetica Neue'', Helvetica, Arial, sans-serif;background-color:#FFFFFF;">\r\n	<span style="font-family:''Microsoft YaHei'';font-size:18px;">此次集训营，是猪八戒成立10年来，最系统的一次服务商培训，总裁亲临，由猪八戒商学院联合类目运营事业部、手机猪八戒等部门倾力巨献。涵盖店铺引流、提升店铺转化率、手机店铺运营等一些列成长课程。</span>\r\n</p>\r\n<p style="color:#333333;font-family:''Helvetica Neue'', Helvetica, Arial, sans-serif;background-color:#FFFFFF;">\r\n	<span style="font-family:''Microsoft YaHei'';font-size:18px;">首站重庆圆满开营，4月落户杭州，此后数月集训营将陆续登陆北京、广州、深圳、南京、西安、成都等城市。</span>\r\n</p>\r\n<p style="color:#333333;font-family:''Helvetica Neue'', Helvetica, Arial, sans-serif;background-color:#FFFFFF;">\r\n	<span style="font-family:''Microsoft YaHei'';font-size:18px;">本次集训营  <strong><span style="color:#3333FF;">培训</span></strong></span><span style="font-family:''Microsoft YaHei'';font-size:18px;"><strong><span style="color:#3333FF;">时间：4月23日</span></strong></span>\r\n</p>\r\n<p style="color:#333333;font-family:''Helvetica Neue'', Helvetica, Arial, sans-serif;background-color:#FFFFFF;">\r\n	<span style="font-family:''Microsoft YaHei'';font-size:18px;"><span style="color:#3333FF;">                   <strong>培训地点：杭州海外海纳川酒店（杭州市石祥路575号）</strong></span></span>\r\n</p>\r\n<div>\r\n	<strong><br />\r\n</strong>\r\n</div>\r\n<div style="color:#333333;font-family:''Helvetica Neue'', Helvetica, Arial, sans-serif;background-color:#FFFFFF;">\r\n	<span style="font-family:''Microsoft YaHei'';font-size:18px;"><strong>活动简介：</strong></span><br />\r\n</div>\r\n<p style="color:#333333;font-family:''Helvetica Neue'', Helvetica, Arial, sans-serif;background-color:#FFFFFF;">\r\n	<span style="font-family:''Microsoft YaHei'';font-size:18px;">此次集训营，是猪八戒成立10年来，最系统的一次服务商培训，总裁亲临，由猪八戒商学院联合类目运营事业部、手机猪八戒等部门倾力巨献。涵盖店铺引流、提升店铺转化率、手机店铺运营等一些列成长课程。</span>\r\n</p>\r\n<p style="color:#333333;font-family:''Helvetica Neue'', Helvetica, Arial, sans-serif;background-color:#FFFFFF;">\r\n	<span style="font-family:''Microsoft YaHei'';font-size:18px;">首站重庆圆满开营，4月落户杭州，此后数月集训营将陆续登陆北京、广州、深圳、南京、西安、成都等城市。</span>\r\n</p>\r\n<p style="color:#333333;font-family:''Helvetica Neue'', Helvetica, Arial, sans-serif;background-color:#FFFFFF;">\r\n	<span style="font-family:''Microsoft YaHei'';font-size:18px;">本次集训营  <strong><span style="color:#3333FF;">培训</span></strong></span><span style="font-family:''Microsoft YaHei'';font-size:18px;"><strong><span style="color:#3333FF;">时间：4月23日</span></strong></span>\r\n</p>\r\n<p style="color:#333333;font-family:''Helvetica Neue'', Helvetica, Arial, sans-serif;background-color:#FFFFFF;">\r\n	<span style="font-family:''Microsoft YaHei'';font-size:18px;"><span style="color:#3333FF;">                   <strong>培训地点：杭州海外海纳川酒店（杭州市石祥路575号）</strong></span></span>\r\n</p>\r\n<div>\r\n	<strong><br />\r\n</strong>\r\n</div>\r\n<div style="color:#333333;font-family:''Helvetica Neue'', Helvetica, Arial, sans-serif;background-color:#FFFFFF;">\r\n	<span style="font-family:''Microsoft YaHei'';font-size:18px;"><strong>活动简介：</strong></span><br />\r\n</div>\r\n<p style="color:#333333;font-family:''Helvetica Neue'', Helvetica, Arial, sans-serif;background-color:#FFFFFF;">\r\n	<span style="font-family:''Microsoft YaHei'';font-size:18px;">此次集训营，是猪八戒成立10年来，最系统的一次服务商培训，总裁亲临，由猪八戒商学院联合类目运营事业部、手机猪八戒等部门倾力巨献。涵盖店铺引流、提升店铺转化率、手机店铺运营等一些列成长课程。</span>\r\n</p>\r\n<p style="color:#333333;font-family:''Helvetica Neue'', Helvetica, Arial, sans-serif;background-color:#FFFFFF;">\r\n	<span style="font-family:''Microsoft YaHei'';font-size:18px;">首站重庆圆满开营，4月落户杭州，此后数月集训营将陆续登陆北京、广州、深圳、南京、西安、成都等城市。</span>\r\n</p>\r\n<p style="color:#333333;font-family:''Helvetica Neue'', Helvetica, Arial, sans-serif;background-color:#FFFFFF;">\r\n	<span style="font-family:''Microsoft YaHei'';font-size:18px;">本次集训营  <strong><span style="color:#3333FF;">培训</span></strong></span><span style="font-family:''Microsoft YaHei'';font-size:18px;"><strong><span style="color:#3333FF;">时间：4月23日</span></strong></span>\r\n</p>\r\n<p style="color:#333333;font-family:''Helvetica Neue'', Helvetica, Arial, sans-serif;background-color:#FFFFFF;">\r\n	<span style="font-family:''Microsoft YaHei'';font-size:18px;"><span style="color:#3333FF;">                   <strong>培训地点：杭州海外海纳川酒店（杭州市石祥路575号）</strong></span></span>\r\n</p>\r\n<div>\r\n	<strong><br />\r\n</strong>\r\n</div>\r\n<div style="color:#333333;font-family:''Helvetica Neue'', Helvetica, Arial, sans-serif;background-color:#FFFFFF;">\r\n	<span style="font-family:''Microsoft YaHei'';font-size:18px;"><strong>活动简介：</strong></span><br />\r\n</div>\r\n<p style="color:#333333;font-family:''Helvetica Neue'', Helvetica, Arial, sans-serif;background-color:#FFFFFF;">\r\n	<span style="font-family:''Microsoft YaHei'';font-size:18px;">此次集训营，是猪八戒成立10年来，最系统的一次服务商培训，总裁亲临，由猪八戒商学院联合类目运营事业部、手机猪八戒等部门倾力巨献。涵盖店铺引流、提升店铺转化率、手机店铺运营等一些列成长课程。</span>\r\n</p>\r\n<p style="color:#333333;font-family:''Helvetica Neue'', Helvetica, Arial, sans-serif;background-color:#FFFFFF;">\r\n	<span style="font-family:''Microsoft YaHei'';font-size:18px;">首站重庆圆满开营，4月落户杭州，此后数月集训营将陆续登陆北京、广州、深圳、南京、西安、成都等城市。</span>\r\n</p>\r\n<p style="color:#333333;font-family:''Helvetica Neue'', Helvetica, Arial, sans-serif;background-color:#FFFFFF;">\r\n	<span style="font-family:''Microsoft YaHei'';font-size:18px;">本次集训营  <strong><span style="color:#3333FF;">培训</span></strong></span><span style="font-family:''Microsoft YaHei'';font-size:18px;"><strong><span style="color:#3333FF;">时间：4月23日</span></strong></span>\r\n</p>\r\n<p style="color:#333333;font-family:''Helvetica Neue'', Helvetica, Arial, sans-serif;background-color:#FFFFFF;">\r\n	<span style="font-family:''Microsoft YaHei'';font-size:18px;"><span style="color:#3333FF;">                   <strong>培训地点：杭州海外海纳川酒店（杭州市石祥路575号）</strong></span></span>\r\n</p>\r\n<div>\r\n	<strong><br />\r\n</strong>\r\n</div>\r\n<div style="color:#333333;font-family:''Helvetica Neue'', Helvetica, Arial, sans-serif;background-color:#FFFFFF;">\r\n	<span style="font-family:''Microsoft YaHei'';font-size:18px;"><strong>活动简介：</strong></span><br />\r\n</div>\r\n<p style="color:#333333;font-family:''Helvetica Neue'', Helvetica, Arial, sans-serif;background-color:#FFFFFF;">\r\n	<span style="font-family:''Microsoft YaHei'';font-size:18px;">此次集训营，是猪八戒成立10年来，最系统的一次服务商培训，总裁亲临，由猪八戒商学院联合类目运营事业部、手机猪八戒等部门倾力巨献。涵盖店铺引流、提升店铺转化率、手机店铺运营等一些列成长课程。</span>\r\n</p>\r\n<p style="color:#333333;font-family:''Helvetica Neue'', Helvetica, Arial, sans-serif;background-color:#FFFFFF;">\r\n	<span style="font-family:''Microsoft YaHei'';font-size:18px;">首站重庆圆满开营，4月落户杭州，此后数月集训营将陆续登陆北京、广州、深圳、南京、西安、成都等城市。</span>\r\n</p>\r\n<p style="color:#333333;font-family:''Helvetica Neue'', Helvetica, Arial, sans-serif;background-color:#FFFFFF;">\r\n	<span style="font-family:''Microsoft YaHei'';font-size:18px;">本次集训营  <strong><span style="color:#3333FF;">培训</span></strong></span><span style="font-family:''Microsoft YaHei'';font-size:18px;"><strong><span style="color:#3333FF;">时间：4月23日</span></strong></span>\r\n</p>\r\n<p style="color:#333333;font-family:''Helvetica Neue'', Helvetica, Arial, sans-serif;background-color:#FFFFFF;">\r\n	<span style="font-family:''Microsoft YaHei'';font-size:18px;"><span style="color:#3333FF;">                   <strong>培训地点：杭州海外海纳川酒店（杭州市石祥路575号）</strong></span></span>\r\n</p>\r\n<div>\r\n	<strong><br />\r\n</strong>\r\n</div>\r\n<div style="color:#333333;font-family:''Helvetica Neue'', Helvetica, Arial, sans-serif;background-color:#FFFFFF;">\r\n	<span style="font-family:''Microsoft YaHei'';font-size:18px;"><strong>活动简介：</strong></span><br />\r\n</div>\r\n<p style="color:#333333;font-family:''Helvetica Neue'', Helvetica, Arial, sans-serif;background-color:#FFFFFF;">\r\n	<span style="font-family:''Microsoft YaHei'';font-size:18px;">此次集训营，是猪八戒成立10年来，最系统的一次服务商培训，总裁亲临，由猪八戒商学院联合类目运营事业部、手机猪八戒等部门倾力巨献。涵盖店铺引流、提升店铺转化率、手机店铺运营等一些列成长课程。</span>\r\n</p>\r\n<p style="color:#333333;font-family:''Helvetica Neue'', Helvetica, Arial, sans-serif;background-color:#FFFFFF;">\r\n	<span style="font-family:''Microsoft YaHei'';font-size:18px;">首站重庆圆满开营，4月落户杭州，此后数月集训营将陆续登陆北京、广州、深圳、南京、西安、成都等城市。</span>\r\n</p>\r\n<p style="color:#333333;font-family:''Helvetica Neue'', Helvetica, Arial, sans-serif;background-color:#FFFFFF;">\r\n	<span style="font-family:''Microsoft YaHei'';font-size:18px;">本次集训营  <strong><span style="color:#3333FF;">培训</span></strong></span><span style="font-family:''Microsoft YaHei'';font-size:18px;"><strong><span style="color:#3333FF;">时间：4月23日</span></strong></span>\r\n</p>\r\n<p style="color:#333333;font-family:''Helvetica Neue'', Helvetica, Arial, sans-serif;background-color:#FFFFFF;">\r\n	<span style="font-family:''Microsoft YaHei'';font-size:18px;"><span style="color:#3333FF;">                   <strong>培训地点：杭州海外海纳川酒店（杭州市石祥路575号）</strong></span></span>\r\n</p>\r\n<div>\r\n	<strong><br />\r\n</strong>\r\n</div>\r\n<div style="color:#333333;font-family:''Helvetica Neue'', Helvetica, Arial, sans-serif;background-color:#FFFFFF;">\r\n	<span style="font-family:''Microsoft YaHei'';font-size:18px;"><strong>活动简介：</strong></span><br />\r\n</div>\r\n<p style="color:#333333;font-family:''Helvetica Neue'', Helvetica, Arial, sans-serif;background-color:#FFFFFF;">\r\n	<span style="font-family:''Microsoft YaHei'';font-size:18px;">此次集训营，是猪八戒成立10年来，最系统的一次服务商培训，总裁亲临，由猪八戒商学院联合类目运营事业部、手机猪八戒等部门倾力巨献。涵盖店铺引流、提升店铺转化率、手机店铺运营等一些列成长课程。</span>\r\n</p>\r\n<p style="color:#333333;font-family:''Helvetica Neue'', Helvetica, Arial, sans-serif;background-color:#FFFFFF;">\r\n	<span style="font-family:''Microsoft YaHei'';font-size:18px;">首站重庆圆满开营，4月落户杭州，此后数月集训营将陆续登陆北京、广州、深圳、南京、西安、成都等城市。</span>\r\n</p>\r\n<p style="color:#333333;font-family:''Helvetica Neue'', Helvetica, Arial, sans-serif;background-color:#FFFFFF;">\r\n	<span style="font-family:''Microsoft YaHei'';font-size:18px;">本次集训营  <strong><span style="color:#3333FF;">培训</span></strong></span><span style="font-family:''Microsoft YaHei'';font-size:18px;"><strong><span style="color:#3333FF;">时间：4月23日</span></strong></span>\r\n</p>\r\n<p style="color:#333333;font-family:''Helvetica Neue'', Helvetica, Arial, sans-serif;background-color:#FFFFFF;">\r\n	<span style="font-family:''Microsoft YaHei'';font-size:18px;"><span style="color:#3333FF;">                   <strong>培训地点：杭州海外海纳川酒店（杭州市石祥路575号）</strong></span></span>\r\n</p>\r\n<div>\r\n	<strong><br />\r\n</strong>\r\n</div>\r\n<div style="color:#333333;font-family:''Helvetica Neue'', Helvetica, Arial, sans-serif;background-color:#FFFFFF;">\r\n	<span style="font-family:''Microsoft YaHei'';font-size:18px;"><strong>活动简介：</strong></span><br />\r\n</div>\r\n<p style="color:#333333;font-family:''Helvetica Neue'', Helvetica, Arial, sans-serif;background-color:#FFFFFF;">\r\n	<span style="font-family:''Microsoft YaHei'';font-size:18px;">此次集训营，是猪八戒成立10年来，最系统的一次服务商培训，总裁亲临，由猪八戒商学院联合类目运营事业部、手机猪八戒等部门倾力巨献。涵盖店铺引流、提升店铺转化率、手机店铺运营等一些列成长课程。</span>\r\n</p>\r\n<p style="color:#333333;font-family:''Helvetica Neue'', Helvetica, Arial, sans-serif;background-color:#FFFFFF;">\r\n	<span style="font-family:''Microsoft YaHei'';font-size:18px;">首站重庆圆满开营，4月落户杭州，此后数月集训营将陆续登陆北京、广州、深圳、南京、西安、成都等城市。</span>\r\n</p>\r\n<p style="color:#333333;font-family:''Helvetica Neue'', Helvetica, Arial, sans-serif;background-color:#FFFFFF;">\r\n	<span style="font-family:''Microsoft YaHei'';font-size:18px;">本次集训营  <strong><span style="color:#3333FF;">培训</span></strong></span><span style="font-family:''Microsoft YaHei'';font-size:18px;"><strong><span style="color:#3333FF;">时间：4月23日</span></strong></span>\r\n</p>\r\n<p style="color:#333333;font-family:''Helvetica Neue'', Helvetica, Arial, sans-serif;background-color:#FFFFFF;">\r\n	<span style="font-family:''Microsoft YaHei'';font-size:18px;"><span style="color:#3333FF;">                   <strong>培训地点：杭州海外海纳川酒店（杭州市石祥路575号）</strong></span></span>\r\n</p>\r\n<div>\r\n	<strong><br />\r\n</strong>\r\n</div>\r\n<div style="color:#333333;font-family:''Helvetica Neue'', Helvetica, Arial, sans-serif;background-color:#FFFFFF;">\r\n	<span style="font-family:''Microsoft YaHei'';font-size:18px;"><strong>活动简介：</strong></span><br />\r\n</div>\r\n<p style="color:#333333;font-family:''Helvetica Neue'', Helvetica, Arial, sans-serif;background-color:#FFFFFF;">\r\n	<span style="font-family:''Microsoft YaHei'';font-size:18px;">此次集训营，是猪八戒成立10年来，最系统的一次服务商培训，总裁亲临，由猪八戒商学院联合类目运营事业部、手机猪八戒等部门倾力巨献。涵盖店铺引流、提升店铺转化率、手机店铺运营等一些列成长课程。</span>\r\n</p>\r\n<p style="color:#333333;font-family:''Helvetica Neue'', Helvetica, Arial, sans-serif;background-color:#FFFFFF;">\r\n	<span style="font-family:''Microsoft YaHei'';font-size:18px;">首站重庆圆满开营，4月落户杭州，此后数月集训营将陆续登陆北京、广州、深圳、南京、西安、成都等城市。</span>\r\n</p>\r\n<p style="color:#333333;font-family:''Helvetica Neue'', Helvetica, Arial, sans-serif;background-color:#FFFFFF;">\r\n	<span style="font-family:''Microsoft YaHei'';font-size:18px;">本次集训营  <strong><span style="color:#3333FF;">培训</span></strong></span><span style="font-family:''Microsoft YaHei'';font-size:18px;"><strong><span style="color:#3333FF;">时间：4月23日</span></strong></span>\r\n</p>\r\n<p style="color:#333333;font-family:''Helvetica Neue'', Helvetica, Arial, sans-serif;background-color:#FFFFFF;">\r\n	<span style="font-family:''Microsoft YaHei'';font-size:18px;"><span style="color:#3333FF;">                   <strong>培训地点：杭州海外海纳川酒店（杭州市石祥路575号）</strong></span></span>\r\n</p>\r\n<div>\r\n	<strong><br />\r\n</strong>\r\n</div>\r\n<div style="color:#333333;font-family:''Helvetica Neue'', Helvetica, Arial, sans-serif;background-color:#FFFFFF;">\r\n	<span style="font-family:''Microsoft YaHei'';font-size:18px;"><strong>活动简介：</strong></span><br />\r\n</div>\r\n<p style="color:#333333;font-family:''Helvetica Neue'', Helvetica, Arial, sans-serif;background-color:#FFFFFF;">\r\n	<span style="font-family:''Microsoft YaHei'';font-size:18px;">此次集训营，是猪八戒成立10年来，最系统的一次服务商培训，总裁亲临，由猪八戒商学院联合类目运营事业部、手机猪八戒等部门倾力巨献。涵盖店铺引流、提升店铺转化率、手机店铺运营等一些列成长课程。</span>\r\n</p>\r\n<p style="color:#333333;font-family:''Helvetica Neue'', Helvetica, Arial, sans-serif;background-color:#FFFFFF;">\r\n	<span style="font-family:''Microsoft YaHei'';font-size:18px;">首站重庆圆满开营，4月落户杭州，此后数月集训营将陆续登陆北京、广州、深圳、南京、西安、成都等城市。</span>\r\n</p>\r\n<p style="color:#333333;font-family:''Helvetica Neue'', Helvetica, Arial, sans-serif;background-color:#FFFFFF;">\r\n	<span style="font-family:''Microsoft YaHei'';font-size:18px;">本次集训营  <strong><span style="color:#3333FF;">培训</span></strong></span><span style="font-family:''Microsoft YaHei'';font-size:18px;"><strong><span style="color:#3333FF;">时间：4月23日</span></strong></span>\r\n</p>\r\n<p style="color:#333333;font-family:''Helvetica Neue'', Helvetica, Arial, sans-serif;background-color:#FFFFFF;">\r\n	<span style="font-family:''Microsoft YaHei'';font-size:18px;"><span style="color:#3333FF;">                   <strong>培训地点：杭州海外海纳川酒店（杭州市石祥路575号）</strong></span></span>\r\n</p>\r\n<div>\r\n	<strong><br />\r\n</strong>\r\n</div>\r\n<div style="color:#333333;font-family:''Helvetica Neue'', Helvetica, Arial, sans-serif;background-color:#FFFFFF;">\r\n	<span style="font-family:''Microsoft YaHei'';font-size:18px;"><strong>活动简介：</strong></span><br />\r\n</div>\r\n<p style="color:#333333;font-family:''Helvetica Neue'', Helvetica, Arial, sans-serif;background-color:#FFFFFF;">\r\n	<span style="font-family:''Microsoft YaHei'';font-size:18px;">此次集训营，是猪八戒成立10年来，最系统的一次服务商培训，总裁亲临，由猪八戒商学院联合类目运营事业部、手机猪八戒等部门倾力巨献。涵盖店铺引流、提升店铺转化率、手机店铺运营等一些列成长课程。</span>\r\n</p>\r\n<p style="color:#333333;font-family:''Helvetica Neue'', Helvetica, Arial, sans-serif;background-color:#FFFFFF;">\r\n	<span style="font-family:''Microsoft YaHei'';font-size:18px;">首站重庆圆满开营，4月落户杭州，此后数月集训营将陆续登陆北京、广州、深圳、南京、西安、成都等城市。</span>\r\n</p>\r\n<p style="color:#333333;font-family:''Helvetica Neue'', Helvetica, Arial, sans-serif;background-color:#FFFFFF;">\r\n	<span style="font-family:''Microsoft YaHei'';font-size:18px;">本次集训营  <strong><span style="color:#3333FF;">培训</span></strong></span><span style="font-family:''Microsoft YaHei'';font-size:18px;"><strong><span style="color:#3333FF;">时间：4月23日</span></strong></span>\r\n</p>\r\n<p style="color:#333333;font-family:''Helvetica Neue'', Helvetica, Arial, sans-serif;background-color:#FFFFFF;">\r\n	<span style="font-family:''Microsoft YaHei'';font-size:18px;"><span style="color:#3333FF;">                   <strong>培训地点：杭州海外海纳川酒店（杭州市石祥路575号）</strong></span></span>\r\n</p>\r\n<div>\r\n	<strong><br />\r\n</strong>\r\n</div>\r\n<div style="color:#333333;font-family:''Helvetica Neue'', Helvetica, Arial, sans-serif;background-color:#FFFFFF;">\r\n	<span style="font-family:''Microsoft YaHei'';font-size:18px;"><strong>活动简介：</strong></span><br />\r\n</div>\r\n<p style="color:#333333;font-family:''Helvetica Neue'', Helvetica, Arial, sans-serif;background-color:#FFFFFF;">\r\n	<span style="font-family:''Microsoft YaHei'';font-size:18px;">此次集训营，是猪八戒成立10年来，最系统的一次服务商培训，总裁亲临，由猪八戒商学院联合类目运营事业部、手机猪八戒等部门倾力巨献。涵盖店铺引流、提升店铺转化率、手机店铺运营等一些列成长课程。</span>\r\n</p>\r\n<p style="color:#333333;font-family:''Helvetica Neue'', Helvetica, Arial, sans-serif;background-color:#FFFFFF;">\r\n	<span style="font-family:''Microsoft YaHei'';font-size:18px;">首站重庆圆满开营，4月落户杭州，此后数月集训营将陆续登陆北京、广州、深圳、南京、西安、成都等城市。</span>\r\n</p>\r\n<p style="color:#333333;font-family:''Helvetica Neue'', Helvetica, Arial, sans-serif;background-color:#FFFFFF;">\r\n	<span style="font-family:''Microsoft YaHei'';font-size:18px;">本次集训营  <strong><span style="color:#3333FF;">培训</span></strong></span><span style="font-family:''Microsoft YaHei'';font-size:18px;"><strong><span style="color:#3333FF;">时间：4月23日</span></strong></span>\r\n</p>\r\n<p style="color:#333333;font-family:''Helvetica Neue'', Helvetica, Arial, sans-serif;background-color:#FFFFFF;">\r\n	<span style="font-family:''Microsoft YaHei'';font-size:18px;"><span style="color:#3333FF;">                   <strong>培训地点：杭州海外海纳川酒店（杭州市石祥路575号）</strong></span></span>\r\n</p>\r\n<div>\r\n	<strong><br />\r\n</strong>\r\n</div>\r\n<div style="color:#333333;font-family:''Helvetica Neue'', Helvetica, Arial, sans-serif;background-color:#FFFFFF;">\r\n	<span style="font-family:''Microsoft YaHei'';font-size:18px;"><strong>活动简介：</strong></span><br />\r\n</div>\r\n<p style="color:#333333;font-family:''Helvetica Neue'', Helvetica, Arial, sans-serif;background-color:#FFFFFF;">\r\n	<span style="font-family:''Microsoft YaHei'';font-size:18px;">此次集训营，是猪八戒成立10年来，最系统的一次服务商培训，总裁亲临，由猪八戒商学院联合类目运营事业部、手机猪八戒等部门倾力巨献。涵盖店铺引流、提升店铺转化率、手机店铺运营等一些列成长课程。</span>\r\n</p>\r\n<p style="color:#333333;font-family:''Helvetica Neue'', Helvetica, Arial, sans-serif;background-color:#FFFFFF;">\r\n	<span style="font-family:''Microsoft YaHei'';font-size:18px;">首站重庆圆满开营，4月落户杭州，此后数月集训营将陆续登陆北京、广州、深圳、南京、西安、成都等城市。</span>\r\n</p>\r\n<p style="color:#333333;font-family:''Helvetica Neue'', Helvetica, Arial, sans-serif;background-color:#FFFFFF;">\r\n	<span style="font-family:''Microsoft YaHei'';font-size:18px;">本次集训营  <strong><span style="color:#3333FF;">培训</span></strong></span><span style="font-family:''Microsoft YaHei'';font-size:18px;"><strong><span style="color:#3333FF;">时间：4月23日</span></strong></span>\r\n</p>\r\n<p style="color:#333333;font-family:''Helvetica Neue'', Helvetica, Arial, sans-serif;background-color:#FFFFFF;">\r\n	<span style="font-family:''Microsoft YaHei'';font-size:18px;"><span style="color:#3333FF;">                   <strong>培训地点：杭州海外海纳川酒店（杭州市石祥路575号）</strong></span></span>\r\n</p>\r\n<div>\r\n	<strong><br />\r\n</strong>\r\n</div>\r\n<div style="color:#333333;font-family:''Helvetica Neue'', Helvetica, Arial, sans-serif;background-color:#FFFFFF;">\r\n	<span style="font-family:''Microsoft YaHei'';font-size:18px;"><strong>活动简介：</strong></span><br />\r\n</div>\r\n<p style="color:#333333;font-family:''Helvetica Neue'', Helvetica, Arial, sans-serif;background-color:#FFFFFF;">\r\n	<span style="font-family:''Microsoft YaHei'';font-size:18px;">此次集训营，是猪八戒成立10年来，最系统的一次服务商培训，总裁亲临，由猪八戒商学院联合类目运营事业部、手机猪八戒等部门倾力巨献。涵盖店铺引流、提升店铺转化率、手机店铺运营等一些列成长课程。</span>\r\n</p>\r\n<p style="color:#333333;font-family:''Helvetica Neue'', Helvetica, Arial, sans-serif;background-color:#FFFFFF;">\r\n	<span style="font-family:''Microsoft YaHei'';font-size:18px;">首站重庆圆满开营，4月落户杭州，此后数月集训营将陆续登陆北京、广州、深圳、南京、西安、成都等城市。</span>\r\n</p>\r\n<p style="color:#333333;font-family:''Helvetica Neue'', Helvetica, Arial, sans-serif;background-color:#FFFFFF;">\r\n	<span style="font-family:''Microsoft YaHei'';font-size:18px;">本次集训营  <strong><span style="color:#3333FF;">培训</span></strong></span><span style="font-family:''Microsoft YaHei'';font-size:18px;"><strong><span style="color:#3333FF;">时间：4月23日</span></strong></span>\r\n</p>\r\n<p style="color:#333333;font-family:''Helvetica Neue'', Helvetica, Arial, sans-serif;background-color:#FFFFFF;">\r\n	<span style="font-family:''Microsoft YaHei'';font-size:18px;"><span style="color:#3333FF;">                   <strong>培训地点：杭州海外海纳川酒店（杭州市石祥路575号）</strong></span></span>\r\n</p>\r\n<div>\r\n	<strong><br />\r\n</strong>\r\n</div>\r\n<div style="color:#333333;font-family:''Helvetica Neue'', Helvetica, Arial, sans-serif;background-color:#FFFFFF;">\r\n	<span style="font-family:''Microsoft YaHei'';font-size:18px;"><strong>活动简介：</strong></span><br />\r\n</div>\r\n<p style="color:#333333;font-family:''Helvetica Neue'', Helvetica, Arial, sans-serif;background-color:#FFFFFF;">\r\n	<span style="font-family:''Microsoft YaHei'';font-size:18px;">此次集训营，是猪八戒成立10年来，最系统的一次服务商培训，总裁亲临，由猪八戒商学院联合类目运营事业部、手机猪八戒等部门倾力巨献。涵盖店铺引流、提升店铺转化率、手机店铺运营等一些列成长课程。</span>\r\n</p>\r\n<p style="color:#333333;font-family:''Helvetica Neue'', Helvetica, Arial, sans-serif;background-color:#FFFFFF;">\r\n	<span style="font-family:''Microsoft YaHei'';font-size:18px;">首站重庆圆满开营，4月落户杭州，此后数月集训营将陆续登陆北京、广州、深圳、南京、西安、成都等城市。</span>\r\n</p>\r\n<p style="color:#333333;font-family:''Helvetica Neue'', Helvetica, Arial, sans-serif;background-color:#FFFFFF;">\r\n	<span style="font-family:''Microsoft YaHei'';font-size:18px;">本次集训营  <strong><span style="color:#3333FF;">培训</span></strong></span><span style="font-family:''Microsoft YaHei'';font-size:18px;"><strong><span style="color:#3333FF;">时间：4月23日</span></strong></span>\r\n</p>\r\n<p style="color:#333333;font-family:''Helvetica Neue'', Helvetica, Arial, sans-serif;background-color:#FFFFFF;">\r\n	<span style="font-family:''Microsoft YaHei'';font-size:18px;"><span style="color:#3333FF;">                   <strong>培训地点：杭州海外海纳川酒店（杭州市石祥路575号）</strong></span></span>\r\n</p>\r\n<div>\r\n	<strong><br />\r\n</strong>\r\n</div>\r\n<div style="color:#333333;font-family:''Helvetica Neue'', Helvetica, Arial, sans-serif;background-color:#FFFFFF;">\r\n	<span style="font-family:''Microsoft YaHei'';font-size:18px;"><strong>活动简介：</strong></span><br />\r\n</div>\r\n<p style="color:#333333;font-family:''Helvetica Neue'', Helvetica, Arial, sans-serif;background-color:#FFFFFF;">\r\n	<span style="font-family:''Microsoft YaHei'';font-size:18px;">此次集训营，是猪八戒成立10年来，最系统的一次服务商培训，总裁亲临，由猪八戒商学院联合类目运营事业部、手机猪八戒等部门倾力巨献。涵盖店铺引流、提升店铺转化率、手机店铺运营等一些列成长课程。</span>\r\n</p>\r\n<p style="color:#333333;font-family:''Helvetica Neue'', Helvetica, Arial, sans-serif;background-color:#FFFFFF;">\r\n	<span style="font-family:''Microsoft YaHei'';font-size:18px;">首站重庆圆满开营，4月落户杭州，此后数月集训营将陆续登陆北京、广州、深圳、南京、西安、成都等城市。</span>\r\n</p>\r\n<p style="color:#333333;font-family:''Helvetica Neue'', Helvetica, Arial, sans-serif;background-color:#FFFFFF;">\r\n	<span style="font-family:''Microsoft YaHei'';font-size:18px;">本次集训营  <strong><span style="color:#3333FF;">培训</span></strong></span><span style="font-family:''Microsoft YaHei'';font-size:18px;"><strong><span style="color:#3333FF;">时间：4月23日</span></strong></span>\r\n</p>\r\n<p style="color:#333333;font-family:''Helvetica Neue'', Helvetica, Arial, sans-serif;background-color:#FFFFFF;">\r\n	<span style="font-family:''Microsoft YaHei'';font-size:18px;"><span style="color:#3333FF;">                   <strong>培训地点：杭州海外海纳川酒店（杭州市石祥路575号）</strong></span></span>\r\n</p>\r\n<div>\r\n	<strong><br />\r\n</strong>\r\n</div>\r\n<div style="color:#333333;font-family:''Helvetica Neue'', Helvetica, Arial, sans-serif;background-color:#FFFFFF;">\r\n	<span style="font-family:''Microsoft YaHei'';font-size:18px;"><strong>活动简介：</strong></span><br />\r\n</div>\r\n<p style="color:#333333;font-family:''Helvetica Neue'', Helvetica, Arial, sans-serif;background-color:#FFFFFF;">\r\n	<span style="font-family:''Microsoft YaHei'';font-size:18px;">此次集训营，是猪八戒成立10年来，最系统的一次服务商培训，总裁亲临，由猪八戒商学院联合类目运营事业部、手机猪八戒等部门倾力巨献。涵盖店铺引流、提升店铺转化率、手机店铺运营等一些列成长课程。</span>\r\n</p>\r\n<p style="color:#333333;font-family:''Helvetica Neue'', Helvetica, Arial, sans-serif;background-color:#FFFFFF;">\r\n	<span style="font-family:''Microsoft YaHei'';font-size:18px;">首站重庆圆满开营，4月落户杭州，此后数月集训营将陆续登陆北京、广州、深圳、南京、西安、成都等城市。</span>\r\n</p>\r\n<p style="color:#333333;font-family:''Helvetica Neue'', Helvetica, Arial, sans-serif;background-color:#FFFFFF;">\r\n	<span style="font-family:''Microsoft YaHei'';font-size:18px;">本次集训营  <strong><span style="color:#3333FF;">培训</span></strong></span><span style="font-family:''Microsoft YaHei'';font-size:18px;"><strong><span style="color:#3333FF;">时间：4月23日</span></strong></span>\r\n</p>\r\n<p style="color:#333333;font-family:''Helvetica Neue'', Helvetica, Arial, sans-serif;background-color:#FFFFFF;">\r\n	<span style="font-family:''Microsoft YaHei'';font-size:18px;"><span style="color:#3333FF;">                   <strong>培训地点：杭州海外海纳川酒店（杭州市石祥路575号）</strong></span></span>\r\n</p>\r\n<div>\r\n	<strong><br />\r\n</strong>\r\n</div>\r\n<div style="color:#333333;font-family:''Helvetica Neue'', Helvetica, Arial, sans-serif;background-color:#FFFFFF;">\r\n	<span style="font-family:''Microsoft YaHei'';font-size:18px;"><strong>活动简介：</strong></span><br />\r\n</div>\r\n<p style="color:#333333;font-family:''Helvetica Neue'', Helvetica, Arial, sans-serif;background-color:#FFFFFF;">\r\n	<span style="font-family:''Microsoft YaHei'';font-size:18px;">此次集训营，是猪八戒成立10年来，最系统的一次服务商培训，总裁亲临，由猪八戒商学院联合类目运营事业部、手机猪八戒等部门倾力巨献。涵盖店铺引流、提升店铺转化率、手机店铺运营等一些列成长课程。</span>\r\n</p>\r\n<p style="color:#333333;font-family:''Helvetica Neue'', Helvetica, Arial, sans-serif;background-color:#FFFFFF;">\r\n	<span style="font-family:''Microsoft YaHei'';font-size:18px;">首站重庆圆满开营，4月落户杭州，此后数月集训营将陆续登陆北京、广州、深圳、南京、西安、成都等城市。</span>\r\n</p>\r\n<p style="color:#333333;font-family:''Helvetica Neue'', Helvetica, Arial, sans-serif;background-color:#FFFFFF;">\r\n	<span style="font-family:''Microsoft YaHei'';font-size:18px;">本次集训营  <strong><span style="color:#3333FF;">培训</span></strong></span><span style="font-family:''Microsoft YaHei'';font-size:18px;"><strong><span style="color:#3333FF;">时间：4月23日</span></strong></span>\r\n</p>\r\n<p style="color:#333333;font-family:''Helvetica Neue'', Helvetica, Arial, sans-serif;background-color:#FFFFFF;">\r\n	<span style="font-family:''Microsoft YaHei'';font-size:18px;"><span style="color:#3333FF;">                   <strong>培训地点：杭州海外海纳川酒店（杭州市石祥路575号）</strong></span></span>\r\n</p>\r\n<div>\r\n	<strong><br />\r\n</strong>\r\n</div>\r\n<div style="color:#333333;font-family:''Helvetica Neue'', Helvetica, Arial, sans-serif;background-color:#FFFFFF;">\r\n	<span style="font-family:''Microsoft YaHei'';font-size:18px;"><strong>活动简介：</strong></span><br />\r\n</div>\r\n<p style="color:#333333;font-family:''Helvetica Neue'', Helvetica, Arial, sans-serif;background-color:#FFFFFF;">\r\n	<span style="font-family:''Microsoft YaHei'';font-size:18px;">此次集训营，是猪八戒成立10年来，最系统的一次服务商培训，总裁亲临，由猪八戒商学院联合类目运营事业部、手机猪八戒等部门倾力巨献。涵盖店铺引流、提升店铺转化率、手机店铺运营等一些列成长课程。</span>\r\n</p>\r\n<p style="color:#333333;font-family:''Helvetica Neue'', Helvetica, Arial, sans-serif;background-color:#FFFFFF;">\r\n	<span style="font-family:''Microsoft YaHei'';font-size:18px;">首站重庆圆满开营，4月落户杭州，此后数月集训营将陆续登陆北京、广州、深圳、南京、西安、成都等城市。</span>\r\n</p>\r\n<p style="color:#333333;font-family:''Helvetica Neue'', Helvetica, Arial, sans-serif;background-color:#FFFFFF;">\r\n	<span style="font-family:''Microsoft YaHei'';font-size:18px;">本次集训营  <strong><span style="color:#3333FF;">培训</span></strong></span><span style="font-family:''Microsoft YaHei'';font-size:18px;"><strong><span style="color:#3333FF;">时间：4月23日</span></strong></span>\r\n</p>\r\n<p style="color:#333333;font-family:''Helvetica Neue'', Helvetica, Arial, sans-serif;background-color:#FFFFFF;">\r\n	<span style="font-family:''Microsoft YaHei'';font-size:18px;"><span style="color:#3333FF;">                   <strong>培训地点：杭州海外海纳川酒店（杭州市石祥路575号）</strong></span></span>\r\n</p>\r\n<div>\r\n	<strong><br />\r\n</strong>\r\n</div>\r\n<div style="color:#333333;font-family:''Helvetica Neue'', Helvetica, Arial, sans-serif;background-color:#FFFFFF;">\r\n	<span style="font-family:''Microsoft YaHei'';font-size:18px;"><strong>活动简介：</strong></span><br />\r\n</div>\r\n<p style="color:#333333;font-family:''Helvetica Neue'', Helvetica, Arial, sans-serif;background-color:#FFFFFF;">\r\n	<span style="font-family:''Microsoft YaHei'';font-size:18px;">此次集训营，是猪八戒成立10年来，最系统的一次服务商培训，总裁亲临，由猪八戒商学院联合类目运营事业部、手机猪八戒等部门倾力巨献。涵盖店铺引流、提升店铺转化率、手机店铺运营等一些列成长课程。</span>\r\n</p>\r\n<p style="color:#333333;font-family:''Helvetica Neue'', Helvetica, Arial, sans-serif;background-color:#FFFFFF;">\r\n	<span style="font-family:''Microsoft YaHei'';font-size:18px;">首站重庆圆满开营，4月落户杭州，此后数月集训营将陆续登陆北京、广州、深圳、南京、西安、成都等城市。</span>\r\n</p>\r\n<p style="color:#333333;font-family:''Helvetica Neue'', Helvetica, Arial, sans-serif;background-color:#FFFFFF;">\r\n	<span style="font-family:''Microsoft YaHei'';font-size:18px;">本次集训营  <strong><span style="color:#3333FF;">培训</span></strong></span><span style="font-family:''Microsoft YaHei'';font-size:18px;"><strong><span style="color:#3333FF;">时间：4月23日</span></strong></span>\r\n</p>\r\n<p style="color:#333333;font-family:''Helvetica Neue'', Helvetica, Arial, sans-serif;background-color:#FFFFFF;">\r\n	<span style="font-family:''Microsoft YaHei'';font-size:18px;"><span style="color:#3333FF;">                   <strong>培训地点：杭州海外海纳川酒店（杭州市石祥路575号）</strong></span></span>\r\n</p>\r\n<div>\r\n	<strong><br />\r\n</strong>\r\n</div>\r\n<div style="color:#333333;font-family:''Helvetica Neue'', Helvetica, Arial, sans-serif;background-color:#FFFFFF;">\r\n	<span style="font-family:''Microsoft YaHei'';font-size:18px;"><strong>活动简介：</strong></span><br />\r\n</div>\r\n<p style="color:#333333;font-family:''Helvetica Neue'', Helvetica, Arial, sans-serif;background-color:#FFFFFF;">\r\n	<span style="font-family:''Microsoft YaHei'';font-size:18px;">此次集训营，是猪八戒成立10年来，最系统的一次服务商培训，总裁亲临，由猪八戒商学院联合类目运营事业部、手机猪八戒等部门倾力巨献。涵盖店铺引流、提升店铺转化率、手机店铺运营等一些列成长课程。</span>\r\n</p>\r\n<p style="color:#333333;font-family:''Helvetica Neue'', Helvetica, Arial, sans-serif;background-color:#FFFFFF;">\r\n	<span style="font-family:''Microsoft YaHei'';font-size:18px;">首站重庆圆满开营，4月落户杭州，此后数月集训营将陆续登陆北京、广州、深圳、南京、西安、成都等城市。</span>\r\n</p>\r\n<p style="color:#333333;font-family:''Helvetica Neue'', Helvetica, Arial, sans-serif;background-color:#FFFFFF;">\r\n	<span style="font-family:''Microsoft YaHei'';font-size:18px;">本次集训营  <strong><span style="color:#3333FF;">培训</span></strong></span><span style="font-family:''Microsoft YaHei'';font-size:18px;"><strong><span style="color:#3333FF;">时间：4月23日</span></strong></span>\r\n</p>\r\n<p style="color:#333333;font-family:''Helvetica Neue'', Helvetica, Arial, sans-serif;background-color:#FFFFFF;">\r\n	<span style="font-family:''Microsoft YaHei'';font-size:18px;"><span style="color:#3333FF;">                   <strong>培训地点：杭州海外海纳川酒店（杭州市石祥路575号）</strong></span></span>\r\n</p>\r\n<div>\r\n	<strong><br />\r\n</strong>\r\n</div>\r\n<div style="color:#333333;font-family:''Helvetica Neue'', Helvetica, Arial, sans-serif;background-color:#FFFFFF;">\r\n	<span style="font-family:''Microsoft YaHei'';font-size:18px;"><strong>活动简介：</strong></span><br />\r\n</div>\r\n<p style="color:#333333;font-family:''Helvetica Neue'', Helvetica, Arial, sans-serif;background-color:#FFFFFF;">\r\n	<span style="font-family:''Microsoft YaHei'';font-size:18px;">此次集训营，是猪八戒成立10年来，最系统的一次服务商培训，总裁亲临，由猪八戒商学院联合类目运营事业部、手机猪八戒等部门倾力巨献。涵盖店铺引流、提升店铺转化率、手机店铺运营等一些列成长课程。</span>\r\n</p>\r\n<p style="color:#333333;font-family:''Helvetica Neue'', Helvetica, Arial, sans-serif;background-color:#FFFFFF;">\r\n	<span style="font-family:''Microsoft YaHei'';font-size:18px;">首站重庆圆满开营，4月落户杭州，此后数月集训营将陆续登陆北京、广州、深圳、南京、西安、成都等城市。</span>\r\n</p>\r\n<p style="color:#333333;font-family:''Helvetica Neue'', Helvetica, Arial, sans-serif;background-color:#FFFFFF;">\r\n	<span style="font-family:''Microsoft YaHei'';font-size:18px;">本次集训营  <strong><span style="color:#3333FF;">培训</span></strong></span><span style="font-family:''Microsoft YaHei'';font-size:18px;"><strong><span style="color:#3333FF;">时间：4月23日</span></strong></span>\r\n</p>\r\n<p style="color:#333333;font-family:''Helvetica Neue'', Helvetica, Arial, sans-serif;background-color:#FFFFFF;">\r\n	<span style="font-family:''Microsoft YaHei'';font-size:18px;"><span style="color:#3333FF;">                   <strong>培训地点：杭州海外海纳川酒店（杭州市石祥路575号）</strong></span></span>\r\n</p>\r\n<div>\r\n	<strong><br />\r\n</strong>\r\n</div>\r\n<div style="color:#333333;font-family:''Helvetica Neue'', Helvetica, Arial, sans-serif;background-color:#FFFFFF;">\r\n	<span style="font-family:''Microsoft YaHei'';font-size:18px;"><strong>活动简介：</strong></span><br />\r\n</div>\r\n<p style="color:#333333;font-family:''Helvetica Neue'', Helvetica, Arial, sans-serif;background-color:#FFFFFF;">\r\n	<span style="font-family:''Microsoft YaHei'';font-size:18px;">此次集训营，是猪八戒成立10年来，最系统的一次服务商培训，总裁亲临，由猪八戒商学院联合类目运营事业部、手机猪八戒等部门倾力巨献。涵盖店铺引流、提升店铺转化率、手机店铺运营等一些列成长课程。</span>\r\n</p>\r\n<p style="color:#333333;font-family:''Helvetica Neue'', Helvetica, Arial, sans-serif;background-color:#FFFFFF;">\r\n	<span style="font-family:''Microsoft YaHei'';font-size:18px;">首站重庆圆满开营，4月落户杭州，此后数月集训营将陆续登陆北京、广州、深圳、南京、西安、成都等城市。</span>\r\n</p>\r\n<p style="color:#333333;font-family:''Helvetica Neue'', Helvetica, Arial, sans-serif;background-color:#FFFFFF;">\r\n	<span style="font-family:''Microsoft YaHei'';font-size:18px;">本次集训营  <strong><span style="color:#3333FF;">培训</span></strong></span><span style="font-family:''Microsoft YaHei'';font-size:18px;"><strong><span style="color:#3333FF;">时间：4月23日</span></strong></span>\r\n</p>\r\n<p style="color:#333333;font-family:''Helvetica Neue'', Helvetica, Arial, sans-serif;background-color:#FFFFFF;">\r\n	<span style="font-family:''Microsoft YaHei'';font-size:18px;"><span style="color:#3333FF;">                   <strong>培训地点：杭州海外海纳川酒店（杭州市石祥路575号）</strong></span></span>\r\n</p>\r\n<div>\r\n	<strong><br />\r\n</strong>\r\n</div>\r\n<div style="color:#333333;font-family:''Helvetica Neue'', Helvetica, Arial, sans-serif;background-color:#FFFFFF;">\r\n	<span style="font-family:''Microsoft YaHei'';font-size:18px;"><strong>活动简介：</strong></span><br />\r\n</div>\r\n<p style="color:#333333;font-family:''Helvetica Neue'', Helvetica, Arial, sans-serif;background-color:#FFFFFF;">\r\n	<span style="font-family:''Microsoft YaHei'';font-size:18px;">此次集训营，是猪八戒成立10年来，最系统的一次服务商培训，总裁亲临，由猪八戒商学院联合类目运营事业部、手机猪八戒等部门倾力巨献。涵盖店铺引流、提升店铺转化率、手机店铺运营等一些列成长课程。</span>\r\n</p>\r\n<p style="color:#333333;font-family:''Helvetica Neue'', Helvetica, Arial, sans-serif;background-color:#FFFFFF;">\r\n	<span style="font-family:''Microsoft YaHei'';font-size:18px;">首站重庆圆满开营，4月落户杭州，此后数月集训营将陆续登陆北京、广州、深圳、南京、西安、成都等城市。</span>\r\n</p>\r\n<p style="color:#333333;font-family:''Helvetica Neue'', Helvetica, Arial, sans-serif;background-color:#FFFFFF;">\r\n	<span style="font-family:''Microsoft YaHei'';font-size:18px;">本次集训营  <strong><span style="color:#3333FF;">培训</span></strong></span><span style="font-family:''Microsoft YaHei'';font-size:18px;"><strong><span style="color:#3333FF;">时间：4月23日</span></strong></span>\r\n</p>\r\n<p style="color:#333333;font-family:''Helvetica Neue'', Helvetica, Arial, sans-serif;background-color:#FFFFFF;">\r\n	<span style="font-family:''Microsoft YaHei'';font-size:18px;"><span style="color:#3333FF;">                   <strong>培训地点：杭州海外海纳川酒店（杭州市石祥路575号）</strong></span></span>\r\n</p>\r\n<div>\r\n	<strong><br />\r\n</strong>\r\n</div>\r\n<div style="color:#333333;font-family:''Helvetica Neue'', Helvetica, Arial, sans-serif;background-color:#FFFFFF;">\r\n	<span style="font-family:''Microsoft YaHei'';font-size:18px;"><strong>活动简介：</strong></span><br />\r\n</div>\r\n<p style="color:#333333;font-family:''Helvetica Neue'', Helvetica, Arial, sans-serif;background-color:#FFFFFF;">\r\n	<span style="font-family:''Microsoft YaHei'';font-size:18px;">此次集训营，是猪八戒成立10年来，最系统的一次服务商培训，总裁亲临，由猪八戒商学院联合类目运营事业部、手机猪八戒等部门倾力巨献。涵盖店铺引流、提升店铺转化率、手机店铺运营等一些列成长课程。</span>\r\n</p>\r\n<p style="color:#333333;font-family:''Helvetica Neue'', Helvetica, Arial, sans-serif;background-color:#FFFFFF;">\r\n	<span style="font-family:''Microsoft YaHei'';font-size:18px;">首站重庆圆满开营，4月落户杭州，此后数月集训营将陆续登陆北京、广州、深圳、南京、西安、成都等城市。</span>\r\n</p>\r\n<p style="color:#333333;font-family:''Helvetica Neue'', Helvetica, Arial, sans-serif;background-color:#FFFFFF;">\r\n	<span style="font-family:''Microsoft YaHei'';font-size:18px;">本次集训营  <strong><span style="color:#3333FF;">培训</span></strong></span><span style="font-family:''Microsoft YaHei'';font-size:18px;"><strong><span style="color:#3333FF;">时间：4月23日</span></strong></span>\r\n</p>\r\n<p style="color:#333333;font-family:''Helvetica Neue'', Helvetica, Arial, sans-serif;background-color:#FFFFFF;">\r\n	<span style="font-family:''Microsoft YaHei'';font-size:18px;"><span style="color:#3333FF;">                   <strong>培训地点：杭州海外海纳川酒店（杭州市石祥路575号）</strong></span></span>\r\n</p>\r\n<div>\r\n	<strong><br />\r\n</strong>\r\n</div>\r\n<div style="color:#333333;font-family:''Helvetica Neue'', Helvetica, Arial, sans-serif;background-color:#FFFFFF;">\r\n	<span style="font-family:''Microsoft YaHei'';font-size:18px;"><strong>活动简介：</strong></span><br />\r\n</div>\r\n<p style="color:#333333;font-family:''Helvetica Neue'', Helvetica, Arial, sans-serif;background-color:#FFFFFF;">\r\n	<span style="font-family:''Microsoft YaHei'';font-size:18px;">此次集训营，是猪八戒成立10年来，最系统的一次服务商培训，总裁亲临，由猪八戒商学院联合类目运营事业部、手机猪八戒等部门倾力巨献。涵盖店铺引流、提升店铺转化率、手机店铺运营等一些列成长课程。</span>\r\n</p>\r\n<p style="color:#333333;font-family:''Helvetica Neue'', Helvetica, Arial, sans-serif;background-color:#FFFFFF;">\r\n	<span style="font-family:''Microsoft YaHei'';font-size:18px;">首站重庆圆满开营，4月落户杭州，此后数月集训营将陆续登陆北京、广州、深圳、南京、西安、成都等城市。</span>\r\n</p>\r\n<p style="color:#333333;font-family:''Helvetica Neue'', Helvetica, Arial, sans-serif;background-color:#FFFFFF;">\r\n	<span style="font-family:''Microsoft YaHei'';font-size:18px;">本次集训营  <strong><span style="color:#3333FF;">培训</span></strong></span><span style="font-family:''Microsoft YaHei'';font-size:18px;"><strong><span style="color:#3333FF;">时间：4月23日</span></strong></span>\r\n</p>\r\n<p style="color:#333333;font-family:''Helvetica Neue'', Helvetica, Arial, sans-serif;background-color:#FFFFFF;">\r\n	<span style="font-family:''Microsoft YaHei'';font-size:18px;"><span style="color:#3333FF;">                   <strong>培训地点：杭州海外海纳川酒店（杭州市石祥路575号）</strong></span></span>\r\n</p>\r\n<div>\r\n	<strong><br />\r\n</strong>\r\n</div>\r\n<div style="color:#333333;font-family:''Helvetica Neue'', Helvetica, Arial, sans-serif;background-color:#FFFFFF;">\r\n	<span style="font-family:''Microsoft YaHei'';font-size:18px;"><strong>活动简介：</strong></span><br />\r\n</div>\r\n<p style="color:#333333;font-family:''Helvetica Neue'', Helvetica, Arial, sans-serif;background-color:#FFFFFF;">\r\n	<span style="font-family:''Microsoft YaHei'';font-size:18px;">此次集训营，是猪八戒成立10年来，最系统的一次服务商培训，总裁亲临，由猪八戒商学院联合类目运营事业部、手机猪八戒等部门倾力巨献。涵盖店铺引流、提升店铺转化率、手机店铺运营等一些列成长课程。</span>\r\n</p>\r\n<p style="color:#333333;font-family:''Helvetica Neue'', Helvetica, Arial, sans-serif;background-color:#FFFFFF;">\r\n	<span style="font-family:''Microsoft YaHei'';font-size:18px;">首站重庆圆满开营，4月落户杭州，此后数月集训营将陆续登陆北京、广州、深圳、南京、西安、成都等城市。</span>\r\n</p>\r\n<p style="color:#333333;font-family:''Helvetica Neue'', Helvetica, Arial, sans-serif;background-color:#FFFFFF;">\r\n	<span style="font-family:''Microsoft YaHei'';font-size:18px;">本次集训营  <strong><span style="color:#3333FF;">培训</span></strong></span><span style="font-family:''Microsoft YaHei'';font-size:18px;"><strong><span style="color:#3333FF;">时间：4月23日</span></strong></span>\r\n</p>\r\n<p style="color:#333333;font-family:''Helvetica Neue'', Helvetica, Arial, sans-serif;background-color:#FFFFFF;">\r\n	<span style="font-family:''Microsoft YaHei'';font-size:18px;"><span style="color:#3333FF;">                   <strong>培训地点：杭州海外海纳川酒店（杭州市石祥路575号）</strong></span></span>\r\n</p>\r\n<div>\r\n	<strong><br />\r\n</strong>\r\n</div>\r\n<div style="color:#333333;font-family:''Helvetica Neue'', Helvetica, Arial, sans-serif;background-color:#FFFFFF;">\r\n	<span style="font-family:''Microsoft YaHei'';font-size:18px;"><strong>活动简介：</strong></span><br />\r\n</div>\r\n<p style="color:#333333;font-family:''Helvetica Neue'', Helvetica, Arial, sans-serif;background-color:#FFFFFF;">\r\n	<span style="font-family:''Microsoft YaHei'';font-size:18px;">此次集训营，是猪八戒成立10年来，最系统的一次服务商培训，总裁亲临，由猪八戒商学院联合类目运营事业部、手机猪八戒等部门倾力巨献。涵盖店铺引流、提升店铺转化率、手机店铺运营等一些列成长课程。</span>\r\n</p>\r\n<p style="color:#333333;font-family:''Helvetica Neue'', Helvetica, Arial, sans-serif;background-color:#FFFFFF;">\r\n	<span style="font-family:''Microsoft YaHei'';font-size:18px;">首站重庆圆满开营，4月落户杭州，此后数月集训营将陆续登陆北京、广州、深圳、南京、西安、成都等城市。</span>\r\n</p>\r\n<p style="color:#333333;font-family:''Helvetica Neue'', Helvetica, Arial, sans-serif;background-color:#FFFFFF;">\r\n	<span style="font-family:''Microsoft YaHei'';font-size:18px;">本次集训营  <strong><span style="color:#3333FF;">培训</span></strong></span><span style="font-family:''Microsoft YaHei'';font-size:18px;"><strong><span style="color:#3333FF;">时间：4月23日</span></strong></span>\r\n</p>\r\n<p style="color:#333333;font-family:''Helvetica Neue'', Helvetica, Arial, sans-serif;background-color:#FFFFFF;">\r\n	<span style="font-family:''Microsoft YaHei'';font-size:18px;"><span style="color:#3333FF;">                   <strong>培训地点：杭州海外海纳川酒店（杭州市石祥路575号）</strong></span></span>\r\n</p>\r\n<div>\r\n	<strong><br />\r\n</strong>\r\n</div>\r\n<div style="color:#333333;font-family:''Helvetica Neue'', Helvetica, Arial, sans-serif;background-color:#FFFFFF;">\r\n	<span style="font-family:''Microsoft YaHei'';font-size:18px;"><strong>活动简介：</strong></span><br />\r\n</div>\r\n<p style="color:#333333;font-family:''Helvetica Neue'', Helvetica, Arial, sans-serif;background-color:#FFFFFF;">\r\n	<span style="font-family:''Microsoft YaHei'';font-size:18px;">此次集训营，是猪八戒成立10年来，最系统的一次服务商培训，总裁亲临，由猪八戒商学院联合类目运营事业部、手机猪八戒等部门倾力巨献。涵盖店铺引流、提升店铺转化率、手机店铺运营等一些列成长课程。</span>\r\n</p>\r\n<p style="color:#333333;font-family:''Helvetica Neue'', Helvetica, Arial, sans-serif;background-color:#FFFFFF;">\r\n	<span style="font-family:''Microsoft YaHei'';font-size:18px;">首站重庆圆满开营，4月落户杭州，此后数月集训营将陆续登陆北京、广州、深圳、南京、西安、成都等城市。</span>\r\n</p>\r\n<p style="color:#333333;font-family:''Helvetica Neue'', Helvetica, Arial, sans-serif;background-color:#FFFFFF;">\r\n	<span style="font-family:''Microsoft YaHei'';font-size:18px;">本次集训营  <strong><span style="color:#3333FF;">培训</span></strong></span><span style="font-family:''Microsoft YaHei'';font-size:18px;"><strong><span style="color:#3333FF;">时间：4月23日</span></strong></span>\r\n</p>\r\n<p style="color:#333333;font-family:''Helvetica Neue'', Helvetica, Arial, sans-serif;background-color:#FFFFFF;">\r\n	<span style="font-family:''Microsoft YaHei'';font-size:18px;"><span style="color:#3333FF;">                   <strong>培训地点：杭州海外海纳川酒店（杭州市石祥路575号）</strong></span></span>\r\n</p>\r\n<div>\r\n	<strong><br />\r\n</strong>\r\n</div>\r\n<div style="color:#333333;font-family:''Helvetica Neue'', Helvetica, Arial, sans-serif;background-color:#FFFFFF;">\r\n	<span style="font-family:''Microsoft YaHei'';font-size:18px;"><strong>活动简介：</strong></span><br />\r\n</div>\r\n<p style="color:#333333;font-family:''Helvetica Neue'', Helvetica, Arial, sans-serif;background-color:#FFFFFF;">\r\n	<span style="font-family:''Microsoft YaHei'';font-size:18px;">此次集训营，是猪八戒成立10年来，最系统的一次服务商培训，总裁亲临，由猪八戒商学院联合类目运营事业部、手机猪八戒等部门倾力巨献。涵盖店铺引流、提升店铺转化率、手机店铺运营等一些列成长课程。</span>\r\n</p>\r\n<p style="color:#333333;font-family:''Helvetica Neue'', Helvetica, Arial, sans-serif;background-color:#FFFFFF;">\r\n	<span style="font-family:''Microsoft YaHei'';font-size:18px;">首站重庆圆满开营，4月落户杭州，此后数月集训营将陆续登陆北京、广州、深圳、南京、西安、成都等城市。</span>\r\n</p>\r\n<p style="color:#333333;font-family:''Helvetica Neue'', Helvetica, Arial, sans-serif;background-color:#FFFFFF;">\r\n	<span style="font-family:''Microsoft YaHei'';font-size:18px;">本次集训营  <strong><span style="color:#3333FF;">培训</span></strong></span><span style="font-family:''Microsoft YaHei'';font-size:18px;"><strong><span style="color:#3333FF;">时间：4月23日</span></strong></span>\r\n</p>\r\n<p style="color:#333333;font-family:''Helvetica Neue'', Helvetica, Arial, sans-serif;background-color:#FFFFFF;">\r\n	<span style="font-family:''Microsoft YaHei'';font-size:18px;"><span style="color:#3333FF;">                   <strong>培训地点：杭州海外海纳川酒店（杭州市石祥路575号）</strong></span></span>\r\n</p>\r\n<div>\r\n	<strong><br />\r\n</strong>\r\n</div>\r\n<div style="color:#333333;font-family:''Helvetica Neue'', Helvetica, Arial, sans-serif;background-color:#FFFFFF;">\r\n	<span style="font-family:''Microsoft YaHei'';font-size:18px;"><strong>活动简介：</strong></span><br />\r\n</div>\r\n<p style="color:#333333;font-family:''Helvetica Neue'', Helvetica, Arial, sans-serif;background-color:#FFFFFF;">\r\n	<span style="font-family:''Microsoft YaHei'';font-size:18px;">此次集训营，是猪八戒成立10年来，最系统的一次服务商培训，总裁亲临，由猪八戒商学院联合类目运营事业部、手机猪八戒等部门倾力巨献。涵盖店铺引流、提升店铺转化率、手机店铺运营等一些列成长课程。</span>\r\n</p>\r\n<p style="color:#333333;font-family:''Helvetica Neue'', Helvetica, Arial, sans-serif;background-color:#FFFFFF;">\r\n	<span style="font-family:''Microsoft YaHei'';font-size:18px;">首站重庆圆满开营，4月落户杭州，此后数月集训营将陆续登陆北京、广州、深圳、南京、西安、成都等城市。</span>\r\n</p>\r\n<p style="color:#333333;font-family:''Helvetica Neue'', Helvetica, Arial, sans-serif;background-color:#FFFFFF;">\r\n	<span style="font-family:''Microsoft YaHei'';font-size:18px;">本次集训营  <strong><span style="color:#3333FF;">培训</span></strong></span><span style="font-family:''Microsoft YaHei'';font-size:18px;"><strong><span style="color:#3333FF;">时间：4月23日</span></strong></span>\r\n</p>\r\n<p style="color:#333333;font-family:''Helvetica Neue'', Helvetica, Arial, sans-serif;background-color:#FFFFFF;">\r\n	<span style="font-family:''Microsoft YaHei'';font-size:18px;"><span style="color:#3333FF;">                   <strong>培训地点：杭州海外海纳川酒店（杭州市石祥路575号）</strong></span></span>\r\n</p>\r\n<div>\r\n	<strong><br />\r\n</strong>\r\n</div>\r\n<div style="color:#333333;font-family:''Helvetica Neue'', Helvetica, Arial, sans-serif;background-color:#FFFFFF;">\r\n	<span style="font-family:''Microsoft YaHei'';font-size:18px;"><strong>活动简介：</strong></span><br />\r\n</div>\r\n<p style="color:#333333;font-family:''Helvetica Neue'', Helvetica, Arial, sans-serif;background-color:#FFFFFF;">\r\n	<span style="font-family:''Microsoft YaHei'';font-size:18px;">此次集训营，是猪八戒成立10年来，最系统的一次服务商培训，总裁亲临，由猪八戒商学院联合类目运营事业部、手机猪八戒等部门倾力巨献。涵盖店铺引流、提升店铺转化率、手机店铺运营等一些列成长课程。</span>\r\n</p>\r\n<p style="color:#333333;font-family:''Helvetica Neue'', Helvetica, Arial, sans-serif;background-color:#FFFFFF;">\r\n	<span style="font-family:''Microsoft YaHei'';font-size:18px;">首站重庆圆满开营，4月落户杭州，此后数月集训营将陆续登陆北京、广州、深圳、南京、西安、成都等城市。</span>\r\n</p>\r\n<p style="color:#333333;font-family:''Helvetica Neue'', Helvetica, Arial, sans-serif;background-color:#FFFFFF;">\r\n	<span style="font-family:''Microsoft YaHei'';font-size:18px;">本次集训营  <strong><span style="color:#3333FF;">培训</span></strong></span><span style="font-family:''Microsoft YaHei'';font-size:18px;"><strong><span style="color:#3333FF;">时间：4月23日</span></strong></span>\r\n</p>\r\n<p style="color:#333333;font-family:''Helvetica Neue'', Helvetica, Arial, sans-serif;background-color:#FFFFFF;">\r\n	<span style="font-family:''Microsoft YaHei'';font-size:18px;"><span style="color:#3333FF;">                   <strong>培训地点：杭州海外海纳川酒店（杭州市石祥路575号）</strong></span></span>\r\n</p>\r\n<div>\r\n	<strong><br />\r\n</strong>\r\n</div>\r\n<div style="color:#333333;font-family:''Helvetica Neue'', Helvetica, Arial, sans-serif;background-color:#FFFFFF;">\r\n	<span style="font-family:''Microsoft YaHei'';font-size:18px;"><strong>活动简介：</strong></span><br />\r\n</div>\r\n<p style="color:#333333;font-family:''Helvetica Neue'', Helvetica, Arial, sans-serif;background-color:#FFFFFF;">\r\n	<span style="font-family:''Microsoft YaHei'';font-size:18px;">此次集训营，是猪八戒成立10年来，最系统的一次服务商培训，总裁亲临，由猪八戒商学院联合类目运营事业部、手机猪八戒等部门倾力巨献。涵盖店铺引流、提升店铺转化率、手机店铺运营等一些列成长课程。</span>\r\n</p>\r\n<p style="color:#333333;font-family:''Helvetica Neue'', Helvetica, Arial, sans-serif;background-color:#FFFFFF;">\r\n	<span style="font-family:''Microsoft YaHei'';font-size:18px;">首站重庆圆满开营，4月落户杭州，此后数月集训营将陆续登陆北京、广州、深圳、南京、西安、成都等城市。</span>\r\n</p>\r\n<p style="color:#333333;font-family:''Helvetica Neue'', Helvetica, Arial, sans-serif;background-color:#FFFFFF;">\r\n	<span style="font-family:''Microsoft YaHei'';font-size:18px;">本次集训营  <strong><span style="color:#3333FF;">培训</span></strong></span><span style="font-family:''Microsoft YaHei'';font-size:18px;"><strong><span style="color:#3333FF;">时间：4月23日</span></strong></span>\r\n</p>\r\n<p style="color:#333333;font-family:''Helvetica Neue'', Helvetica, Arial, sans-serif;background-color:#FFFFFF;">\r\n	<span style="font-family:''Microsoft YaHei'';font-size:18px;"><span style="color:#3333FF;">                   <strong>培训地点：杭州海外海纳川酒店（杭州市石祥路575号）</strong></span></span>\r\n</p>\r\n<div>\r\n	<strong><br />\r\n</strong>\r\n</div>\r\n<div style="color:#333333;font-family:''Helvetica Neue'', Helvetica, Arial, sans-serif;background-color:#FFFFFF;">\r\n	<span style="font-family:''Microsoft YaHei'';font-size:18px;"><strong>活动简介：</strong></span><br />\r\n</div>\r\n<p style="color:#333333;font-family:''Helvetica Neue'', Helvetica, Arial, sans-serif;background-color:#FFFFFF;">\r\n	<span style="font-family:''Microsoft YaHei'';font-size:18px;">此次集训营，是猪八戒成立10年来，最系统的一次服务商培训，总裁亲临，由猪八戒商学院联合类目运营事业部、手机猪八戒等部门倾力巨献。涵盖店铺引流、提升店铺转化率、手机店铺运营等一些列成长课程。</span>\r\n</p>\r\n<p style="color:#333333;font-family:''Helvetica Neue'', Helvetica, Arial, sans-serif;background-color:#FFFFFF;">\r\n	<span style="font-family:''Microsoft YaHei'';font-size:18px;">首站重庆圆满开营，4月落户杭州，此后数月集训营将陆续登陆北京、广州、深圳、南京、西安、成都等城市。</span>\r\n</p>\r\n<p style="color:#333333;font-family:''Helvetica Neue'', Helvetica, Arial, sans-serif;background-color:#FFFFFF;">\r\n	<span style="font-family:''Microsoft YaHei'';font-size:18px;">本次集训营  <strong><span style="color:#3333FF;">培训</span></strong></span><span style="font-family:''Microsoft YaHei'';font-size:18px;"><strong><span style="color:#3333FF;">时间：4月23日</span></strong></span>\r\n</p>\r\n<p style="color:#333333;font-family:''Helvetica Neue'', Helvetica, Arial, sans-serif;background-color:#FFFFFF;">\r\n	<span style="font-family:''Microsoft YaHei'';font-size:18px;"><span style="color:#3333FF;">                   <strong>培训地点：杭州海外海纳川酒店（杭州市石祥路575号）</strong></span></span>\r\n</p>\r\n<div>\r\n	<strong><br />\r\n</strong>\r\n</div>\r\n<div style="color:#333333;font-family:''Helvetica Neue'', Helvetica, Arial, sans-serif;background-color:#FFFFFF;">\r\n	<span style="font-family:''Microsoft YaHei'';font-size:18px;"><strong>活动简介：</strong></span><br />\r\n</div>\r\n<p style="color:#333333;font-family:''Helvetica Neue'', Helvetica, Arial, sans-serif;background-color:#FFFFFF;">\r\n	<span style="font-family:''Microsoft YaHei'';font-size:18px;">此次集训营，是猪八戒成立10年来，最系统的一次服务商培训，总裁亲临，由猪八戒商学院联合类目运营事业部、手机猪八戒等部门倾力巨献。涵盖店铺引流、提升店铺转化率、手机店铺运营等一些列成长课程。</span>\r\n</p>\r\n<p style="color:#333333;font-family:''Helvetica Neue'', Helvetica, Arial, sans-serif;background-color:#FFFFFF;">\r\n	<span style="font-family:''Microsoft YaHei'';font-size:18px;">首站重庆圆满开营，4月落户杭州，此后数月集训营将陆续登陆北京、广州、深圳、南京、西安、成都等城市。</span>\r\n</p>\r\n<p style="color:#333333;font-family:''Helvetica Neue'', Helvetica, Arial, sans-serif;background-color:#FFFFFF;">\r\n	<span style="font-family:''Microsoft YaHei'';font-size:18px;">本次集训营  <strong><span style="color:#3333FF;">培训</span></strong></span><span style="font-family:''Microsoft YaHei'';font-size:18px;"><strong><span style="color:#3333FF;">时间：4月23日</span></strong></span>\r\n</p>\r\n<p style="color:#333333;font-family:''Helvetica Neue'', Helvetica, Arial, sans-serif;background-color:#FFFFFF;">\r\n	<span style="font-family:''Microsoft YaHei'';font-size:18px;"><span style="color:#3333FF;">                   <strong>培训地点：杭州海外海纳川酒店（杭州市石祥路575号）</strong></span></span>\r\n</p>\r\n<div>\r\n	<strong><br />\r\n</strong>\r\n</div>\r\n<div style="color:#333333;font-family:''Helvetica Neue'', Helvetica, Arial, sans-serif;background-color:#FFFFFF;">\r\n	<span style="font-family:''Microsoft YaHei'';font-size:18px;"><strong>活动简介：</strong></span><br />\r\n</div>\r\n<p style="color:#333333;font-family:''Helvetica Neue'', Helvetica, Arial, sans-serif;background-color:#FFFFFF;">\r\n	<span style="font-family:''Microsoft YaHei'';font-size:18px;">此次集训营，是猪八戒成立10年来，最系统的一次服务商培训，总裁亲临，由猪八戒商学院联合类目运营事业部、手机猪八戒等部门倾力巨献。涵盖店铺引流、提升店铺转化率、手机店铺运营等一些列成长课程。</span>\r\n</p>\r\n<p style="color:#333333;font-family:''Helvetica Neue'', Helvetica, Arial, sans-serif;background-color:#FFFFFF;">\r\n	<span style="font-family:''Microsoft YaHei'';font-size:18px;">首站重庆圆满开营，4月落户杭州，此后数月集训营将陆续登陆北京、广州、深圳、南京、西安、成都等城市。</span>\r\n</p>\r\n<p style="color:#333333;font-family:''Helvetica Neue'', Helvetica, Arial, sans-serif;background-color:#FFFFFF;">\r\n	<span style="font-family:''Microsoft YaHei'';font-size:18px;">本次集训营  <strong><span style="color:#3333FF;">培训</span></strong></span><span style="font-family:''Microsoft YaHei'';font-size:18px;"><strong><span style="color:#3333FF;">时间：4月23日</span></strong></span>\r\n</p>\r\n<p style="color:#333333;font-family:''Helvetica Neue'', Helvetica, Arial, sans-serif;background-color:#FFFFFF;">\r\n	<span style="font-family:''Microsoft YaHei'';font-size:18px;"><span style="color:#3333FF;">                   <strong>培训地点：杭州海外海纳川酒店（杭州市石祥路575号）</strong></span></span>\r\n</p>\r\n<div>\r\n	<strong><br />\r\n</strong>\r\n</div>\r\n<div style="color:#333333;font-family:''Helvetica Neue'', Helvetica, Arial, sans-serif;background-color:#FFFFFF;">\r\n	<span style="font-family:''Microsoft YaHei'';font-size:18px;"><strong>活动简介：</strong></span><br />\r\n</div>\r\n<p style="color:#333333;font-family:''Helvetica Neue'', Helvetica, Arial, sans-serif;background-color:#FFFFFF;">\r\n	<span style="font-family:''Microsoft YaHei'';font-size:18px;">此次集训营，是猪八戒成立10年来，最系统的一次服务商培训，总裁亲临，由猪八戒商学院联合类目运营事业部、手机猪八戒等部门倾力巨献。涵盖店铺引流、提升店铺转化率、手机店铺运营等一些列成长课程。</span>\r\n</p>\r\n<p style="color:#333333;font-family:''Helvetica Neue'', Helvetica, Arial, sans-serif;background-color:#FFFFFF;">\r\n	<span style="font-family:''Microsoft YaHei'';font-size:18px;">首站重庆圆满开营，4月落户杭州，此后数月集训营将陆续登陆北京、广州、深圳、南京、西安、成都等城市。</span>\r\n</p>\r\n<p style="color:#333333;font-family:''Helvetica Neue'', Helvetica, Arial, sans-serif;background-color:#FFFFFF;">\r\n	<span style="font-family:''Microsoft YaHei'';font-size:18px;">本次集训营  <strong><span style="color:#3333FF;">培训</span></strong></span><span style="font-family:''Microsoft YaHei'';font-size:18px;"><strong><span style="color:#3333FF;">时间：4月23日</span></strong></span>\r\n</p>\r\n<p style="color:#333333;font-family:''Helvetica Neue'', Helvetica, Arial, sans-serif;background-color:#FFFFFF;">\r\n	<span style="font-family:''Microsoft YaHei'';font-size:18px;"><span style="color:#3333FF;">                   <strong>培训地点：杭州海外海纳川酒店（杭州市石祥路575号）</strong></span></span>\r\n</p>\r\n<div>\r\n	<strong><br />\r\n</strong>\r\n</div>\r\n<div style="color:#333333;font-family:''Helvetica Neue'', Helvetica, Arial, sans-serif;background-color:#FFFFFF;">\r\n	<span style="font-family:''Microsoft YaHei'';font-size:18px;"><strong>活动简介：</strong></span><br />\r\n</div>\r\n<p style="color:#333333;font-family:''Helvetica Neue'', Helvetica, Arial, sans-serif;background-color:#FFFFFF;">\r\n	<span style="font-family:''Microsoft YaHei'';font-size:18px;">此次集训营，是猪八戒成立10年来，最系统的一次服务商培训，总裁亲临，由猪八戒商学院联合类目运营事业部、手机猪八戒等部门倾力巨献。涵盖店铺引流、提升店铺转化率、手机店铺运营等一些列成长课程。</span>\r\n</p>\r\n<p style="color:#333333;font-family:''Helvetica Neue'', Helvetica, Arial, sans-serif;background-color:#FFFFFF;">\r\n	<span style="font-family:''Microsoft YaHei'';font-size:18px;">首站重庆圆满开营，4月落户杭州，此后数月集训营将陆续登陆北京、广州、深圳、南京、西安、成都等城市。</span>\r\n</p>\r\n<p style="color:#333333;font-family:''Helvetica Neue'', Helvetica, Arial, sans-serif;background-color:#FFFFFF;">\r\n	<span style="font-family:''Microsoft YaHei'';font-size:18px;">本次集训营  <strong><span style="color:#3333FF;">培训</span></strong></span><span style="font-family:''Microsoft YaHei'';font-size:18px;"><strong><span style="color:#3333FF;">时间：4月23日</span></strong></span>\r\n</p>\r\n<p style="color:#333333;font-family:''Helvetica Neue'', Helvetica, Arial, sans-serif;background-color:#FFFFFF;">\r\n	<span style="font-family:''Microsoft YaHei'';font-size:18px;"><span style="color:#3333FF;">                   <strong>培训地点：杭州海外海纳川酒店（杭州市石祥路575号）</strong></span></span>\r\n</p>\r\n<div>\r\n	<strong><br />\r\n</strong>\r\n</div>\r\n<div style="color:#333333;font-family:''Helvetica Neue'', Helvetica, Arial, sans-serif;background-color:#FFFFFF;">\r\n	<span style="font-family:''Microsoft YaHei'';font-size:18px;"><strong>活动简介：</strong></span><br />\r\n</div>\r\n<p style="color:#333333;font-family:''Helvetica Neue'', Helvetica, Arial, sans-serif;background-color:#FFFFFF;">\r\n	<span style="font-family:''Microsoft YaHei'';font-size:18px;">此次集训营，是猪八戒成立10年来，最系统的一次服务商培训，总裁亲临，由猪八戒商学院联合类目运营事业部、手机猪八戒等部门倾力巨献。涵盖店铺引流、提升店铺转化率、手机店铺运营等一些列成长课程。</span>\r\n</p>\r\n<p style="color:#333333;font-family:''Helvetica Neue'', Helvetica, Arial, sans-serif;background-color:#FFFFFF;">\r\n	<span style="font-family:''Microsoft YaHei'';font-size:18px;">首站重庆圆满开营，4月落户杭州，此后数月集训营将陆续登陆北京、广州、深圳、南京、西安、成都等城市。</span>\r\n</p>\r\n<p style="color:#333333;font-family:''Helvetica Neue'', Helvetica, Arial, sans-serif;background-color:#FFFFFF;">\r\n	<span style="font-family:''Microsoft YaHei'';font-size:18px;">本次集训营  <strong><span style="color:#3333FF;">培训</span></strong></span><span style="font-family:''Microsoft YaHei'';font-size:18px;"><strong><span style="color:#3333FF;">时间：4月23日</span></strong></span>\r\n</p>\r\n<p style="color:#333333;font-family:''Helvetica Neue'', Helvetica, Arial, sans-serif;background-color:#FFFFFF;">\r\n	<span style="font-family:''Microsoft YaHei'';font-size:18px;"><span style="color:#3333FF;">                   <strong>培训地点：杭州海外海纳川酒店（杭州市石祥路575号）</strong></span></span>\r\n</p>\r\n<div>\r\n	<strong><br />\r\n</strong>\r\n</div>\r\n<div style="color:#333333;font-family:''Helvetica Neue'', Helvetica, Arial, sans-serif;background-color:#FFFFFF;">\r\n	<span style="font-family:''Microsoft YaHei'';font-size:18px;"><strong>活动简介：</strong></span><br />\r\n</div>\r\n<p style="color:#333333;font-family:''Helvetica Neue'', Helvetica, Arial, sans-serif;background-color:#FFFFFF;">\r\n	<span style="font-family:''Microsoft YaHei'';font-size:18px;">此次集训营，是猪八戒成立10年来，最系统的一次服务商培训，总裁亲临，由猪八戒商学院联合类目运营事业部、手机猪八戒等部门倾力巨献。涵盖店铺引流、提升店铺转化率、手机店铺运营等一些列成长课程。</span>\r\n</p>\r\n<p style="color:#333333;font-family:''Helvetica Neue'', Helvetica, Arial, sans-serif;background-color:#FFFFFF;">\r\n	<span style="font-family:''Microsoft YaHei'';font-size:18px;">首站重庆圆满开营，4月落户杭州，此后数月集训营将陆续登陆北京、广州、深圳、南京、西安、成都等城市。</span>\r\n</p>\r\n<p style="color:#333333;font-family:''Helvetica Neue'', Helvetica, Arial, sans-serif;background-color:#FFFFFF;">\r\n	<span style="font-family:''Microsoft YaHei'';font-size:18px;">本次集训营  <strong><span style="color:#3333FF;">培训</span></strong></span><span style="font-family:''Microsoft YaHei'';font-size:18px;"><strong><span style="color:#3333FF;">时间：4月23日</span></strong></span>\r\n</p>\r\n<p style="color:#333333;font-family:''Helvetica Neue'', Helvetica, Arial, sans-serif;background-color:#FFFFFF;">\r\n	<span style="font-family:''Microsoft YaHei'';font-size:18px;"><span style="color:#3333FF;">                   <strong>培训地点：杭州海外海纳川酒店（杭州市石祥路575号）</strong></span></span>\r\n</p>\r\n<div>\r\n	<div style="color:#333333;font-family:''Helvetica Neue'', Helvetica, Arial, sans-serif;background-color:#FFFFFF;">\r\n		<span style="font-family:''Microsoft YaHei'';font-size:18px;"><strong>活动简介：</strong></span><br />\r\n	</div>\r\n	<p style="color:#333333;font-family:''Helvetica Neue'', Helvetica, Arial, sans-serif;background-color:#FFFFFF;">\r\n		<span style="font-family:''Microsoft YaHei'';font-size:18px;">此次集训营，是猪八戒成立10年来，最系统的一次服务商培训，总裁亲临，由猪八戒商学院联合类目运营事业部、手机猪八戒等部门倾力巨献。涵盖店铺引流、提升店铺转化率、手机店铺运营等一些列成长课程。</span>\r\n	</p>\r\n	<p style="color:#333333;font-family:''Helvetica Neue'', Helvetica, Arial, sans-serif;background-color:#FFFFFF;">\r\n		<span style="font-family:''Microsoft YaHei'';font-size:18px;">首站重庆圆满开营，4月落户杭州，此后数月集训营将陆续登陆北京、广州、深圳、南京、西安、成都等城市。</span>\r\n	</p>\r\n	<p style="color:#333333;font-family:''Helvetica Neue'', Helvetica, Arial, sans-serif;background-color:#FFFFFF;">\r\n		<span style="font-family:''Microsoft YaHei'';font-size:18px;">本次集训营  <strong><span style="color:#3333FF;">培训</span></strong></span><span style="font-family:''Microsoft YaHei'';font-size:18px;"><strong><span style="color:#3333FF;">时间：4月23日</span></strong></span>\r\n	</p>\r\n	<p style="color:#333333;font-family:''Helvetica Neue'', Helvetica, Arial, sans-serif;background-color:#FFFFFF;">\r\n		<span style="font-family:''Microsoft YaHei'';font-size:18px;"><span style="color:#3333FF;">                   <strong>培训地点：杭州海外海纳川酒店（杭州市石祥路575号）</strong></span></span>\r\n	</p>\r\n</div>\r\n<div>\r\n	<strong><br />\r\n</strong>\r\n</div>\r\n<div style="color:#333333;font-family:''Helvetica Neue'', Helvetica, Arial, sans-serif;background-color:#FFFFFF;">\r\n	<span style="font-family:''Microsoft YaHei'';font-size:18px;"><strong>活动简介：</strong></span><br />\r\n</div>\r\n<p style="color:#333333;font-family:''Helvetica Neue'', Helvetica, Arial, sans-serif;background-color:#FFFFFF;">\r\n	<span style="font-family:''Microsoft YaHei'';font-size:18px;">此次集训营，是猪八戒成立10年来，最系统的一次服务商培训，总裁亲临，由猪八戒商学院联合类目运营事业部、手机猪八戒等部门倾力巨献。涵盖店铺引流、提升店铺转化率、手机店铺运营等一些列成长课程。</span>\r\n</p>\r\n<p style="color:#333333;font-family:''Helvetica Neue'', Helvetica, Arial, sans-serif;background-color:#FFFFFF;">\r\n	<span style="font-family:''Microsoft YaHei'';font-size:18px;">首站重庆圆满开营，4月落户杭州，此后数月集训营将陆续登陆北京、广州、深圳、南京、西安、成都等城市。</span>\r\n</p>\r\n<p style="color:#333333;font-family:''Helvetica Neue'', Helvetica, Arial, sans-serif;background-color:#FFFFFF;">\r\n	<span style="font-family:''Microsoft YaHei'';font-size:18px;">本次集训营  <strong><span style="color:#3333FF;">培训</span></strong></span><span style="font-family:''Microsoft YaHei'';font-size:18px;"><strong><span style="color:#3333FF;">时间：4月23日</span></strong></span>\r\n</p>\r\n<p style="color:#333333;font-family:''Helvetica Neue'', Helvetica, Arial, sans-serif;background-color:#FFFFFF;">\r\n	<span style="font-family:''Microsoft YaHei'';font-size:18px;"><span style="color:#3333FF;">                   <strong>培训地点：杭州海外海纳川酒店（杭州市石祥路575号）</strong></span></span>\r\n</p>\r\n<div>\r\n	<strong><br />\r\n</strong>\r\n</div>\r\n<div style="color:#333333;font-family:''Helvetica Neue'', Helvetica, Arial, sans-serif;background-color:#FFFFFF;">\r\n	<span style="font-family:''Microsoft YaHei'';font-size:18px;"><strong>活动简介：</strong></span><br />\r\n</div>\r\n<p style="color:#333333;font-family:''Helvetica Neue'', Helvetica, Arial, sans-serif;background-color:#FFFFFF;">\r\n	<span style="font-family:''Microsoft YaHei'';font-size:18px;">此次集训营，是猪八戒成立10年来，最系统的一次服务商培训，总裁亲临，由猪八戒商学院联合类目运营事业部、手机猪八戒等部门倾力巨献。涵盖店铺引流、提升店铺转化率、手机店铺运营等一些列成长课程。</span>\r\n</p>\r\n<p style="color:#333333;font-family:''Helvetica Neue'', Helvetica, Arial, sans-serif;background-color:#FFFFFF;">\r\n	<span style="font-family:''Microsoft YaHei'';font-size:18px;">首站重庆圆满开营，4月落户杭州，此后数月集训营将陆续登陆北京、广州、深圳、南京、西安、成都等城市。</span>\r\n</p>\r\n<p style="color:#333333;font-family:''Helvetica Neue'', Helvetica, Arial, sans-serif;background-color:#FFFFFF;">\r\n	<span style="font-family:''Microsoft YaHei'';font-size:18px;">本次集训营  <strong><span style="color:#3333FF;">培训</span></strong></span><span style="font-family:''Microsoft YaHei'';font-size:18px;"><strong><span style="color:#3333FF;">时间：4月23日</span></strong></span>\r\n</p>\r\n<p style="color:#333333;font-family:''Helvetica Neue'', Helvetica, Arial, sans-serif;background-color:#FFFFFF;">\r\n	<span style="font-family:''Microsoft YaHei'';font-size:18px;"><span style="color:#3333FF;">                   <strong>培训地点：杭州海外海纳川酒店（杭州市石祥路575号）</strong></span></span>\r\n</p>\r\n<div>\r\n	<strong><br />\r\n</strong>\r\n</div>\r\n<div style="color:#333333;font-family:''Helvetica Neue'', Helvetica, Arial, sans-serif;background-color:#FFFFFF;">\r\n	<span style="font-family:''Microsoft YaHei'';font-size:18px;"><strong>活动简介：</strong></span><br />\r\n</div>\r\n<p style="color:#333333;font-family:''Helvetica Neue'', Helvetica, Arial, sans-serif;background-color:#FFFFFF;">\r\n	<span style="font-family:''Microsoft YaHei'';font-size:18px;">此次集训营，是猪八戒成立10年来，最系统的一次服务商培训，总裁亲临，由猪八戒商学院联合类目运营事业部、手机猪八戒等部门倾力巨献。涵盖店铺引流、提升店铺转化率、手机店铺运营等一些列成长课程。</span>\r\n</p>\r\n<p style="color:#333333;font-family:''Helvetica Neue'', Helvetica, Arial, sans-serif;background-color:#FFFFFF;">\r\n	<span style="font-family:''Microsoft YaHei'';font-size:18px;">首站重庆圆满开营，4月落户杭州，此后数月集训营将陆续登陆北京、广州、深圳、南京、西安、成都等城市。</span>\r\n</p>\r\n<p style="color:#333333;font-family:''Helvetica Neue'', Helvetica, Arial, sans-serif;background-color:#FFFFFF;">\r\n	<span style="font-family:''Microsoft YaHei'';font-size:18px;">本次集训营  <strong><span style="color:#3333FF;">培训</span></strong></span><span style="font-family:''Microsoft YaHei'';font-size:18px;"><strong><span style="color:#3333FF;">时间：4月23日</span></strong></span>\r\n</p>\r\n<p style="color:#333333;font-family:''Helvetica Neue'', Helvetica, Arial, sans-serif;background-color:#FFFFFF;">\r\n	<span style="font-family:''Microsoft YaHei'';font-size:18px;"><span style="color:#3333FF;">                   <strong>培训地点：杭州海外海纳川酒店（杭州市石祥路575号）</strong></span></span>\r\n</p>\r\n<div>\r\n	<div style="color:#333333;font-family:''Helvetica Neue'', Helvetica, Arial, sans-serif;background-color:#FFFFFF;">\r\n		<span style="font-family:''Microsoft YaHei'';font-size:18px;"><strong>活动简介：</strong></span><br />\r\n	</div>\r\n	<p style="color:#333333;font-family:''Helvetica Neue'', Helvetica, Arial, sans-serif;background-color:#FFFFFF;">\r\n		<span style="font-family:''Microsoft YaHei'';font-size:18px;">此次集训营，是猪八戒成立10年来，最系统的一次服务商培训，总裁亲临，由猪八戒商学院联合类目运营事业部、手机猪八戒等部门倾力巨献。涵盖店铺引流、提升店铺转化率、手机店铺运营等一些列成长课程。</span>\r\n	</p>\r\n	<p style="color:#333333;font-family:''Helvetica Neue'', Helvetica, Arial, sans-serif;background-color:#FFFFFF;">\r\n		<span style="font-family:''Microsoft YaHei'';font-size:18px;">首站重庆圆满开营，4月落户杭州，此后数月集训营将陆续登陆北京、广州、深圳、南京、西安、成都等城市。</span>\r\n	</p>\r\n	<p style="color:#333333;font-family:''Helvetica Neue'', Helvetica, Arial, sans-serif;background-color:#FFFFFF;">\r\n		<span style="font-family:''Microsoft YaHei'';font-size:18px;">本次集训营  <strong><span style="color:#3333FF;">培训</span></strong></span><span style="font-family:''Microsoft YaHei'';font-size:18px;"><strong><span style="color:#3333FF;">时间：4月23日</span></strong></span>\r\n	</p>\r\n	<p style="color:#333333;font-family:''Helvetica Neue'', Helvetica, Arial, sans-serif;background-color:#FFFFFF;">\r\n		<span style="font-family:''Microsoft YaHei'';font-size:18px;"><span style="color:#3333FF;">                   <strong>培训地点：杭州海外海纳川酒店（杭州市石祥路575号）</strong></span></span>\r\n	</p>\r\n</div>\r\n<div>\r\n	<strong><br />\r\n</strong>\r\n</div>\r\n<div style="color:#333333;font-family:''Helvetica Neue'', Helvetica, Arial, sans-serif;background-color:#FFFFFF;">\r\n	<span style="font-family:''Microsoft YaHei'';font-size:18px;"><strong>活动简介：</strong></span><br />\r\n</div>\r\n<p style="color:#333333;font-family:''Helvetica Neue'', Helvetica, Arial, sans-serif;background-color:#FFFFFF;">\r\n	<span style="font-family:''Microsoft YaHei'';font-size:18px;">此次集训营，是猪八戒成立10年来，最系统的一次服务商培训，总裁亲临，由猪八戒商学院联合类目运营事业部、手机猪八戒等部门倾力巨献。涵盖店铺引流、提升店铺转化率、手机店铺运营等一些列成长课程。</span>\r\n</p>\r\n<p style="color:#333333;font-family:''Helvetica Neue'', Helvetica, Arial, sans-serif;background-color:#FFFFFF;">\r\n	<span style="font-family:''Microsoft YaHei'';font-size:18px;">首站重庆圆满开营，4月落户杭州，此后数月集训营将陆续登陆北京、广州、深圳、南京、西安、成都等城市。</span>\r\n</p>\r\n<p style="color:#333333;font-family:''Helvetica Neue'', Helvetica, Arial, sans-serif;background-color:#FFFFFF;">\r\n	<span style="font-family:''Microsoft YaHei'';font-size:18px;">本次集训营  <strong><span style="color:#3333FF;">培训</span></strong></span><span style="font-family:''Microsoft YaHei'';font-size:18px;"><strong><span style="color:#3333FF;">时间：4月23日</span></strong></span>\r\n</p>\r\n<p style="color:#333333;font-family:''Helvetica Neue'', Helvetica, Arial, sans-serif;background-color:#FFFFFF;">\r\n	<span style="font-family:''Microsoft YaHei'';font-size:18px;"><span style="color:#3333FF;">                   <strong>培训地点：杭州海外海纳川酒店（杭州市石祥路575号）</strong></span></span>\r\n</p>\r\n<div>\r\n	<strong><br />\r\n</strong>\r\n</div>\r\n<div style="color:#333333;font-family:''Helvetica Neue'', Helvetica, Arial, sans-serif;background-color:#FFFFFF;">\r\n	<span style="font-family:''Microsoft YaHei'';font-size:18px;"><strong>活动简介：</strong></span><br />\r\n</div>\r\n<p style="color:#333333;font-family:''Helvetica Neue'', Helvetica, Arial, sans-serif;background-color:#FFFFFF;">\r\n	<span style="font-family:''Microsoft YaHei'';font-size:18px;">此次集训营，是猪八戒成立10年来，最系统的一次服务商培训，总裁亲临，由猪八戒商学院联合类目运营事业部、手机猪八戒等部门倾力巨献。涵盖店铺引流、提升店铺转化率、手机店铺运营等一些列成长课程。</span>\r\n</p>\r\n<p style="color:#333333;font-family:''Helvetica Neue'', Helvetica, Arial, sans-serif;background-color:#FFFFFF;">\r\n	<span style="font-family:''Microsoft YaHei'';font-size:18px;">首站重庆圆满开营，4月落户杭州，此后数月集训营将陆续登陆北京、广州、深圳、南京、西安、成都等城市。</span>\r\n</p>\r\n<p style="color:#333333;font-family:''Helvetica Neue'', Helvetica, Arial, sans-serif;background-color:#FFFFFF;">\r\n	<span style="font-family:''Microsoft YaHei'';font-size:18px;">本次集训营  <strong><span style="color:#3333FF;">培训</span></strong></span><span style="font-family:''Microsoft YaHei'';font-size:18px;"><strong><span style="color:#3333FF;">时间：4月23日</span></strong></span>\r\n</p>\r\n<p style="color:#333333;font-family:''Helvetica Neue'', Helvetica, Arial, sans-serif;background-color:#FFFFFF;">\r\n	<span style="font-family:''Microsoft YaHei'';font-size:18px;"><span style="color:#3333FF;">                   <strong>培训地点：杭州海外海纳川酒店（杭州市石祥路575号）</strong></span></span>\r\n</p>\r\n<div>\r\n	<strong><br />\r\n</strong>\r\n</div>\r\n<div style="color:#333333;font-family:''Helvetica Neue'', Helvetica, Arial, sans-serif;background-color:#FFFFFF;">\r\n	<span style="font-family:''Microsoft YaHei'';font-size:18px;"><strong>活动简介：</strong></span><br />\r\n</div>\r\n<p style="color:#333333;font-family:''Helvetica Neue'', Helvetica, Arial, sans-serif;background-color:#FFFFFF;">\r\n	<span style="font-family:''Microsoft YaHei'';font-size:18px;">此次集训营，是猪八戒成立10年来，最系统的一次服务商培训，总裁亲临，由猪八戒商学院联合类目运营事业部、手机猪八戒等部门倾力巨献。涵盖店铺引流、提升店铺转化率、手机店铺运营等一些列成长课程。</span>\r\n</p>\r\n<p style="color:#333333;font-family:''Helvetica Neue'', Helvetica, Arial, sans-serif;background-color:#FFFFFF;">\r\n	<span style="font-family:''Microsoft YaHei'';font-size:18px;">首站重庆圆满开营，4月落户杭州，此后数月集训营将陆续登陆北京、广州、深圳、南京、西安、成都等城市。</span>\r\n</p>\r\n<p style="color:#333333;font-family:''Helvetica Neue'', Helvetica, Arial, sans-serif;background-color:#FFFFFF;">\r\n	<span style="font-family:''Microsoft YaHei'';font-size:18px;">本次集训营  <strong><span style="color:#3333FF;">培训</span></strong></span><span style="font-family:''Microsoft YaHei'';font-size:18px;"><strong><span style="color:#3333FF;">时间：4月23日</span></strong></span>\r\n</p>\r\n<p style="color:#333333;font-family:''Helvetica Neue'', Helvetica, Arial, sans-serif;background-color:#FFFFFF;">\r\n	<span style="font-family:''Microsoft YaHei'';font-size:18px;"><span style="color:#3333FF;">                   <strong>培训地点：杭州海外海纳川酒店（杭州市石祥路575号）</strong></span></span>\r\n</p>\r\n<div>\r\n	<strong><br />\r\n</strong>\r\n</div>\r\n<div style="color:#333333;font-family:''Helvetica Neue'', Helvetica, Arial, sans-serif;background-color:#FFFFFF;">\r\n	<span style="font-family:''Microsoft YaHei'';font-size:18px;"><strong>活动简介：</strong></span><br />\r\n</div>\r\n<p style="color:#333333;font-family:''Helvetica Neue'', Helvetica, Arial, sans-serif;background-color:#FFFFFF;">\r\n	<span style="font-family:''Microsoft YaHei'';font-size:18px;">此次集训营，是猪八戒成立10年来，最系统的一次服务商培训，总裁亲临，由猪八戒商学院联合类目运营事业部、手机猪八戒等部门倾力巨献。涵盖店铺引流、提升店铺转化率、手机店铺运营等一些列成长课程。</span>\r\n</p>\r\n<p style="color:#333333;font-family:''Helvetica Neue'', Helvetica, Arial, sans-serif;background-color:#FFFFFF;">\r\n	<span style="font-family:''Microsoft YaHei'';font-size:18px;">首站重庆圆满开营，4月落户杭州，此后数月集训营将陆续登陆北京、广州、深圳、南京、西安、成都等城市。</span>\r\n</p>\r\n<p style="color:#333333;font-family:''Helvetica Neue'', Helvetica, Arial, sans-serif;background-color:#FFFFFF;">\r\n	<span style="font-family:''Microsoft YaHei'';font-size:18px;">本次集训营  <strong><span style="color:#3333FF;">培训</span></strong></span><span style="font-family:''Microsoft YaHei'';font-size:18px;"><strong><span style="color:#3333FF;">时间：4月23日</span></strong></span>\r\n</p>\r\n<p style="color:#333333;font-family:''Helvetica Neue'', Helvetica, Arial, sans-serif;background-color:#FFFFFF;">\r\n	<span style="font-family:''Microsoft YaHei'';font-size:18px;"><span style="color:#3333FF;">                   <strong>培训地点：杭州海外海纳川酒店（杭州市石祥路575号）</strong></span></span>\r\n</p>\r\n<div>\r\n	<strong><br />\r\n</strong>\r\n</div>\r\n<div style="color:#333333;font-family:''Helvetica Neue'', Helvetica, Arial, sans-serif;background-color:#FFFFFF;">\r\n	<span style="font-family:''Microsoft YaHei'';font-size:18px;"><strong>活动简介：</strong></span><br />\r\n</div>\r\n<p style="color:#333333;font-family:''Helvetica Neue'', Helvetica, Arial, sans-serif;background-color:#FFFFFF;">\r\n	<span style="font-family:''Microsoft YaHei'';font-size:18px;">此次集训营，是猪八戒成立10年来，最系统的一次服务商培训，总裁亲临，由猪八戒商学院联合类目运营事业部、手机猪八戒等部门倾力巨献。涵盖店铺引流、提升店铺转化率、手机店铺运营等一些列成长课程。</span>\r\n</p>\r\n<p style="color:#333333;font-family:''Helvetica Neue'', Helvetica, Arial, sans-serif;background-color:#FFFFFF;">\r\n	<span style="font-family:''Microsoft YaHei'';font-size:18px;">首站重庆圆满开营，4月落户杭州，此后数月集训营将陆续登陆北京、广州、深圳、南京、西安、成都等城市。</span>\r\n</p>\r\n<p style="color:#333333;font-family:''Helvetica Neue'', Helvetica, Arial, sans-serif;background-color:#FFFFFF;">\r\n	<span style="font-family:''Microsoft YaHei'';font-size:18px;">本次集训营  <strong><span style="color:#3333FF;">培训</span></strong></span><span style="font-family:''Microsoft YaHei'';font-size:18px;"><strong><span style="color:#3333FF;">时间：4月23日</span></strong></span>\r\n</p>\r\n<p style="color:#333333;font-family:''Helvetica Neue'', Helvetica, Arial, sans-serif;background-color:#FFFFFF;">\r\n	<span style="font-family:''Microsoft YaHei'';font-size:18px;"><span style="color:#3333FF;">                   <strong>培训地点：杭州海外海纳川酒店（杭州市石祥路575号）</strong></span></span>\r\n</p>\r\n<div>\r\n	<strong><br />\r\n</strong>\r\n</div>\r\n<div style="color:#333333;font-family:''Helvetica Neue'', Helvetica, Arial, sans-serif;background-color:#FFFFFF;">\r\n	<span style="font-family:''Microsoft YaHei'';font-size:18px;"><strong>活动简介：</strong></span><br />\r\n</div>\r\n<p style="color:#333333;font-family:''Helvetica Neue'', Helvetica, Arial, sans-serif;background-color:#FFFFFF;">\r\n	<span style="font-family:''Microsoft YaHei'';font-size:18px;">此次集训营，是猪八戒成立10年来，最系统的一次服务商培训，总裁亲临，由猪八戒商学院联合类目运营事业部、手机猪八戒等部门倾力巨献。涵盖店铺引流、提升店铺转化率、手机店铺运营等一些列成长课程。</span>\r\n</p>\r\n<p style="color:#333333;font-family:''Helvetica Neue'', Helvetica, Arial, sans-serif;background-color:#FFFFFF;">\r\n	<span style="font-family:''Microsoft YaHei'';font-size:18px;">首站重庆圆满开营，4月落户杭州，此后数月集训营将陆续登陆北京、广州、深圳、南京、西安、成都等城市。</span>\r\n</p>\r\n<p style="color:#333333;font-family:''Helvetica Neue'', Helvetica, Arial, sans-serif;background-color:#FFFFFF;">\r\n	<span style="font-family:''Microsoft YaHei'';font-size:18px;">本次集训营  <strong><span style="color:#3333FF;">培训</span></strong></span><span style="font-family:''Microsoft YaHei'';font-size:18px;"><strong><span style="color:#3333FF;">时间：4月23日</span></strong></span>\r\n</p>\r\n<p style="color:#333333;font-family:''Helvetica Neue'', Helvetica, Arial, sans-serif;background-color:#FFFFFF;">\r\n	<span style="font-family:''Microsoft YaHei'';font-size:18px;"><span style="color:#3333FF;">                   <strong>培训地点：杭州海外海纳川酒店（杭州市石祥路575号）</strong></span></span>\r\n</p>\r\n<div>\r\n	<strong><br />\r\n</strong>\r\n</div>\r\n<div style="color:#333333;font-family:''Helvetica Neue'', Helvetica, Arial, sans-serif;background-color:#FFFFFF;">\r\n	<span style="font-family:''Microsoft YaHei'';font-size:18px;"><strong>活动简介：</strong></span><br />\r\n</div>\r\n<p style="color:#333333;font-family:''Helvetica Neue'', Helvetica, Arial, sans-serif;background-color:#FFFFFF;">\r\n	<span style="font-family:''Microsoft YaHei'';font-size:18px;">此次集训营，是猪八戒成立10年来，最系统的一次服务商培训，总裁亲临，由猪八戒商学院联合类目运营事业部、手机猪八戒等部门倾力巨献。涵盖店铺引流、提升店铺转化率、手机店铺运营等一些列成长课程。</span>\r\n</p>\r\n<p style="color:#333333;font-family:''Helvetica Neue'', Helvetica, Arial, sans-serif;background-color:#FFFFFF;">\r\n	<span style="font-family:''Microsoft YaHei'';font-size:18px;">首站重庆圆满开营，4月落户杭州，此后数月集训营将陆续登陆北京、广州、深圳、南京、西安、成都等城市。</span>\r\n</p>\r\n<p style="color:#333333;font-family:''Helvetica Neue'', Helvetica, Arial, sans-serif;background-color:#FFFFFF;">\r\n	<span style="font-family:''Microsoft YaHei'';font-size:18px;">本次集训营  <strong><span style="color:#3333FF;">培训</span></strong></span><span style="font-family:''Microsoft YaHei'';font-size:18px;"><strong><span style="color:#3333FF;">时间：4月23日</span></strong></span>\r\n</p>\r\n<p style="color:#333333;font-family:''Helvetica Neue'', Helvetica, Arial, sans-serif;background-color:#FFFFFF;">\r\n	<span style="font-family:''Microsoft YaHei'';font-size:18px;"><span style="color:#3333FF;">                   <strong>培训地点：杭州海外海纳川酒店（杭州市石祥路575号）</strong></span></span>\r\n</p>\r\n<div>\r\n	<strong><br />\r\n</strong>\r\n</div>\r\n<div style="color:#333333;font-family:''Helvetica Neue'', Helvetica, Arial, sans-serif;background-color:#FFFFFF;">\r\n	<span style="font-family:''Microsoft YaHei'';font-size:18px;"><strong>活动简介：</strong></span><br />\r\n</div>\r\n<p style="color:#333333;font-family:''Helvetica Neue'', Helvetica, Arial, sans-serif;background-color:#FFFFFF;">\r\n	<span style="font-family:''Microsoft YaHei'';font-size:18px;">此次集训营，是猪八戒成立10年来，最系统的一次服务商培训，总裁亲临，由猪八戒商学院联合类目运营事业部、手机猪八戒等部门倾力巨献。涵盖店铺引流、提升店铺转化率、手机店铺运营等一些列成长课程。</span>\r\n</p>\r\n<p style="color:#333333;font-family:''Helvetica Neue'', Helvetica, Arial, sans-serif;background-color:#FFFFFF;">\r\n	<span style="font-family:''Microsoft YaHei'';font-size:18px;">首站重庆圆满开营，4月落户杭州，此后数月集训营将陆续登陆北京、广州、深圳、南京、西安、成都等城市。</span>\r\n</p>\r\n<p style="color:#333333;font-family:''Helvetica Neue'', Helvetica, Arial, sans-serif;background-color:#FFFFFF;">\r\n	<span style="font-family:''Microsoft YaHei'';font-size:18px;">本次集训营  <strong><span style="color:#3333FF;">培训</span></strong></span><span style="font-family:''Microsoft YaHei'';font-size:18px;"><strong><span style="color:#3333FF;">时间：4月23日</span></strong></span>\r\n</p>\r\n<p style="color:#333333;font-family:''Helvetica Neue'', Helvetica, Arial, sans-serif;background-color:#FFFFFF;">\r\n	<span style="font-family:''Microsoft YaHei'';font-size:18px;"><span style="color:#3333FF;">                   <strong>培训地点：杭州海外海纳川酒店（杭州市石祥路575号）</strong></span></span>\r\n</p>\r\n<div>\r\n	<strong><br />\r\n</strong>\r\n</div>\r\n<div style="color:#333333;font-family:''Helvetica Neue'', Helvetica, Arial, sans-serif;background-color:#FFFFFF;">\r\n	<span style="font-family:''Microsoft YaHei'';font-size:18px;"><strong>活动简介：</strong></span><br />\r\n</div>\r\n<p style="color:#333333;font-family:''Helvetica Neue'', Helvetica, Arial, sans-serif;background-color:#FFFFFF;">\r\n	<span style="font-family:''Microsoft YaHei'';font-size:18px;">此次集训营，是猪八戒成立10年来，最系统的一次服务商培训，总裁亲临，由猪八戒商学院联合类目运营事业部、手机猪八戒等部门倾力巨献。涵盖店铺引流、提升店铺转化率、手机店铺运营等一些列成长课程。</span>\r\n</p>\r\n<p style="color:#333333;font-family:''Helvetica Neue'', Helvetica, Arial, sans-serif;background-color:#FFFFFF;">\r\n	<span style="font-family:''Microsoft YaHei'';font-size:18px;">首站重庆圆满开营，4月落户杭州，此后数月集训营将陆续登陆北京、广州、深圳、南京、西安、成都等城市。</span>\r\n</p>\r\n<p style="color:#333333;font-family:''Helvetica Neue'', Helvetica, Arial, sans-serif;background-color:#FFFFFF;">\r\n	<span style="font-family:''Microsoft YaHei'';font-size:18px;">本次集训营  <strong><span style="color:#3333FF;">培训</span></strong></span><span style="font-family:''Microsoft YaHei'';font-size:18px;"><strong><span style="color:#3333FF;">时间：4月23日</span></strong></span>\r\n</p>\r\n<p style="color:#333333;font-family:''Helvetica Neue'', Helvetica, Arial, sans-serif;background-color:#FFFFFF;">\r\n	<span style="font-family:''Microsoft YaHei'';font-size:18px;"><span style="color:#3333FF;">                   <strong>培训地点：杭州海外海纳川酒店（杭州市石祥路575号）</strong></span></span>\r\n</p>\r\n<div>\r\n	<strong><br />\r\n</strong>\r\n</div>\r\n<div style="color:#333333;font-family:''Helvetica Neue'', Helvetica, Arial, sans-serif;background-color:#FFFFFF;">\r\n	<span style="font-family:''Microsoft YaHei'';font-size:18px;"><strong>活动简介：</strong></span><br />\r\n</div>\r\n<p style="color:#333333;font-family:''Helvetica Neue'', Helvetica, Arial, sans-serif;background-color:#FFFFFF;">\r\n	<span style="font-family:''Microsoft YaHei'';font-size:18px;">此次集训营，是猪八戒成立10年来，最系统的一次服务商培训，总裁亲临，由猪八戒商学院联合类目运营事业部、手机猪八戒等部门倾力巨献。涵盖店铺引流、提升店铺转化率、手机店铺运营等一些列成长课程。</span>\r\n</p>\r\n<p style="color:#333333;font-family:''Helvetica Neue'', Helvetica, Arial, sans-serif;background-color:#FFFFFF;">\r\n	<span style="font-family:''Microsoft YaHei'';font-size:18px;">首站重庆圆满开营，4月落户杭州，此后数月集训营将陆续登陆北京、广州、深圳、南京、西安、成都等城市。</span>\r\n</p>\r\n<p style="color:#333333;font-family:''Helvetica Neue'', Helvetica, Arial, sans-serif;background-color:#FFFFFF;">\r\n	<span style="font-family:''Microsoft YaHei'';font-size:18px;">本次集训营  <strong><span style="color:#3333FF;">培训</span></strong></span><span style="font-family:''Microsoft YaHei'';font-size:18px;"><strong><span style="color:#3333FF;">时间：4月23日</span></strong></span>\r\n</p>\r\n<p style="color:#333333;font-family:''Helvetica Neue'', Helvetica, Arial, sans-serif;background-color:#FFFFFF;">\r\n	<span style="font-family:''Microsoft YaHei'';font-size:18px;"><span style="color:#3333FF;">                   <strong>培训地点：杭州海外海纳川酒店（杭州市石祥路575号）</strong></span></span>\r\n</p>\r\n<div>\r\n	<strong><br />\r\n</strong>\r\n</div>\r\n<div style="color:#333333;font-family:''Helvetica Neue'', Helvetica, Arial, sans-serif;background-color:#FFFFFF;">\r\n	<span style="font-family:''Microsoft YaHei'';font-size:18px;"><strong>活动简介：</strong></span><br />\r\n</div>\r\n<p style="color:#333333;font-family:''Helvetica Neue'', Helvetica, Arial, sans-serif;background-color:#FFFFFF;">\r\n	<span style="font-family:''Microsoft YaHei'';font-size:18px;">此次集训营，是猪八戒成立10年来，最系统的一次服务商培训，总裁亲临，由猪八戒商学院联合类目运营事业部、手机猪八戒等部门倾力巨献。涵盖店铺引流、提升店铺转化率、手机店铺运营等一些列成长课程。</span>\r\n</p>\r\n<p style="color:#333333;font-family:''Helvetica Neue'', Helvetica, Arial, sans-serif;background-color:#FFFFFF;">\r\n	<span style="font-family:''Microsoft YaHei'';font-size:18px;">首站重庆圆满开营，4月落户杭州，此后数月集训营将陆续登陆北京、广州、深圳、南京、西安、成都等城市。</span>\r\n</p>\r\n<p style="color:#333333;font-family:''Helvetica Neue'', Helvetica, Arial, sans-serif;background-color:#FFFFFF;">\r\n	<span style="font-family:''Microsoft YaHei'';font-size:18px;">本次集训营  <strong><span style="color:#3333FF;">培训</span></strong></span><span style="font-family:''Microsoft YaHei'';font-size:18px;"><strong><span style="color:#3333FF;">时间：4月23日</span></strong></span>\r\n</p>\r\n<p style="color:#333333;font-family:''Helvetica Neue'', Helvetica, Arial, sans-serif;background-color:#FFFFFF;">\r\n	<span style="font-family:''Microsoft YaHei'';font-size:18px;"><span style="color:#3333FF;">                   <strong>培训地点：杭州海外海纳川酒店（杭州市石祥路575号）</strong></span></span>\r\n</p>\r\n<div>\r\n	<strong><br />\r\n</strong>\r\n</div>\r\n<div style="color:#333333;font-family:''Helvetica Neue'', Helvetica, Arial, sans-serif;background-color:#FFFFFF;">\r\n	<span style="font-family:''Microsoft YaHei'';font-size:18px;"><strong>活动简介：</strong></span><br />\r\n</div>\r\n<p style="color:#333333;font-family:''Helvetica Neue'', Helvetica, Arial, sans-serif;background-color:#FFFFFF;">\r\n	<span style="font-family:''Microsoft YaHei'';font-size:18px;">此次集训营，是猪八戒成立10年来，最系统的一次服务商培训，总裁亲临，由猪八戒商学院联合类目运营事业部、手机猪八戒等部门倾力巨献。涵盖店铺引流、提升店铺转化率、手机店铺运营等一些列成长课程。</span>\r\n</p>\r\n<p style="color:#333333;font-family:''Helvetica Neue'', Helvetica, Arial, sans-serif;background-color:#FFFFFF;">\r\n	<span style="font-family:''Microsoft YaHei'';font-size:18px;">首站重庆圆满开营，4月落户杭州，此后数月集训营将陆续登陆北京、广州、深圳、南京、西安、成都等城市。</span>\r\n</p>\r\n<p style="color:#333333;font-family:''Helvetica Neue'', Helvetica, Arial, sans-serif;background-color:#FFFFFF;">\r\n	<span style="font-family:''Microsoft YaHei'';font-size:18px;">本次集训营  <strong><span style="color:#3333FF;">培训</span></strong></span><span style="font-family:''Microsoft YaHei'';font-size:18px;"><strong><span style="color:#3333FF;">时间：4月23日</span></strong></span>\r\n</p>\r\n<p style="color:#333333;font-family:''Helvetica Neue'', Helvetica, Arial, sans-serif;background-color:#FFFFFF;">\r\n	<span style="font-family:''Microsoft YaHei'';font-size:18px;"><span style="color:#3333FF;">                   <strong>培训地点：杭州海外海纳川酒店（杭州市石祥路575号）</strong></span></span>\r\n</p>\r\n<div>\r\n	<strong><br />\r\n</strong>\r\n</div>', '1461061039', 0, '', 0);

-- --------------------------------------------------------

--
-- 表的结构 `yang_article_category`
--

CREATE TABLE `yang_article_category` (
  `id` int(10) NOT NULL,
  `name` varchar(64) NOT NULL,
  `parent_id` int(10) NOT NULL,
  `keywords` varchar(128) NOT NULL,
  `sort` tinyint(4) NOT NULL,
  `status` tinyint(2) NOT NULL
) ENGINE=MyISAM DEFAULT CHARSET=utf8;

--
-- 转存表中的数据 `yang_article_category`
--

INSERT INTO `yang_article_category` (`id`, `name`, `parent_id`, `keywords`, `sort`, `status`) VALUES
(1, '官方公告', 0, '11', 111, 1),
(2, '市场动态', 0, '首页文章', 2, 1),
(123, '买入指南', 61, '0', 0, 0),
(3, '单条提示', 0, '111', 1, 1),
(32, '系统公告', 0, '系统公告', 10, 1),
(6, '帮助中心', 0, '', 0, 0),
(60, '注册指南', 6, '注册指南', 60, 1),
(61, '交易指南', 6, '交易指南', 61, 1),
(62, '充值指南', 6, '充值指南', 62, 1),
(64, '提现指南', 6, '提现指南', 64, 1),
(63, '转币指南', 6, '转币指南', 63, 1),
(4, '风险提示', 0, '', 0, 0),
(125, '银行转账充值', 62, '0', 0, 0),
(110, '转入币', 63, '转入币', 110, 1),
(111, '转出币', 63, '转出币', 111, 1),
(7, '团队信息', 0, '团队信息', 0, 1),
(118, '关于我们', 7, '', 0, 0),
(119, '加入我们', 7, '', 0, 0),
(120, '提现提示', 3, '', 0, 0),
(121, '邀请规则', 3, '', 0, 0),
(122, '邀请好友', 3, '', 0, 0),
(126, '新币上线申请', 3, '', 0, 0);

-- --------------------------------------------------------

--
-- 表的结构 `yang_bank`
--

CREATE TABLE `yang_bank` (
  `id` int(32) NOT NULL,
  `bankname` varchar(32) NOT NULL COMMENT '银行',
  `uid` int(32) NOT NULL,
  `cardname` varchar(32) NOT NULL COMMENT '用户名',
  `address` varchar(128) NOT NULL COMMENT '开户地',
  `cardnum` varchar(128) NOT NULL COMMENT '卡号',
  `bname` varchar(32) NOT NULL COMMENT '标签',
  `status` tinyint(2) NOT NULL COMMENT '状态'
) ENGINE=MyISAM DEFAULT CHARSET=utf8;

--
-- 转存表中的数据 `yang_bank`
--

INSERT INTO `yang_bank` (`id`, `bankname`, `uid`, `cardname`, `address`, `cardnum`, `bname`, `status`) VALUES
(1, '工商银行', 0, '', '252', '234', '1234', 0),
(4, '中信银行', 60, '456', '9127', '756756756765', '7657657', 0),
(5, '华夏银行', 60, '456', '15213', '23456', '456', 0),
(6, '华夏银行', 60, '456', '18245', '23456', '456', 0),
(7, '华夏银行', 60, '456', '广东0', '23456', '456', 0),
(8, '华夏银行', 60, '456', '福建0', '23456', '456', 0),
(9, '华夏银行', 60, '456', '福建0', '23456', '456', 0),
(10, '华夏银行', 60, '456', '271', '2345', '456', 0),
(16, '交通银行', 60, '456', '122', '666666', '6666', 0),
(17, '兴业银行', 59, '姜鹏', '159', '666666', 'kk', 0),
(18, '农业银行', 62, '打的', '55', '444444', '体系那', 0),
(20, '工商银行', 62, '打的', '176', '4545665', '阿萨德', 0),
(22, '招商银行', 62, '打的', '239', '5', '+6', 0),
(25, '中国银行', 59, '我我14141', '236', '65885477855547884', 'asdf', 0);

-- --------------------------------------------------------

--
-- 表的结构 `yang_config`
--

CREATE TABLE `yang_config` (
  `key` varchar(32) NOT NULL,
  `value` text NOT NULL
) ENGINE=MyISAM DEFAULT CHARSET=utf8;

--
-- 转存表中的数据 `yang_config`
--

INSERT INTO `yang_config` (`key`, `value`) VALUES
('title', '海通网络-数字资产交易平台'),
('keywords', '海通网络'),
('desc', '元宝网友情提示：请控制风险，不要投入超过您风险承受能力的资金，不要投资您所不了解的数字货币，拒绝传销组织，警惕虚假宣传。'),
('logo', '/Uploads/Public/Uploads/2016-06-17/5763d851aba95.png'),
('copyright', 'Copyright 2013-2016 海通网络-数字资产交易平台 All Rights Reserved. Powered by 海通网络-数字资产交易平台'),
('record', '京ICP备13052038号-1'),
('tel', '88888888'),
('email', '88888888@qq.com'),
('qqcode', '2522'),
('business_email', '88888888@qq.com'),
('name', '海通网络'),
('address', '深圳市万达有限公司'),
('qq', '4008367667'),
('qqqun2', '88888888'),
('qqqun3', '88888888'),
('qqqun1', '88888888'),
('pay_min_money', '100'),
('pay_max_money', '1000000'),
('pay_fee', '0'),
('pay_get_name', '北京亚投科技有限责任公司'),
('pay_get_card', '1100 1042 1000 5302 8052'),
('pay_get_bank', '中国建设银行北京电子城科技园区支行'),
('xnb', 'HTC'),
('xnb_name', '海通网络'),
('bili', '0.01'),
('weixin', '/Uploads/Public/Uploads/2016-03-19/56ecc75e1312d.jpg'),
('weibo', '88888888'),
('time_limit', '0'),
('localhost', 'www.deke.com'),
('worktime', '工作日:9-19时 节假日:9-18时'),
('qqqun_url', 'http://shang.qq.com/wpa/qunwpa?\r\n\r\nidkey=88888888'),
('fee', '2'),
('CODE_USER_NAME', '88888888'),
('CODE_USER_PASS', '88888888'),
('CODE_NAME', '德克币'),
('', 'friendship_tips'),
('', 'risk_warning'),
('friendship_tips', '海通网络网友情提示：请控制风险，不要投入超过您风险承受能力的资金，不要投资您所不了解的数字货币，拒绝传销组织，警惕虚假宣传。'),
('risk_warning', '风险提示 海通网络数字货币交易具有极高的风险（预挖、暴涨暴跌、庄家操控、团队解散、技术缺陷等），据国家五部委《关于防范比特币风险的通知》，德克币为数字货币的爱好者提供一个自由的网上交换平台，对币的投资价值不承担任何审查、担保、赔偿的责任，如果您不能接受，请不要进行交易！谢谢！'),
('biaoge_url', '/Uploads/Public/Uploads/2016-03-31/新币申请表'),
('jiedong_bili', '1'),
('withdraw_warning', '风险提示 数字货币交易具有极高的风险（预挖、暴涨暴跌、庄家操控、团队解散、技术缺陷等），据国家五部委《关于防范比特币风险的通知》，德克币为数字货币的爱好者提供一个自由的网上交换平台，对币的投资价值不承担任何审查、担保、赔偿的责任，如果您不能接受，请不要进行交易！谢谢！'),
('invite_rule', '风险提示 数字货币交易具有极高的风险（预挖、暴涨暴跌、庄家操控、团队解散、技术缺陷等），据国家五部委《关于防范比特币风险的通知》，德克币为数字货币的爱好者提供一个自由的网上交换平台，对币的投资价值不承担任何审查、担保、赔偿的责任，如果您不能接受，请不要进行交易！谢谢！'),
('tcoin_fee', '0.35'),
('jiaoyi_over_hour', '24'),
('jiaoyi_start_minute', '0'),
('jiaoyi_start_hour', '0'),
('jiaoyi_over_minute', '0'),
('zibenfen_bili', '100'),
('VAP_rule', '风险提示 数字货币交易具有极高的风险（预挖、暴涨暴跌、庄家操控、团队解散、技术缺陷等），据国家五部委《关于防范比特币风险的通知》，德克币为数字货币的爱好者提供一个自由的网上交换平台，对币的投资价值不承担任何审查、担保、赔偿的责任，如果您不能接受，请不要进行交易！谢谢！'),
('transaction_false', '800000'),
('ZC_AWARDS_CURRENCY_ID', '26'),
('ZC_AWARDS_ONE_RATIO', '100'),
('ZC_AWARDS_TWO_RATIO', '50'),
('ZC_AWARDS_STATUS', '1'),
('qq2', '88888888'),
('qq3', '88888888'),
('qq1', '88888888'),
('FWTK', '风险提示 数字货币交易具有极高的风险（预挖、暴涨暴跌、庄家操控、团队解散、技术缺陷等），据国家五部委《关于防范比特币风险的通知》，德克币为数字货币的爱好者提供一个自由的网上交换平台，对币的投资价值不承担任何审查、担保、赔偿的责任，如果您不能接受，请不要进行交易！谢谢！'),
('disclaimer', '风险提示 数字货币交易具有极高的风险（预挖、暴涨暴跌、庄家操控、团队解散、技术缺陷等），据国家五部委《关于防范比特币风险的通知》，德克币为数字货币的爱好者提供一个自由的网上交换平台，对币的投资价值不承担任何审查、担保、赔偿的责任，如果您不能接受，请不要进行交易！谢谢！'),
('EMAIL_USERNAME', 'mail@koumang.com'),
('EMAIL_PASSWORD', 'xiaowei7758258'),
('EMAIL_HOST', 'smtp.qq.com'),
('zhuce_jiangli', '100'),
('new_coin_up', '<span><span> 若您是加密数字货币开发者或者官方团队成员，有意向将您开发的币种上线聚币网，欢迎您通过以下方式和流程递交申请。</span> \r\n<p>\r\n	申请流程：\r\n</p>\r\n<ol>\r\n	<li>\r\n		下载 <a href="http://www.jubi.com/newcoin-sheet.docx" target="_blank">“新币上线申请表”</a>，按要求填写并发送至邮箱market@jubi.com。\r\n	</li>\r\n	<li>\r\n		若申请资料填写齐全并符合聚币上线条件，我们将和申请人或官方团队联系并确定币种上线可行性。\r\n	</li>\r\n	<li>\r\n		确定上线币种后，聚币会安排技术进行钱包、交易相关开发，我们将至少提前1天通知上线新币 。\r\n	</li>\r\n</ol>\r\n<p>\r\n	另：若在聚币已上线的币种出现下列情况之一，聚币将考虑下线该币种。\r\n</p>\r\n<ol>\r\n	<li>\r\n		官方团队解散或者不再有正常维护更新，导致该币种不能进行正常挖矿、转币、区块查询等；\r\n	</li>\r\n	<li>\r\n		该币种已经没有用户进行交易或者使用、持有；\r\n	</li>\r\n	<li>\r\n		该币种出现重大技术故障，影响到区块查询、挖矿转币等正常功能；\r\n	</li>\r\n	<li>\r\n		官方团队涉嫌恶意预挖、传销诈骗、坐庄圈钱等欺诈行为。\r\n	</li>\r\n</ol>\r\n<p>\r\n	<a>为了维护广大用户的财产安全我们将尽量避免币种下线。</a> \r\n</p>\r\n</span>');

-- --------------------------------------------------------

--
-- 表的结构 `yang_currency`
--

CREATE TABLE `yang_currency` (
  `currency_id` int(32) NOT NULL,
  `currency_name` varchar(32) NOT NULL COMMENT '货币名称',
  `currency_logo` varchar(255) NOT NULL COMMENT '货币logo',
  `currency_mark` varchar(32) NOT NULL COMMENT '英文标识',
  `currency_content` text NOT NULL,
  `currency_all_money` decimal(40,6) NOT NULL COMMENT '总市值',
  `currency_all_num` decimal(40,4) DEFAULT '0.0000' COMMENT '币总数量',
  `currency_buy_fee` float(64,4) NOT NULL COMMENT '买入手续费',
  `currency_sell_fee` float(64,4) NOT NULL COMMENT '卖出手续费',
  `currency_url` varchar(128) NOT NULL COMMENT '该币种的链接地址',
  `trade_currency_id` int(10) NOT NULL DEFAULT '1' COMMENT '可以进行交易的币种',
  `is_line` tinyint(4) NOT NULL DEFAULT '0',
  `is_lock` tinyint(4) NOT NULL DEFAULT '1' COMMENT '是否交易 0 是交易许可 1是交易不许可',
  `port_number` int(10) NOT NULL,
  `add_time` int(10) NOT NULL,
  `status` tinyint(4) NOT NULL DEFAULT '0',
  `rpc_url` varchar(255) NOT NULL COMMENT 'rpc路径',
  `rpc_pwd` varchar(255) NOT NULL COMMENT 'rpc密码',
  `rpc_user` varchar(255) NOT NULL COMMENT 'rpc账号（用户名）',
  `currency_all_tibi` int(10) NOT NULL DEFAULT '0' COMMENT '最大提币额',
  `detail_url` varchar(64) NOT NULL COMMENT '详情跳转链接',
  `qianbao_url` varchar(64) NOT NULL COMMENT '钱包储存路径',
  `qianbao_key` varchar(64) NOT NULL COMMENT '钱包密钥',
  `price_up` float(64,4) NOT NULL COMMENT '涨停',
  `price_down` float(64,4) NOT NULL COMMENT '跌停',
  `sort` int(10) NOT NULL DEFAULT '0',
  `currency_digit_num` int(10) NOT NULL COMMENT '限制位数'
) ENGINE=MyISAM DEFAULT CHARSET=utf8;

--
-- 转存表中的数据 `yang_currency`
--

INSERT INTO `yang_currency` (`currency_id`, `currency_name`, `currency_logo`, `currency_mark`, `currency_content`, `currency_all_money`, `currency_all_num`, `currency_buy_fee`, `currency_sell_fee`, `currency_url`, `trade_currency_id`, `is_line`, `is_lock`, `port_number`, `add_time`, `status`, `rpc_url`, `rpc_pwd`, `rpc_user`, `currency_all_tibi`, `detail_url`, `qianbao_url`, `qianbao_key`, `price_up`, `price_down`, `sort`, `currency_digit_num`) VALUES
(25, '元宝币', '/Uploads/Public/Uploads/2016-03-25/56f5284e7de29.png', 'YBB', '元宝币元宝币元宝币元宝币', '2147483648.000000', '100000.0000', 0.2000, 0.3000, 'www.yuanbaohui.com', 0, 1, 0, 3, 1466827897, 0, '3', '3', '3', 13, 'http://101.201.72.102/Home/Art/details/id/132.html', '/Uploads/Public/Uploads2016-03-31/56fc9bfeb3b13.zip', '3', 0.0000, 0.0000, 0, 9),
(26, '狗狗币', '/Uploads/Public/Uploads/2016-03-12/56e38721f0537.png', 'GODE', 'AAAAAAAAAAAAAAAAAAAAAAAAAAAAAAAAAAAAAAAAa', '5000000000.000000', '999999999.0000', 0.1000, 0.1000, '', 0, 1, 0, 0, 1467096092, 0, '', '', '', 0, '', '/Uploads/Public/Uploads2016-03-31/56fc9dbd18618.zip', '', 1000.0000, 0.1000, 0, 0),
(27, '进盟币', '/Uploads/Public/Uploads/2016-03-25/56f52838632ea.png', 'jmb', '进盟币进盟币进盟币', '2147483648.000000', '500007.0000', 0.1000, 0.1000, '', 0, 1, 0, 29991, 1467365471, 0, '47.89.49.145', '123456', 'green', 0, '', '/Uploads/Public/Uploads2016-03-31/56fc9da499d01.zip', '', 0.0000, 0.0000, 0, 0),
(28, '比特币', '/Uploads/Public/Uploads/2016-03-25/56f52840e4e1c.png', 'btc', '比特币比特币比特币', '0.000000', '0.0000', 0.1000, 0.1000, '', 26, 1, 0, 29992, 1461942334, 0, '47.89.49.145', '123456', 'green', 0, '', '/Uploads/Public/Uploads2016-03-31/56fc9d92272b8.zip', '', 0.0000, 0.0000, 0, 8),
(32, '123', '', '123123', '', '0.000000', '0.0000', 0.0000, 0.0000, '', 0, 1, 0, 0, 1467301040, 0, '', '', '', 0, '', '', '', 0.0000, 0.0000, 35, 0);

-- --------------------------------------------------------

--
-- 表的结构 `yang_currency_comment`
--

CREATE TABLE `yang_currency_comment` (
  `id` int(11) NOT NULL COMMENT '币种评论表',
  `currency_id` int(11) NOT NULL,
  `member_id` int(11) NOT NULL,
  `content` varchar(256) NOT NULL,
  `add_time` varchar(32) NOT NULL,
  `status` tinyint(4) NOT NULL
) ENGINE=MyISAM DEFAULT CHARSET=utf8;

-- --------------------------------------------------------

--
-- 表的结构 `yang_currency_concern`
--

CREATE TABLE `yang_currency_concern` (
  `id` int(11) NOT NULL COMMENT '币种关注表',
  `currency_id` int(11) NOT NULL,
  `member_id` int(11) NOT NULL,
  `add_time` varchar(32) NOT NULL,
  `status` tinyint(4) NOT NULL
) ENGINE=MyISAM DEFAULT CHARSET=utf8;

-- --------------------------------------------------------

--
-- 表的结构 `yang_currency_pic`
--

CREATE TABLE `yang_currency_pic` (
  `id` int(11) NOT NULL COMMENT '币种详情图片',
  `currency_id` int(11) NOT NULL,
  `pic` varchar(128) NOT NULL COMMENT '图片路径',
  `add_time` varchar(32) NOT NULL,
  `status` tinyint(4) NOT NULL
) ENGINE=MyISAM DEFAULT CHARSET=utf8;

--
-- 转存表中的数据 `yang_currency_pic`
--

INSERT INTO `yang_currency_pic` (`id`, `currency_id`, `pic`, `add_time`, `status`) VALUES
(1, 25, '/Uploads/Public/Uploads/2016-03-29/56f9eacacdfe6.jpg', '1459219262', 0),
(2, 25, '/Uploads/Public/Uploads/2016-03-29/56f9ead02625a.jpg', '1459219263', 0);

-- --------------------------------------------------------

--
-- 表的结构 `yang_currency_user`
--

CREATE TABLE `yang_currency_user` (
  `cu_id` int(32) NOT NULL,
  `member_id` int(32) NOT NULL COMMENT '用户id',
  `currency_id` int(32) NOT NULL COMMENT '货币id',
  `num` decimal(20,4) NOT NULL COMMENT '数量',
  `forzen_num` decimal(10,4) NOT NULL COMMENT '冻结数量',
  `status` tinyint(4) NOT NULL,
  `chongzhi_url` varchar(128) NOT NULL COMMENT '钱包充值地址'
) ENGINE=InnoDB DEFAULT CHARSET=utf8 ROW_FORMAT=DYNAMIC;

--
-- 转存表中的数据 `yang_currency_user`
--

INSERT INTO `yang_currency_user` (`cu_id`, `member_id`, `currency_id`, `num`, `forzen_num`, `status`, `chongzhi_url`) VALUES
(1, 1, 25, '1000.0000', '0.0000', 0, ''),
(2, 1, 26, '1000.0000', '0.0000', 0, ''),
(3, 62, 25, '1000.0108', '0.0000', 0, ''),
(4, 62, 26, '1000.0000', '0.0000', 0, ''),
(5, 64, 25, '1000.0000', '0.0000', 0, ''),
(6, 64, 26, '1000.0000', '0.0000', 0, ''),
(7, 59, 27, '3000.0000', '0.0000', 0, ''),
(8, 59, 26, '1899.0000', '-900.0000', 0, ''),
(9, 60, 25, '1000.0108', '0.0000', 0, ''),
(10, 60, 26, '1000.9990', '0.0000', 0, ''),
(11, 60, 27, '1000.0000', '0.0000', 0, ''),
(12, 60, 28, '1000.0000', '0.0000', 0, ''),
(15, 59, 25, '1000.0108', '0.0000', 0, ''),
(16, 59, 28, '2000.0000', '0.0000', 0, '17QUJCUdCbgUEWhDuKxR7hEb1phEQQAWKr'),
(17, 65, 25, '1000.0000', '0.0000', 0, ''),
(18, 65, 26, '1000.0000', '0.0000', 0, ''),
(19, 65, 27, '1000.0000', '0.0000', 0, ''),
(20, 65, 28, '1000.0000', '0.0000', 0, ''),
(21, 66, 25, '0.0000', '0.0000', 0, ''),
(22, 66, 26, '0.0000', '0.0000', 0, ''),
(23, 66, 27, '0.0000', '0.0000', 0, ''),
(24, 66, 28, '0.0000', '0.0000', 0, ''),
(25, 67, 25, '1000.0000', '0.0000', 0, ''),
(26, 67, 26, '1000.0000', '0.0000', 0, ''),
(27, 67, 27, '1000.0000', '0.0000', 0, ''),
(28, 67, 28, '1000.0000', '0.0000', 0, ''),
(29, 69, 25, '0.0000', '0.0000', 0, ''),
(30, 69, 26, '0.0000', '0.0000', 0, ''),
(31, 69, 27, '0.0000', '0.0000', 0, ''),
(32, 69, 28, '0.0000', '0.0000', 0, ''),
(33, 70, 25, '0.0000', '0.0000', 0, ''),
(34, 70, 26, '0.0000', '0.0000', 0, ''),
(35, 70, 27, '0.0000', '0.0000', 0, ''),
(36, 70, 28, '0.0000', '0.0000', 0, ''),
(37, 71, 25, '999.0078', '0.0000', 0, ''),
(38, 71, 26, '0.0000', '0.0000', 0, ''),
(39, 71, 27, '0.0000', '0.0000', 0, ''),
(40, 71, 28, '0.0000', '0.0000', 0, ''),
(41, 72, 25, '12098.8890', '0.0000', 0, ''),
(42, 72, 26, '500.0000', '0.0000', 0, ''),
(43, 72, 27, '0.0000', '0.0000', 0, ''),
(44, 72, 28, '0.0000', '0.0000', 0, ''),
(45, 72, 29, '39.9391', '11055.0000', 0, ''),
(46, 71, 29, '0.0000', '0.0000', 0, ''),
(47, 73, 25, '0.0000', '0.0000', 0, ''),
(48, 73, 26, '0.0000', '0.0000', 0, ''),
(49, 73, 27, '0.0000', '0.0000', 0, ''),
(50, 73, 28, '0.0000', '0.0000', 0, ''),
(51, 73, 29, '0.0000', '0.0000', 0, ''),
(52, 74, 25, '0.0000', '0.0000', 0, ''),
(53, 74, 26, '0.0000', '0.0000', 0, ''),
(54, 74, 27, '0.0000', '0.0000', 0, ''),
(55, 74, 28, '0.0000', '0.0000', 0, ''),
(56, 74, 29, '0.0000', '0.0000', 0, ''),
(57, 75, 25, '88748.1059', '0.0000', 0, ''),
(58, 75, 26, '0.0000', '0.0000', 0, ''),
(59, 75, 27, '0.0000', '0.0000', 0, ''),
(60, 75, 28, '0.0000', '0.0000', 0, ''),
(61, 75, 29, '4.9950', '0.0000', 0, ''),
(62, 76, 25, '0.0000', '0.0000', 0, ''),
(63, 76, 26, '0.0000', '0.0000', 0, ''),
(64, 76, 27, '0.0000', '0.0000', 0, ''),
(65, 76, 28, '0.0000', '0.0000', 0, ''),
(66, 76, 29, '0.0000', '0.0000', 0, ''),
(67, 71, 30, '1.0000', '0.0000', 0, '6gK571wbyMWN93jYRgc4NxGHjk84RGuPXC'),
(68, 77, 25, '0.0000', '0.0000', 0, ''),
(69, 77, 26, '0.0000', '0.0000', 0, ''),
(70, 77, 27, '0.0000', '0.0000', 0, ''),
(71, 77, 28, '0.0000', '0.0000', 0, ''),
(72, 77, 29, '0.0000', '0.0000', 0, ''),
(73, 77, 30, '0.0000', '0.0000', 0, ''),
(74, 78, 25, '0.0000', '0.0000', 0, ''),
(75, 78, 26, '0.0000', '0.0000', 0, ''),
(76, 78, 27, '0.0000', '0.0000', 0, ''),
(77, 78, 28, '0.0000', '0.0000', 0, ''),
(78, 78, 29, '0.0000', '0.0000', 0, ''),
(79, 78, 30, '0.0000', '0.0000', 0, ''),
(80, 79, 25, '0.0000', '0.0000', 0, ''),
(81, 79, 26, '0.0000', '0.0000', 0, ''),
(82, 79, 27, '0.0000', '0.0000', 0, ''),
(83, 79, 28, '0.0000', '0.0000', 0, ''),
(84, 79, 29, '0.0000', '0.0000', 0, ''),
(85, 79, 30, '0.0000', '0.0000', 0, ''),
(86, 80, 25, '265966.9990', '2825.0000', 0, ''),
(87, 80, 26, '450000.0000', '0.0000', 0, ''),
(88, 80, 27, '450000.0000', '0.0000', 0, ''),
(89, 80, 28, '450000.0000', '0.0000', 0, ''),
(90, 80, 29, '0.0000', '0.0000', 0, ''),
(91, 80, 30, '0.0000', '0.0000', 0, ''),
(92, 80, 31, '44999999990000.0000', '0.0000', 0, ''),
(93, 81, 25, '159878.0000', '45000.0000', 0, ''),
(94, 81, 26, '500440.0000', '0.0000', 0, ''),
(95, 81, 27, '50000.0000', '0.0000', 0, ''),
(96, 81, 28, '50400.0000', '0.0000', 0, ''),
(97, 81, 29, '45000.0000', '0.0000', 0, ''),
(98, 81, 30, '540000.0000', '0.0000', 0, ''),
(99, 81, 31, '4500000.0000', '0.0000', 0, ''),
(100, 75, 30, '0.0000', '0.0000', 0, ''),
(101, 75, 31, '4501210980.0000', '20000.0000', 0, ''),
(102, 82, 25, '0.0000', '0.0000', 0, ''),
(103, 82, 26, '0.0000', '0.0000', 0, ''),
(104, 82, 27, '0.0000', '0.0000', 0, ''),
(105, 82, 28, '0.0000', '0.0000', 0, ''),
(106, 83, 25, '0.0000', '0.0000', 0, ''),
(107, 83, 26, '0.0000', '0.0000', 0, ''),
(108, 83, 27, '0.0000', '0.0000', 0, ''),
(109, 83, 28, '0.0000', '0.0000', 0, ''),
(110, 84, 25, '1112211110.8890', '0.0000', 0, ''),
(111, 84, 26, '0.0000', '0.0000', 0, ''),
(112, 84, 27, '0.0000', '0.0000', 0, ''),
(113, 84, 28, '0.0000', '0.0000', 0, ''),
(114, 85, 25, '0.0000', '0.0000', 0, ''),
(115, 85, 26, '0.0000', '0.0000', 0, ''),
(116, 85, 27, '0.0000', '0.0000', 0, ''),
(117, 85, 28, '100000.0000', '0.0000', 0, ''),
(118, 86, 25, '0.0000', '0.0000', 0, ''),
(119, 86, 26, '0.0000', '0.0000', 0, ''),
(120, 86, 27, '0.0000', '0.0000', 0, ''),
(121, 86, 28, '0.0000', '0.0000', 0, ''),
(122, 87, 25, '0.0000', '0.0000', 0, ''),
(123, 87, 26, '0.0000', '0.0000', 0, ''),
(124, 87, 27, '0.0000', '0.0000', 0, ''),
(125, 87, 28, '0.0000', '0.0000', 0, ''),
(126, 88, 25, '0.0000', '0.0000', 0, ''),
(127, 88, 26, '0.0000', '0.0000', 0, ''),
(128, 88, 27, '0.0000', '0.0000', 0, ''),
(129, 88, 28, '0.0000', '0.0000', 0, ''),
(130, 89, 25, '0.0000', '0.0000', 0, ''),
(131, 89, 26, '0.0000', '0.0000', 0, ''),
(132, 89, 27, '0.0000', '0.0000', 0, ''),
(133, 89, 28, '0.0000', '0.0000', 0, ''),
(134, 90, 25, '0.0000', '0.0000', 0, ''),
(135, 90, 26, '0.0000', '0.0000', 0, ''),
(136, 90, 27, '0.0000', '0.0000', 0, ''),
(137, 90, 28, '0.0000', '0.0000', 0, ''),
(138, 91, 25, '1855.6430', '488.0000', 0, ''),
(139, 91, 26, '0.0000', '0.0000', 0, ''),
(140, 91, 27, '0.0000', '0.0000', 0, ''),
(141, 91, 28, '0.0000', '0.0000', 0, ''),
(142, 93, 25, '1.9980', '0.0000', 0, ''),
(143, 93, 26, '0.0000', '0.0000', 0, ''),
(144, 93, 27, '0.0000', '0.0000', 0, ''),
(145, 93, 28, '0.0000', '0.0000', 0, ''),
(150, 95, 25, '0.0000', '0.0000', 0, ''),
(151, 95, 26, '0.0000', '0.0000', 0, ''),
(152, 95, 27, '0.0000', '0.0000', 0, ''),
(153, 95, 28, '0.0000', '0.0000', 0, ''),
(154, 95, 32, '0.0000', '0.0000', 0, ''),
(155, 96, 25, '0.0000', '0.0000', 0, ''),
(156, 96, 26, '0.0000', '0.0000', 0, ''),
(157, 96, 27, '0.0000', '0.0000', 0, ''),
(158, 96, 28, '0.0000', '0.0000', 0, ''),
(159, 96, 32, '0.0000', '0.0000', 0, ''),
(160, 97, 25, '0.0000', '0.0000', 0, ''),
(161, 97, 26, '98999.0000', '1000.0000', 0, ''),
(162, 97, 27, '0.0000', '0.0000', 0, ''),
(163, 97, 28, '0.0000', '0.0000', 0, ''),
(164, 97, 32, '0.0000', '0.0000', 0, ''),
(165, 98, 25, '0.0000', '0.0000', 0, ''),
(166, 98, 26, '5555.0000', '0.0000', 0, ''),
(167, 98, 27, '0.0000', '0.0000', 0, ''),
(168, 98, 28, '0.0000', '0.0000', 0, ''),
(169, 98, 32, '0.0000', '0.0000', 0, ''),
(170, 99, 25, '0.0000', '0.0000', 0, ''),
(171, 99, 26, '0.0000', '0.0000', 0, ''),
(172, 99, 27, '0.0000', '0.0000', 0, ''),
(173, 99, 28, '0.0000', '0.0000', 0, ''),
(174, 99, 32, '0.0000', '0.0000', 0, ''),
(175, 100, 25, '0.0000', '0.0000', 0, ''),
(176, 100, 26, '0.0000', '0.0000', 0, ''),
(177, 100, 27, '0.0000', '0.0000', 0, ''),
(178, 100, 28, '0.0000', '0.0000', 0, ''),
(179, 100, 32, '0.0000', '0.0000', 0, ''),
(180, 101, 25, '0.0000', '0.0000', 0, ''),
(181, 101, 26, '0.0000', '0.0000', 0, ''),
(182, 101, 27, '0.0000', '0.0000', 0, ''),
(183, 101, 28, '0.0000', '0.0000', 0, ''),
(184, 101, 32, '0.0000', '0.0000', 0, ''),
(185, 102, 25, '0.0000', '0.0000', 0, ''),
(186, 102, 26, '0.0000', '0.0000', 0, ''),
(187, 102, 27, '0.0000', '0.0000', 0, ''),
(188, 102, 28, '0.0000', '0.0000', 0, ''),
(189, 102, 32, '0.0000', '0.0000', 0, ''),
(190, 103, 25, '9.9800', '0.0000', 0, ''),
(191, 103, 26, '0.0000', '0.0000', 0, ''),
(192, 103, 27, '0.0000', '0.0000', 0, ''),
(193, 103, 28, '0.0000', '0.0000', 0, ''),
(194, 103, 32, '0.0000', '0.0000', 0, ''),
(195, 104, 25, '0.0000', '0.0000', 0, ''),
(196, 104, 26, '0.0000', '0.0000', 0, ''),
(197, 104, 27, '0.0000', '0.0000', 0, ''),
(198, 104, 28, '0.0000', '0.0000', 0, ''),
(199, 104, 32, '0.0000', '0.0000', 0, ''),
(200, 105, 25, '0.0000', '0.0000', 0, ''),
(201, 105, 26, '0.0000', '0.0000', 0, ''),
(202, 105, 27, '0.0000', '0.0000', 0, ''),
(203, 105, 28, '0.0000', '0.0000', 0, ''),
(204, 105, 32, '0.0000', '0.0000', 0, ''),
(205, 106, 25, '0.0000', '0.0000', 0, ''),
(206, 106, 26, '0.0000', '0.0000', 0, ''),
(207, 106, 27, '84951.7100', '15000.0000', 0, ''),
(208, 106, 28, '0.0000', '0.0000', 0, ''),
(209, 106, 32, '0.0000', '0.0000', 0, '');

-- --------------------------------------------------------

--
-- 表的结构 `yang_currency_voted`
--

CREATE TABLE `yang_currency_voted` (
  `id` int(11) NOT NULL COMMENT '币种投票表',
  `currency_id` int(11) NOT NULL,
  `member_id` int(11) NOT NULL,
  `add_time` varchar(32) NOT NULL,
  `status` tinyint(4) NOT NULL
) ENGINE=MyISAM DEFAULT CHARSET=utf8;

-- --------------------------------------------------------

--
-- 表的结构 `yang_dividend_config`
--

CREATE TABLE `yang_dividend_config` (
  `name` varchar(40) NOT NULL DEFAULT '',
  `value` varchar(40) NOT NULL,
  `status` tinyint(4) NOT NULL DEFAULT '0'
) ENGINE=MyISAM DEFAULT CHARSET=utf8;

--
-- 转存表中的数据 `yang_dividend_config`
--

INSERT INTO `yang_dividend_config` (`name`, `value`, `status`) VALUES
('dividend_id', '26', 0),
('num1', '5000', 0),
('num2', '50', 0),
('num3', '100', 0),
('num4', '150', 0),
('money1', '1', 0),
('money2', '2000', 0),
('money3', '3000', 0);

-- --------------------------------------------------------

--
-- 表的结构 `yang_entrust`
--

CREATE TABLE `yang_entrust` (
  `entrust_id` int(32) NOT NULL COMMENT '委托记录表（委托管理）',
  `member_id` int(32) NOT NULL COMMENT '用户id',
  `currency_id` int(32) NOT NULL COMMENT '货币id',
  `all_num` decimal(10,4) NOT NULL COMMENT '总数量',
  `surplus_num` decimal(10,4) NOT NULL COMMENT '剩余数量',
  `price` decimal(10,2) NOT NULL COMMENT '实际价格(卖出价格）',
  `add_time` int(10) NOT NULL COMMENT '添加时间',
  `type` tinyint(4) NOT NULL COMMENT '类型 卖出单1 还是买入单2',
  `on_price` decimal(10,2) NOT NULL COMMENT '委托价格(挂单价格全价格 卖出价格是扣除手续费的）',
  `fee` decimal(10,2) NOT NULL COMMENT '手续费比例',
  `status` tinyint(4) NOT NULL COMMENT '状态'
) ENGINE=MyISAM DEFAULT CHARSET=utf8;

-- --------------------------------------------------------

--
-- 表的结构 `yang_examine_pwdtrade`
--

CREATE TABLE `yang_examine_pwdtrade` (
  `id` int(32) NOT NULL,
  `u_id` int(32) NOT NULL COMMENT '用户ID',
  `pwdtrade` varchar(64) NOT NULL COMMENT '修改支付密码',
  `idcard` varchar(20) NOT NULL COMMENT '身份证号',
  `idcardPositive` varchar(64) NOT NULL COMMENT '身份证正面',
  `idcardSide` varchar(64) NOT NULL COMMENT '身份证反面',
  `idcardHold` varchar(64) NOT NULL COMMENT '手持身份证',
  `add_time` int(32) NOT NULL COMMENT '添加时间',
  `examine_time` int(32) NOT NULL COMMENT '审核通过时间',
  `examine_name` varchar(32) DEFAULT NULL,
  `status` tinyint(2) NOT NULL DEFAULT '0' COMMENT '0未审核1通过'
) ENGINE=MyISAM DEFAULT CHARSET=utf8;

-- --------------------------------------------------------

--
-- 表的结构 `yang_fill`
--

CREATE TABLE `yang_fill` (
  `id` int(11) NOT NULL,
  `uid` int(11) NOT NULL,
  `num` decimal(20,2) NOT NULL DEFAULT '0.00',
  `bank` int(5) NOT NULL,
  `banknum` varchar(36) NOT NULL,
  `uname` varchar(36) NOT NULL,
  `tel` varchar(20) NOT NULL,
  `bankname` varchar(36) NOT NULL,
  `ctime` int(11) NOT NULL,
  `random` int(10) NOT NULL,
  `tradeno` varchar(255) NOT NULL,
  `status` int(11) NOT NULL DEFAULT '0',
  `type` tinyint(4) NOT NULL COMMENT '1:网上支付 2：支付宝手动'
) ENGINE=InnoDB DEFAULT CHARSET=utf8;

--
-- 转存表中的数据 `yang_fill`
--

INSERT INTO `yang_fill` (`id`, `uid`, `num`, `bank`, `banknum`, `uname`, `tel`, `bankname`, `ctime`, `random`, `tradeno`, `status`, `type`) VALUES
(206, 3355, '2.00', 1106, '', '123', '', '', 1460868657, 4591, '20160417125057531228', 0, 1),
(207, 3355, '2.00', 1106, '', '123', '', '', 1460868813, 2682, '20160417125333561570', 0, 1),
(208, 3355, '2.00', 1106, '', '123', '', '', 1460868931, 2759, '20160417125531598926', 0, 1),
(209, 3355, '2.00', 1106, '', '123', '', '', 1460869161, 9109, '20160417125921605944', 0, 1),
(210, 3355, '2.00', 1106, '', '123', '', '', 1460869649, 3536, '20160417130729941988', 0, 1),
(211, 3355, '2.00', 1106, '', '123', '', '', 1460869966, 3298, '20160417131246640300', 1, 1),
(212, 3355, '2.00', 0, '', '123', '', '1106', 1460870529, 1859, '20160417132209612443', 1, 1),
(213, 3355, '2.00', 0, '', '123', '', '1106', 1460870950, 7984, '20160417132910390607', 1, 1),
(214, 3355, '2.00', 0, '', '123', '', '1106', 1460871092, 9997, '20160417133132761973', 1, 1),
(215, 3355, '2.00', 0, '', '123', '', '1106', 1460871165, 867, '20160417133245253252', 1, 1);

-- --------------------------------------------------------

--
-- 表的结构 `yang_finance`
--

CREATE TABLE `yang_finance` (
  `finance_id` int(32) NOT NULL COMMENT '财务日志表',
  `member_id` int(32) NOT NULL COMMENT '用户id',
  `type` tinyint(4) NOT NULL COMMENT '类型',
  `content` text NOT NULL COMMENT '内容',
  `money_type` tinyint(4) NOT NULL COMMENT '收入=1/支出=2',
  `money` decimal(10,2) NOT NULL COMMENT '价格',
  `add_time` int(10) NOT NULL COMMENT '添加时间',
  `currency_id` int(10) NOT NULL COMMENT '币种',
  `ip` varchar(64) NOT NULL
) ENGINE=MyISAM DEFAULT CHARSET=utf8;

--
-- 转存表中的数据 `yang_finance`
--

INSERT INTO `yang_finance` (`finance_id`, `member_id`, `type`, `content`, `money_type`, `money`, `add_time`, `currency_id`, `ip`) VALUES
(261, 59, 8, '众筹扣款50', 2, '50.00', 1460633966, 27, '127.0.0.1'),
(262, 59, 9, '众筹获取500', 1, '500.00', 1460633966, 27, '127.0.0.1'),
(263, 59, 8, '众筹扣款50', 2, '50.00', 1460634054, 27, '127.0.0.1'),
(264, 59, 9, '众筹获取500', 1, '500.00', 1460634054, 26, '127.0.0.1'),
(265, 59, 11, '交易手续费', 2, '0.00', 1460707583, 26, '127.0.0.1'),
(266, 59, 11, '交易手续费', 2, '0.01', 1460707583, 0, '127.0.0.1'),
(267, 59, 11, '交易手续费', 2, '0.00', 1460707625, 26, '127.0.0.1'),
(268, 59, 11, '交易手续费', 2, '0.01', 1460707625, 0, '127.0.0.1'),
(269, 59, 11, '交易手续费', 2, '0.00', 1460707651, 0, '127.0.0.1'),
(270, 59, 11, '交易手续费', 2, '0.00', 1460707651, 26, '127.0.0.1'),
(271, 59, 11, '交易手续费', 2, '0.01', 1460708069, 26, '127.0.0.1'),
(272, 59, 11, '交易手续费', 2, '0.01', 1460708069, 0, '127.0.0.1'),
(273, 59, 11, '交易手续费', 2, '0.00', 1460708069, 26, '127.0.0.1'),
(274, 59, 11, '交易手续费', 2, '0.01', 1460708069, 0, '127.0.0.1'),
(275, 59, 11, '交易手续费', 2, '0.01', 1460708082, 26, '127.0.0.1'),
(276, 59, 11, '交易手续费', 2, '0.03', 1460708082, 0, '127.0.0.1'),
(277, 59, 11, '交易手续费', 2, '0.01', 1460708082, 26, '127.0.0.1'),
(278, 59, 11, '交易手续费', 2, '0.03', 1460708082, 0, '127.0.0.1'),
(279, 59, 11, '交易手续费', 2, '0.00', 1461048857, 26, '127.0.0.1'),
(280, 59, 11, '交易手续费', 2, '0.01', 1461048857, 0, '127.0.0.1'),
(281, 59, 11, '交易手续费', 2, '0.00', 1461048881, 26, '127.0.0.1'),
(282, 59, 11, '交易手续费', 2, '0.02', 1461048881, 0, '127.0.0.1'),
(283, 59, 11, '交易手续费', 2, '0.00', 1461048881, 26, '127.0.0.1'),
(284, 59, 11, '交易手续费', 2, '0.01', 1461048881, 0, '127.0.0.1'),
(285, 59, 11, '交易手续费', 2, '0.01', 1461048881, 26, '127.0.0.1'),
(286, 59, 11, '交易手续费', 2, '0.05', 1461048881, 0, '127.0.0.1'),
(287, 59, 11, '交易手续费', 2, '0.01', 1461048989, 26, '127.0.0.1'),
(288, 59, 11, '交易手续费', 2, '0.01', 1461048989, 0, '127.0.0.1'),
(289, 59, 11, '交易手续费', 2, '0.00', 1461049080, 0, '127.0.0.1'),
(290, 59, 11, '交易手续费', 2, '0.00', 1461049080, 26, '127.0.0.1'),
(291, 59, 11, '交易手续费', 2, '0.01', 1461049570, 0, '127.0.0.1'),
(292, 59, 11, '交易手续费', 2, '0.01', 1461049570, 26, '127.0.0.1'),
(293, 59, 11, '交易手续费', 2, '0.00', 1461049597, 26, '127.0.0.1'),
(294, 59, 11, '交易手续费', 2, '0.00', 1461049597, 0, '127.0.0.1'),
(295, 59, 11, '交易手续费', 2, '0.00', 1461049618, 26, '127.0.0.1'),
(296, 59, 11, '交易手续费', 2, '0.00', 1461049618, 0, '127.0.0.1'),
(297, 59, 11, '交易手续费', 2, '0.00', 1461049638, 26, '127.0.0.1'),
(298, 59, 11, '交易手续费', 2, '0.00', 1461049638, 0, '127.0.0.1'),
(299, 59, 11, '交易手续费', 2, '0.01', 1461049701, 0, '127.0.0.1'),
(300, 59, 11, '交易手续费', 2, '0.01', 1461049701, 26, '127.0.0.1'),
(301, 59, 11, '交易手续费', 2, '0.00', 1461117996, 26, '127.0.0.1'),
(302, 59, 11, '交易手续费', 2, '0.00', 1461117996, 0, '127.0.0.1'),
(303, 59, 11, '交易手续费', 2, '0.00', 1461118217, 26, '127.0.0.1'),
(304, 59, 11, '交易手续费', 2, '0.00', 1461118217, 0, '127.0.0.1'),
(305, 59, 11, '交易手续费', 2, '0.00', 1461118258, 26, '127.0.0.1'),
(306, 59, 11, '交易手续费', 2, '0.00', 1461118258, 0, '127.0.0.1'),
(307, 59, 11, '交易手续费', 2, '0.00', 1461118273, 26, '127.0.0.1'),
(308, 59, 11, '交易手续费', 2, '0.00', 1461118273, 0, '127.0.0.1'),
(309, 59, 11, '交易手续费', 2, '0.00', 1461118412, 26, '127.0.0.1'),
(310, 59, 11, '交易手续费', 2, '0.00', 1461118412, 0, '127.0.0.1'),
(311, 59, 11, '交易手续费', 2, '0.00', 1461118438, 26, '127.0.0.1'),
(312, 59, 11, '交易手续费', 2, '0.00', 1461118438, 0, '127.0.0.1'),
(313, 59, 11, '交易手续费', 2, '0.00', 1461120145, 26, '127.0.0.1'),
(314, 59, 11, '交易手续费', 2, '0.00', 1461120145, 0, '127.0.0.1'),
(315, 59, 11, '交易手续费', 2, '0.00', 1461120703, 26, '127.0.0.1'),
(316, 59, 11, '交易手续费', 2, '0.00', 1461120703, 0, '127.0.0.1'),
(317, 59, 11, '交易手续费', 2, '0.00', 1461120734, 26, '127.0.0.1'),
(318, 59, 11, '交易手续费', 2, '0.00', 1461120734, 0, '127.0.0.1'),
(319, 59, 11, '交易手续费', 2, '0.00', 1461120788, 26, '127.0.0.1'),
(320, 59, 11, '交易手续费', 2, '0.00', 1461120788, 0, '127.0.0.1'),
(321, 59, 11, '交易手续费', 2, '0.00', 1461121311, 26, '127.0.0.1'),
(322, 59, 11, '交易手续费', 2, '0.00', 1461121311, 0, '127.0.0.1'),
(323, 59, 11, '交易手续费', 2, '0.00', 1461121340, 26, '127.0.0.1'),
(324, 59, 11, '交易手续费', 2, '0.00', 1461121340, 0, '127.0.0.1'),
(325, 59, 11, '交易手续费', 2, '0.00', 1461121394, 26, '127.0.0.1'),
(326, 59, 11, '交易手续费', 2, '0.00', 1461121394, 0, '127.0.0.1'),
(327, 59, 11, '交易手续费', 2, '0.00', 1461121559, 26, '127.0.0.1'),
(328, 59, 11, '交易手续费', 2, '0.00', 1461121559, 0, '127.0.0.1'),
(329, 59, 11, '交易手续费', 2, '0.00', 1461121574, 26, '127.0.0.1'),
(330, 59, 11, '交易手续费', 2, '0.00', 1461121574, 0, '127.0.0.1'),
(331, 59, 11, '交易手续费', 2, '0.00', 1461121589, 26, '127.0.0.1'),
(332, 59, 11, '交易手续费', 2, '0.00', 1461121589, 0, '127.0.0.1'),
(333, 59, 11, '交易手续费', 2, '0.00', 1461121696, 26, '127.0.0.1'),
(334, 59, 11, '交易手续费', 2, '0.00', 1461121696, 0, '127.0.0.1'),
(335, 59, 11, '交易手续费', 2, '0.00', 1461121919, 26, '127.0.0.1'),
(336, 59, 11, '交易手续费', 2, '0.00', 1461121919, 0, '127.0.0.1'),
(337, 59, 11, '交易手续费', 2, '0.00', 1461121972, 26, '127.0.0.1'),
(338, 59, 11, '交易手续费', 2, '0.00', 1461121972, 0, '127.0.0.1'),
(339, 59, 11, '交易手续费', 2, '0.00', 1461122022, 26, '127.0.0.1'),
(340, 59, 11, '交易手续费', 2, '0.00', 1461122022, 0, '127.0.0.1'),
(341, 59, 11, '交易手续费', 2, '0.00', 1461122060, 26, '127.0.0.1'),
(342, 59, 11, '交易手续费', 2, '0.00', 1461122060, 0, '127.0.0.1'),
(343, 59, 11, '交易手续费', 2, '0.00', 1461125219, 26, '127.0.0.1'),
(344, 59, 11, '交易手续费', 2, '0.00', 1461125219, 0, '127.0.0.1'),
(345, 59, 11, '交易手续费', 2, '0.00', 1461125266, 26, '127.0.0.1'),
(346, 59, 11, '交易手续费', 2, '0.00', 1461125266, 0, '127.0.0.1'),
(347, 59, 11, '交易手续费', 2, '0.00', 1461125285, 26, '127.0.0.1'),
(348, 59, 11, '交易手续费', 2, '0.00', 1461125285, 0, '127.0.0.1'),
(349, 59, 11, '交易手续费', 2, '0.00', 1461125476, 26, '127.0.0.1'),
(350, 59, 11, '交易手续费', 2, '0.00', 1461125476, 0, '127.0.0.1'),
(351, 59, 11, '交易手续费', 2, '0.00', 1461125506, 26, '127.0.0.1'),
(352, 59, 11, '交易手续费', 2, '0.00', 1461125506, 0, '127.0.0.1'),
(353, 59, 11, '交易手续费', 2, '0.09', 1461132522, 26, '127.0.0.1'),
(354, 59, 11, '交易手续费', 2, '0.09', 1461132522, 0, '127.0.0.1'),
(355, 59, 11, '交易手续费', 2, '0.91', 1461132522, 26, '127.0.0.1'),
(356, 59, 11, '交易手续费', 2, '1.82', 1461132522, 0, '127.0.0.1'),
(357, 59, 11, '交易手续费', 2, '2.00', 1461132597, 26, '127.0.0.1'),
(358, 59, 11, '交易手续费', 2, '2.00', 1461132597, 0, '127.0.0.1'),
(359, 59, 11, '交易手续费', 2, '2.00', 1461137695, 26, '127.0.0.1'),
(360, 59, 11, '交易手续费', 2, '2.00', 1461137695, 0, '127.0.0.1'),
(361, 59, 11, '交易手续费', 2, '0.01', 1461225045, 26, '127.0.0.1'),
(362, 59, 11, '交易手续费', 2, '0.01', 1461225045, 0, '127.0.0.1'),
(363, 59, 3, '管理员充值', 1, '5000.00', 1461228938, 26, '127.0.0.1'),
(364, 59, 3, '管理员充值', 1, '1000.00', 1461228959, 27, '127.0.0.1'),
(365, 59, 11, '交易手续费', 2, '0.01', 1461326038, 26, '127.0.0.1'),
(366, 59, 11, '交易手续费', 2, '0.01', 1461326038, 0, '127.0.0.1'),
(367, 59, 11, '交易手续费', 2, '0.00', 1461326610, 0, '127.0.0.1'),
(368, 59, 11, '交易手续费', 2, '0.00', 1461326610, 26, '127.0.0.1'),
(369, 59, 11, '交易手续费', 2, '0.00', 1461326771, 0, '127.0.0.1'),
(370, 59, 11, '交易手续费', 2, '0.00', 1461326771, 26, '127.0.0.1'),
(371, 60, 11, '交易手续费', 2, '0.00', 1461327560, 26, '127.0.0.1'),
(372, 60, 11, '交易手续费', 2, '0.00', 1461327560, 0, '127.0.0.1'),
(373, 59, 11, '交易手续费', 2, '0.00', 1461327634, 26, '127.0.0.1'),
(374, 60, 11, '交易手续费', 2, '0.00', 1461327634, 0, '127.0.0.1'),
(375, 59, 11, '交易手续费', 2, '0.00', 1461327794, 0, '127.0.0.1'),
(376, 60, 11, '交易手续费', 2, '0.00', 1461327794, 26, '127.0.0.1'),
(377, 71, 3, '管理员充值', 1, '1000.00', 1461421868, 0, '112.192.42.214'),
(378, 71, 3, '管理员充值', 1, '1000.00', 1461421886, 25, '112.192.42.214'),
(379, 71, 11, '交易手续费', 2, '1.00', 1461422119, 25, '112.192.42.214'),
(380, 71, 11, '交易手续费', 2, '1.00', 1461422119, 0, '112.192.42.214'),
(381, 71, 11, '交易手续费', 2, '0.00', 1461422187, 25, '112.192.42.214'),
(382, 71, 11, '交易手续费', 2, '0.00', 1461422187, 0, '112.192.42.214'),
(383, 71, 11, '交易手续费', 2, '0.00', 1461422187, 25, '112.192.42.214'),
(384, 71, 11, '交易手续费', 2, '0.00', 1461422187, 0, '112.192.42.214'),
(385, 71, 11, '交易手续费', 2, '0.01', 1461422234, 0, '112.192.42.214'),
(386, 71, 11, '交易手续费', 2, '0.00', 1461422234, 25, '112.192.42.214'),
(387, 71, 11, '交易手续费', 2, '0.00', 1461422270, 25, '112.192.42.214'),
(388, 71, 11, '交易手续费', 2, '0.10', 1461422270, 0, '112.192.42.214'),
(389, 71, 6, '线下充值510.5400。', 1, '510.54', 1461719204, 0, '112.243.33.103'),
(390, 72, 6, '线下充值21222.9297。', 1, '21222.93', 1461724692, 0, '116.25.205.226'),
(391, 72, 8, '众筹扣款1000', 2, '1000.00', 1461724787, 0, '116.25.205.226'),
(392, 72, 9, '众筹获取10000', 1, '10000.00', 1461724787, 29, '116.25.205.226'),
(393, 72, 8, '众筹扣款10', 2, '10.00', 1461725088, 0, '116.25.205.226'),
(394, 72, 9, '众筹获取100', 1, '100.00', 1461725088, 29, '116.25.205.226'),
(395, 72, 8, '众筹扣款100', 2, '100.00', 1461725098, 0, '116.25.205.226'),
(396, 72, 9, '众筹获取1000', 1, '1000.00', 1461725098, 29, '116.25.205.226'),
(397, 72, 11, '交易手续费', 2, '0.01', 1461726089, 29, '116.25.205.226'),
(398, 72, 11, '交易手续费', 2, '0.01', 1461726089, 0, '116.25.205.226'),
(399, 72, 11, '交易手续费', 2, '0.01', 1461726100, 29, '116.25.205.226'),
(400, 72, 11, '交易手续费', 2, '0.01', 1461726100, 0, '116.25.205.226'),
(401, 72, 11, '交易手续费', 2, '0.01', 1461726111, 29, '116.25.205.226'),
(402, 72, 11, '交易手续费', 2, '0.01', 1461726111, 0, '116.25.205.226'),
(403, 72, 11, '交易手续费', 2, '0.01', 1461726123, 29, '116.25.205.226'),
(404, 72, 11, '交易手续费', 2, '0.01', 1461726123, 0, '116.25.205.226'),
(405, 72, 11, '交易手续费', 2, '0.01', 1461726158, 0, '116.25.205.226'),
(406, 72, 11, '交易手续费', 2, '0.01', 1461726158, 29, '116.25.205.226'),
(407, 72, 11, '交易手续费', 2, '0.01', 1461726169, 0, '116.25.205.226'),
(408, 72, 11, '交易手续费', 2, '0.01', 1461726169, 29, '116.25.205.226'),
(409, 75, 6, '线下充值2010.3000。', 1, '2010.30', 1461832491, 0, '222.212.201.118'),
(410, 59, 23, '提现123.00', 2, '119.31', 1461832518, 0, '222.212.201.118'),
(411, 75, 11, '交易手续费', 2, '0.01', 1461832968, 29, '222.212.201.118'),
(412, 72, 11, '交易手续费', 2, '0.00', 1461832968, 0, '222.212.201.118'),
(413, 59, 3, '管理员充值', 1, '200.00', 1461833304, 0, '222.212.201.118'),
(414, 79, 6, '线下充值20000.9199。', 1, '20000.92', 1464375246, 0, '122.136.197.4'),
(415, 79, 6, '线下充值3333.9600。', 1, '3333.96', 1464375250, 0, '122.136.197.4'),
(416, 79, 6, '线下充值500.1900。', 1, '500.19', 1464375261, 0, '122.136.197.4'),
(417, 75, 6, '线下充值50000.6992。', 1, '50000.70', 1464427516, 0, '222.162.144.69'),
(418, 75, 3, '管理员充值', 1, '20000.00', 1464428456, 25, '222.162.144.69'),
(419, 75, 11, '交易手续费', 2, '2.00', 1464428502, 0, '222.162.144.69'),
(420, 75, 11, '交易手续费', 2, '10.00', 1464428502, 25, '222.162.144.69'),
(421, 75, 11, '交易手续费', 2, '1.00', 1464428530, 0, '222.162.144.69'),
(422, 75, 11, '交易手续费', 2, '5.00', 1464428530, 25, '222.162.144.69'),
(423, 75, 11, '交易手续费', 2, '1.00', 1464428800, 0, '222.162.144.69'),
(424, 75, 11, '交易手续费', 2, '5.00', 1464428800, 25, '222.162.144.69'),
(425, 75, 3, '管理员充值', 1, '5000000.00', 1464429203, 0, '222.162.144.69'),
(426, 80, 3, '管理员充值', 1, '5014000.00', 1464429319, 0, '222.162.144.69'),
(427, 75, 11, '交易手续费', 2, '5.00', 1464429465, 25, '222.162.144.69'),
(428, 75, 11, '交易手续费', 2, '1.50', 1464429465, 0, '222.162.144.69'),
(429, 75, 11, '交易手续费', 2, '5.00', 1464429465, 25, '222.162.144.69'),
(430, 80, 11, '交易手续费', 2, '2.00', 1464429465, 0, '222.162.144.69'),
(431, 75, 11, '交易手续费', 2, '10.00', 1464429519, 25, '222.162.144.69'),
(432, 80, 11, '交易手续费', 2, '10.00', 1464429519, 0, '222.162.144.69'),
(433, 81, 3, '管理员充值', 1, '99999999.99', 1464429541, 0, '222.162.144.69'),
(434, 75, 11, '交易手续费', 2, '10.00', 1464429758, 25, '222.162.144.69'),
(435, 80, 11, '交易手续费', 2, '20.00', 1464429758, 0, '222.162.144.69'),
(436, 75, 11, '交易手续费', 2, '10.00', 1464429783, 25, '222.162.144.69'),
(437, 80, 11, '交易手续费', 2, '30.00', 1464429783, 0, '222.162.144.69'),
(438, 75, 11, '交易手续费', 2, '10.00', 1464429921, 0, '222.162.144.69'),
(439, 75, 11, '交易手续费', 2, '10.00', 1464429921, 25, '222.162.144.69'),
(440, 80, 11, '交易手续费', 2, '20.00', 1464430112, 0, '183.14.253.122'),
(441, 75, 11, '交易手续费', 2, '200.00', 1464430112, 31, '183.14.253.122'),
(442, 75, 11, '交易手续费', 2, '2.00', 1464430118, 0, '222.162.144.69'),
(443, 75, 11, '交易手续费', 2, '20.00', 1464430118, 31, '222.162.144.69'),
(444, 81, 11, '交易手续费', 2, '2.00', 1464436175, 0, '183.43.204.235'),
(445, 75, 11, '交易手续费', 2, '2.00', 1464436175, 25, '183.43.204.235'),
(446, 81, 11, '交易手续费', 2, '3.00', 1464436260, 0, '183.43.204.235'),
(447, 75, 11, '交易手续费', 2, '3.00', 1464436260, 25, '183.43.204.235'),
(448, 81, 11, '交易手续费', 2, '6.00', 1464436509, 0, '183.43.204.235'),
(449, 81, 11, '交易手续费', 2, '6.00', 1464436510, 25, '183.43.204.235'),
(450, 81, 11, '交易手续费', 2, '1.00', 1464436551, 0, '183.43.204.235'),
(451, 81, 11, '交易手续费', 2, '1.00', 1464436551, 25, '183.43.204.235'),
(452, 80, 11, '交易手续费', 2, '0.00', 1464436757, 0, '183.14.253.122'),
(453, 80, 11, '交易手续费', 2, '0.00', 1464436758, 25, '183.14.253.122'),
(454, 80, 11, '交易手续费', 2, '100.00', 1464436758, 0, '183.14.253.122'),
(455, 81, 11, '交易手续费', 2, '100.00', 1464436758, 25, '183.14.253.122'),
(456, 80, 11, '交易手续费', 2, '3.00', 1464436758, 0, '183.14.253.122'),
(457, 81, 11, '交易手续费', 2, '3.00', 1464436758, 25, '183.14.253.122'),
(458, 80, 11, '交易手续费', 2, '2.00', 1464436758, 0, '183.14.253.122'),
(459, 81, 11, '交易手续费', 2, '2.00', 1464436758, 25, '183.14.253.122'),
(460, 80, 11, '交易手续费', 2, '16.62', 1464436758, 0, '183.14.253.122'),
(461, 75, 11, '交易手续费', 2, '16.62', 1464436758, 25, '183.14.253.122'),
(462, 81, 11, '交易手续费', 2, '10.00', 1464436920, 25, '183.43.204.235'),
(463, 80, 11, '交易手续费', 2, '20.00', 1464436920, 0, '183.43.204.235'),
(464, 80, 11, '交易手续费', 2, '12.23', 1464437133, 0, '183.14.253.122'),
(465, 75, 11, '交易手续费', 2, '12.23', 1464437133, 25, '183.14.253.122'),
(466, 59, 10, '111', 1, '1.08', 1464670917, 0, '222.162.144.91'),
(467, 60, 10, '111', 1, '1.08', 1464670917, 0, '222.162.144.91'),
(468, 62, 10, '111', 1, '1.08', 1464670917, 0, '222.162.144.91'),
(469, 71, 10, '111', 1, '1.08', 1464670917, 0, '222.162.144.91'),
(470, 75, 10, '111', 1, '95.69', 1464670917, 0, '222.162.144.91'),
(471, 59, 10, '2', 1, '0.01', 1464670992, 25, '222.162.144.91'),
(472, 60, 10, '2', 1, '0.01', 1464670992, 25, '222.162.144.91'),
(473, 62, 10, '2', 1, '0.01', 1464670992, 25, '222.162.144.91'),
(474, 71, 10, '2', 1, '0.01', 1464670992, 25, '222.162.144.91'),
(475, 75, 10, '2', 1, '0.96', 1464670992, 25, '222.162.144.91'),
(476, 84, 3, '管理员充值', 1, '1111111.00', 1466477521, 0, '115.228.76.200'),
(477, 84, 3, '管理员充值', 1, '99999999.99', 1466477700, 0, '115.228.76.200'),
(478, 84, 3, '管理员充值', 1, '99999999.99', 1466477744, 25, '115.228.76.200'),
(479, 84, 11, '交易手续费', 2, '0.11', 1466477748, 0, '115.228.76.200'),
(480, 84, 11, '交易手续费', 2, '0.11', 1466477748, 25, '115.228.76.200'),
(481, 84, 3, '管理员充值', 1, '99999999.99', 1466477778, 0, '115.228.76.200'),
(482, 84, 3, '管理员充值', 1, '99999999.99', 1466477785, 0, '115.228.76.200'),
(483, 84, 3, '管理员充值', 1, '1111111.00', 1466477792, 0, '115.228.76.200'),
(484, 84, 3, '管理员充值', 1, '1111111.00', 1466477796, 25, '115.228.76.200'),
(485, 84, 3, '管理员充值', 1, '1111111.00', 1466477803, 0, '115.228.76.200'),
(486, 85, 3, '管理员充值', 1, '100000.00', 1466490416, 28, '122.136.197.9'),
(487, 85, 3, '管理员充值', 1, '99999999.99', 1466513203, 0, '122.136.197.26'),
(488, 62, 10, 'QEQR', 1, '0.00', 1466517406, 0, '117.177.205.115'),
(489, 60, 10, 'QEQR', 1, '0.00', 1466517406, 0, '117.177.205.115'),
(490, 59, 10, 'QEQR', 1, '0.00', 1466517406, 0, '117.177.205.115'),
(491, 71, 10, 'QEQR', 1, '0.00', 1466517406, 0, '117.177.205.115'),
(492, 75, 10, 'QEQR', 1, '0.01', 1466517406, 0, '117.177.205.115'),
(493, 84, 10, 'QEQR', 1, '99.99', 1466517406, 0, '117.177.205.115'),
(494, 72, 11, '交易手续费', 2, '0.10', 1466537490, 25, '59.41.183.10'),
(495, 80, 11, '交易手续费', 2, '1.10', 1466537490, 0, '59.41.183.10'),
(496, 72, 11, '交易手续费', 2, '0.90', 1466537524, 25, '59.41.183.10'),
(497, 80, 11, '交易手续费', 2, '9.90', 1466537524, 0, '59.41.183.10'),
(498, 72, 11, '交易手续费', 2, '0.10', 1466537524, 25, '59.41.183.10'),
(499, 84, 11, '交易手续费', 2, '1.10', 1466537524, 0, '59.41.183.10'),
(500, 72, 11, '交易手续费', 2, '11.01', 1466537554, 25, '59.41.183.10'),
(501, 84, 11, '交易手续费', 2, '121.12', 1466537554, 0, '59.41.183.10'),
(502, 72, 8, '众筹扣款50', 2, '50.00', 1466537737, 0, '59.41.183.10'),
(503, 72, 9, '众筹获取500', 1, '500.00', 1466537737, 26, '59.41.183.10'),
(504, 91, 11, '交易手续费', 2, '0.03', 1466737794, 25, '14.113.245.217'),
(505, 80, 11, '交易手续费', 2, '0.36', 1466737794, 0, '14.113.245.217'),
(506, 91, 11, '交易手续费', 2, '1.20', 1466737808, 25, '14.113.245.217'),
(507, 80, 11, '交易手续费', 2, '14.45', 1466737808, 0, '14.113.245.217'),
(508, 91, 11, '交易手续费', 2, '0.12', 1466737808, 25, '14.113.245.217'),
(509, 80, 11, '交易手续费', 2, '1.48', 1466737808, 0, '14.113.245.217'),
(510, 93, 3, '管理员充值', 1, '100.00', 1466756845, 0, '60.209.244.141'),
(511, 93, 11, '交易手续费', 2, '0.00', 1466785559, 25, '223.104.6.83'),
(512, 91, 11, '交易手续费', 2, '0.03', 1466785559, 0, '223.104.6.83'),
(513, 96, 6, '线下充值11000.8203。', 1, '11000.82', 1466928417, 0, '218.64.125.224'),
(514, 103, 11, '交易手续费', 2, '0.02', 1467301548, 25, '27.23.47.195'),
(515, 91, 11, '交易手续费', 2, '0.13', 1467301548, 0, '27.23.47.195'),
(516, 106, 6, '线下充值10000.1504。', 1, '10000.15', 1467365498, 0, '27.192.241.32'),
(517, 106, 11, '交易手续费', 2, '0.20', 1467365705, 27, '27.192.241.32'),
(518, 106, 11, '交易手续费', 2, '0.22', 1467365705, 0, '27.192.241.32'),
(519, 106, 11, '交易手续费', 2, '0.09', 1467365764, 27, '27.192.241.32'),
(520, 106, 11, '交易手续费', 2, '0.10', 1467365764, 0, '27.192.241.32'),
(521, 106, 11, '交易手续费', 2, '0.91', 1467365764, 27, '27.192.241.32'),
(522, 106, 11, '交易手续费', 2, '1.18', 1467365764, 0, '27.192.241.32'),
(523, 106, 11, '交易手续费', 2, '0.09', 1467365782, 27, '27.192.241.32'),
(524, 106, 11, '交易手续费', 2, '0.12', 1467365782, 0, '27.192.241.32'),
(525, 106, 11, '交易手续费', 2, '2.00', 1467365817, 27, '27.192.241.32'),
(526, 106, 11, '交易手续费', 2, '6.00', 1467365817, 0, '27.192.241.32'),
(527, 106, 11, '交易手续费', 2, '5.00', 1467365846, 27, '27.192.241.32'),
(528, 106, 11, '交易手续费', 2, '25.00', 1467365846, 0, '27.192.241.32'),
(529, 106, 11, '交易手续费', 2, '100.00', 1467365915, 0, '27.192.241.32'),
(530, 106, 11, '交易手续费', 2, '10.00', 1467365915, 27, '27.192.241.32'),
(531, 106, 11, '交易手续费', 2, '10.00', 1467366222, 27, '27.192.241.32'),
(532, 106, 11, '交易手续费', 2, '120.00', 1467366222, 0, '27.192.241.32'),
(533, 106, 11, '交易手续费', 2, '10.00', 1467366398, 27, '27.192.241.32'),
(534, 106, 11, '交易手续费', 2, '120.00', 1467366398, 0, '27.192.241.32'),
(535, 106, 11, '交易手续费', 2, '10.00', 1467366471, 27, '27.192.241.32'),
(536, 106, 11, '交易手续费', 2, '120.00', 1467366471, 0, '27.192.241.32');

-- --------------------------------------------------------

--
-- 表的结构 `yang_finance_type`
--

CREATE TABLE `yang_finance_type` (
  `id` int(10) NOT NULL,
  `name` varchar(32) NOT NULL,
  `status` tinyint(2) NOT NULL
) ENGINE=MyISAM DEFAULT CHARSET=utf8;

--
-- 转存表中的数据 `yang_finance_type`
--

INSERT INTO `yang_finance_type` (`id`, `name`, `status`) VALUES
(1, '会员升级', 1),
(3, '管理员充值', 1),
(4, '管理员扣款', 1),
(5, '升级会员', 1),
(6, '充值', 1),
(8, '众筹扣款', 1),
(9, '众筹获取', 1),
(10, '分红奖励', 1),
(11, '交易手续费', 1),
(12, '推荐奖励', 1),
(13, '分红股奖励', 1),
(23, '提现', 1);

-- --------------------------------------------------------

--
-- 表的结构 `yang_findpwd`
--

CREATE TABLE `yang_findpwd` (
  `id` int(32) NOT NULL,
  `member_id` int(32) NOT NULL,
  `token` varchar(100) NOT NULL,
  `add_time` varchar(20) NOT NULL
) ENGINE=MyISAM DEFAULT CHARSET=utf8;

--
-- 转存表中的数据 `yang_findpwd`
--

INSERT INTO `yang_findpwd` (`id`, `member_id`, `token`, `add_time`) VALUES
(12, 66, 'C9C5D5AEC4D4BCAA49F3CB8A7BA5DBF90A63A9328E5185341228E884A1A58748', '1460718823'),
(13, 66, 'C9C5D5AEC4D4BCAA49F3CB8A7BA5DBF916E98A29D552B179551D81A46975C397', '1460719103'),
(14, 66, 'C9C5D5AEC4D4BCAA49F3CB8A7BA5DBF93AA1936B542E8AAE9CAF44C3EC3C4977', '1460719228');

-- --------------------------------------------------------

--
-- 表的结构 `yang_flash`
--

CREATE TABLE `yang_flash` (
  `flash_id` int(32) NOT NULL,
  `title` varchar(32) NOT NULL COMMENT '标题',
  `pic` varchar(128) NOT NULL,
  `jump_url` varchar(128) NOT NULL COMMENT '跳转地址',
  `sort` int(16) NOT NULL COMMENT '排序',
  `type` varchar(16) NOT NULL,
  `add_time` varchar(32) NOT NULL,
  `status` tinyint(4) NOT NULL
) ENGINE=MyISAM DEFAULT CHARSET=utf8;

--
-- 转存表中的数据 `yang_flash`
--

INSERT INTO `yang_flash` (`flash_id`, `title`, `pic`, `jump_url`, `sort`, `type`, `add_time`, `status`) VALUES
(1, '标题1', '/Uploads/Public/Uploads/2016-03-10/56e0decb7de29.png', 'http://www.baidu.com', 13, '', '1464375096', 0),
(2, '标题2', '/Uploads/Public/Uploads/2016-03-10/56e0dedbaba95.png', 'www.baidu.com', 1, '', '1457577691', 0),
(4, '标题3', '/Uploads/Public/Uploads/2016-03-10/56e0dee822551.png', 'www.baidu.com', 12, '', '1457577704', 0),
(6, '标题4', '/Uploads/Public/Uploads/2016-03-10/56e0df0f501bd.png', '', 15, '', '1457577743', 0);

-- --------------------------------------------------------

--
-- 表的结构 `yang_follow`
--

CREATE TABLE `yang_follow` (
  `follow_id` int(32) NOT NULL COMMENT '关注表',
  `member_id` int(32) NOT NULL COMMENT '用户id',
  `uid` int(32) NOT NULL COMMENT '关注人id',
  `add_time` int(10) NOT NULL,
  `status` tinyint(4) NOT NULL
) ENGINE=MyISAM DEFAULT CHARSET=utf8;

-- --------------------------------------------------------

--
-- 表的结构 `yang_issue`
--

CREATE TABLE `yang_issue` (
  `id` int(11) NOT NULL COMMENT '众筹表',
  `currency_id` int(11) NOT NULL,
  `num` decimal(20,3) NOT NULL DEFAULT '0.000' COMMENT '发行数量',
  `price` decimal(20,3) NOT NULL DEFAULT '0.000' COMMENT '发行价格',
  `deal` decimal(20,3) NOT NULL DEFAULT '0.000' COMMENT '剩余数量',
  `ctime` varchar(32) NOT NULL COMMENT '添加时间',
  `money` decimal(32,2) NOT NULL COMMENT '总金额',
  `status` tinyint(4) NOT NULL DEFAULT '0',
  `min_limit` decimal(32,2) NOT NULL DEFAULT '0.00' COMMENT '最低购买',
  `limit` decimal(32,2) NOT NULL DEFAULT '0.00' COMMENT '限购数量',
  `limit_count` int(32) NOT NULL DEFAULT '1' COMMENT '限购次数',
  `title` varchar(32) NOT NULL,
  `info` text NOT NULL,
  `url1` varchar(64) NOT NULL,
  `url2` varchar(64) NOT NULL,
  `wenjian_url` varchar(64) NOT NULL COMMENT '上传文件路径',
  `num_nosell` decimal(64,0) NOT NULL,
  `add_time` int(11) NOT NULL COMMENT '开始时间',
  `end_time` int(11) NOT NULL COMMENT '结束时间',
  `zhongchou_success_bili` decimal(20,4) NOT NULL COMMENT '众筹成功比例',
  `buy_currency_id` int(11) NOT NULL,
  `is_forzen` tinyint(4) NOT NULL COMMENT '0冻结1是可用',
  `remove_forzen_bili` tinyint(4) NOT NULL,
  `remove_forzen_cycle` int(20) NOT NULL COMMENT 's解冻周期',
  `zc_awards_currency_id` varchar(32) NOT NULL,
  `zc_awards_one_ratio` varchar(32) NOT NULL,
  `zc_awards_two_ratio` varchar(32) NOT NULL,
  `zc_awards_status` tinyint(4) NOT NULL DEFAULT '0'
) ENGINE=MyISAM DEFAULT CHARSET=utf8 ROW_FORMAT=DYNAMIC;

--
-- 转存表中的数据 `yang_issue`
--

INSERT INTO `yang_issue` (`id`, `currency_id`, `num`, `price`, `deal`, `ctime`, `money`, `status`, `min_limit`, `limit`, `limit_count`, `title`, `info`, `url1`, `url2`, `wenjian_url`, `num_nosell`, `add_time`, `end_time`, `zhongchou_success_bili`, `buy_currency_id`, `is_forzen`, `remove_forzen_bili`, `remove_forzen_cycle`, `zc_awards_currency_id`, `zc_awards_one_ratio`, `zc_awards_two_ratio`, `zc_awards_status`) VALUES
(7, 25, '5000000000.000', '0.100', '4999000000.000', '1458316600', '0.00', 2, '0.00', '200000.00', 12, '众筹项目--1', '<div class="n5box1" style="margin:0px auto;padding:50px 0px 70px;text-align:center;font-size:16px;color:#333333;font-family:''microsoft yahei'';background-color:#EFEFEF;">\r\n	<p>\r\n		本次众筹资金将全部用于项目的\r\n	</p>\r\n	<p>\r\n		租赁费、税费、装修费、招商及物业管理费，\r\n	</p>\r\n	<p>\r\n		众筹成功之后项目方将以投资数额为基准分配收益权，\r\n	</p>\r\n	<p>\r\n		2016年1月27日正式项目预热，\r\n	</p>\r\n	<p>\r\n		项目正式启动后开始计算收益，每三个月分红一次，\r\n	</p>\r\n	<p>\r\n		分红金额将通过投资者在平台开立的账户进行分配。\r\n	</p>\r\n	<p class="n5bg1" style="color:#FFFFFF;background-color:#193854;">\r\n		众筹用户总占股比例前三年80%，后三年67%，预期年回报率17.19%。\r\n	</p>\r\n</div>\r\n<div class="n5t2" style="margin:0px;padding:0px;text-align:center;font-family:''microsoft yahei'';">\r\n	<img src="http://www.ybb.com/Public/Home/images/n5_5_w.png" alt="" />\r\n</div>\r\n<div class="n5box1 n5pt1" style="margin:0px auto;padding:15px 0px 70px;text-align:center;font-size:16px;color:#333333;font-family:''microsoft yahei'';background-color:#EFEFEF;">\r\n	<ul>\r\n		<li style="text-align:left;background:url(&quot;">\r\n			项目地块所处的科技园中区，随着高新区日益繁荣和成熟，<br />\r\n基于后续发展优势和自身区位等优势，在产业发展的带动下，<br />\r\n发展为以新材料、计算机、生物医药工程、新一代信息技术为主的高新技术产业密集区，区内物业价值具备强势的上升空间。未来科研办公的需求非常旺盛，平均出租率达9成以上，<br />\r\n项目所在物业一期园区出租率高于95%。\r\n		</li>\r\n		<li style="text-align:left;background:url(&quot;">\r\n			爱创•StarUp创客中心由物业7-12层改造，共6层（物业总共25层）。<br />\r\n旨在为中小企业提供开放，融合的办公环境。<br />\r\n本次众筹标的将分为3期进行，<br />\r\n本次众筹为项目第1期，众筹金额160万。\r\n		</li>\r\n	</ul>\r\n</div>\r\n<div class="n5box1 n5pt3" style="margin:0px auto;padding:0px;text-align:center;font-size:16px;color:#333333;font-family:''microsoft yahei'';background-color:#EFEFEF;">\r\n	<img src="http://www.ybb.com/Public/Home/images/n5_6_w.png" alt="" />\r\n</div>', '/Uploads/Public/Uploads/2016-03-18/56eb9fdd501bd.jpg', '/Uploads/Public/Uploads/2016-03-18/56eb9f13487ab.jpg', '', '1000000', 1466537640, 1467367895, '0.2000', 0, 0, 0, 0, '', '', '', 0),
(9, 25, '10000.000', '0.100', '8000.000', '1459910808', '0.00', 2, '0.00', '1000.00', 50, '测试', '内容', '/Uploads/Public/Uploads/2016-03-25/56f528fb0b71b.jpg', '/Uploads/Public/Uploads/2016-03-18/56ebddd33d090.jpg', '', '2000', 1458144000, 1467367895, '0.5000', 0, 0, 0, 0, '', '', '', 0),
(10, 26, '100000.000', '0.100', '98000.000', '1466604310', '0.00', 2, '500.00', '5000.00', 2, '重酬测试', '44545544545544554878744587554458754', '', '/Uploads/Public/Uploads/2016-04-14/570efebfd1cef.png', '', '500', 1466662144, 1467367895, '0.2000', 0, 0, 10, 0, '26', '10', '5', 1),
(11, 32, '2000000.000', '0.100', '1868900.000', '1467040136', '0.00', 2, '100.00', '1000000.00', 25, '货币大第一次众筹', '2132132', '', '', '', '120000', 1466662201, 1467367895, '0.5000', 0, 0, 90, 30, '', '', '', 0);

-- --------------------------------------------------------

--
-- 表的结构 `yang_issue_log`
--

CREATE TABLE `yang_issue_log` (
  `id` int(11) NOT NULL COMMENT '认筹日志表',
  `iid` int(11) NOT NULL COMMENT '认筹表id',
  `uid` int(11) NOT NULL,
  `num` decimal(32,0) NOT NULL,
  `price` decimal(32,3) NOT NULL,
  `add_time` varchar(32) NOT NULL,
  `status` tinyint(4) NOT NULL,
  `buy_currency_id` int(11) NOT NULL,
  `deal` decimal(32,0) NOT NULL COMMENT '冻结剩余量',
  `cid` int(32) NOT NULL
) ENGINE=MyISAM DEFAULT CHARSET=utf8;

--
-- 转存表中的数据 `yang_issue_log`
--

INSERT INTO `yang_issue_log` (`id`, `iid`, `uid`, `num`, `price`, `add_time`, `status`, `buy_currency_id`, `deal`, `cid`) VALUES
(30, 10, 59, '500', '0.100', '1464667825', 0, 27, '0', 26),
(31, 10, 59, '500', '0.100', '1464667825', 0, 27, '0', 26),
(32, 11, 72, '10000', '0.100', '1461725613', 1, 0, '0', 29),
(33, 11, 72, '100', '0.100', '1461725613', 1, 0, '0', 29),
(34, 11, 72, '1000', '0.100', '1461725613', 1, 0, '0', 29),
(35, 10, 72, '500', '0.100', '1466662268', 1, 0, '0', 26);

-- --------------------------------------------------------

--
-- 表的结构 `yang_link`
--

CREATE TABLE `yang_link` (
  `id` int(32) NOT NULL,
  `name` varchar(32) NOT NULL,
  `url` varchar(125) NOT NULL,
  `status` tinyint(4) NOT NULL,
  `add_time` int(10) NOT NULL
) ENGINE=MyISAM DEFAULT CHARSET=utf8;

--
-- 转存表中的数据 `yang_link`
--

INSERT INTO `yang_link` (`id`, `name`, `url`, `status`, `add_time`) VALUES
(1, '百度', 'https://www.baidu.com/', 1, 1458907682),
(3, '新浪', 'https://www.baidu.com/', 1, 1458907678),
(4, '凤凰', 'https://www.baidu.com/', 1, 1458907719),
(5, '比特币', 'https://www.baidu.com/', 1, 1458907730),
(6, '虚拟币', 'https://www.baidu.com/', 1, 1458907737),
(7, '支付宝', 'https://www.baidu.com/', 1, 1458907745),
(8, '淘宝', 'https://www.baidu.com/', 1, 1458907791),
(9, '网易', 'https://www.baidu.com/', 1, 1458907803),
(10, '京东', 'https://www.baidu.com/', 1, 1458907821),
(11, '央视', 'https://www.baidu.com/', 1, 1458907834),
(12, '太平洋', 'https://www.baidu.com/', 1, 1458907845),
(13, '汽车', 'https://www.baidu.com/', 1, 1458907860),
(14, '银行', 'https://www.baidu.com/', 1, 1458907866),
(15, '银行', 'https://www.baidu.com/', 1, 1458907866),
(18, '百度', 'https://www.baidu.com/', 1, 1458907682),
(19, '百度', 'https://www.baidu.com/', 1, 1458907682),
(20, '百度', 'https://www.baidu.com/', 1, 1458907682),
(21, '虚拟币', 'https://www.baidu.com/', 1, 1458907737),
(22, '虚拟币', 'https://www.baidu.com/', 1, 1458907737),
(23, '虚拟币', 'https://www.baidu.com/', 1, 1458907737);

-- --------------------------------------------------------

--
-- 表的结构 `yang_member`
--

CREATE TABLE `yang_member` (
  `member_id` int(32) NOT NULL,
  `email` varchar(32) NOT NULL COMMENT '邮箱',
  `pwd` varchar(64) NOT NULL COMMENT '密码',
  `pid` varchar(64) NOT NULL COMMENT '邀请人',
  `pwdtrade` varchar(64) NOT NULL COMMENT '支付密码',
  `nick` varchar(32) NOT NULL DEFAULT '' COMMENT '昵称',
  `name` varchar(32) NOT NULL COMMENT '真实姓名',
  `cardtype` varchar(4) NOT NULL DEFAULT '1' COMMENT '1=身份证2=护照',
  `idcard` varchar(20) NOT NULL COMMENT '身份证',
  `phone` varchar(11) NOT NULL COMMENT '手机号',
  `ip` varchar(64) NOT NULL COMMENT '注册IP',
  `reg_time` int(32) NOT NULL COMMENT '注册时间',
  `login_ip` varchar(64) NOT NULL COMMENT '本次登录IP',
  `login_time` int(10) NOT NULL COMMENT '登录时间',
  `vip_level` int(10) NOT NULL COMMENT 'vip等级',
  `vip_end_time` int(10) NOT NULL COMMENT 'vip到期时间',
  `rmb` decimal(10,4) NOT NULL COMMENT '人民币',
  `forzen_rmb` decimal(10,4) NOT NULL COMMENT 'forzen_rmb',
  `head` varchar(64) NOT NULL COMMENT 'head',
  `profile` text NOT NULL COMMENT '个人简介',
  `province` int(10) NOT NULL COMMENT '省市',
  `city` int(10) NOT NULL COMMENT '城市',
  `job` varchar(64) NOT NULL COMMENT '职位/头衔',
  `is_lock` tinyint(2) NOT NULL DEFAULT '0' COMMENT '0是正常 1是锁定',
  `status` tinyint(4) NOT NULL COMMENT '0=有效未填写个人信息1=有效并且填写完个人信息2=无效',
  `dividend_num` decimal(10,4) NOT NULL DEFAULT '0.0000',
  `threepwd` varchar(64) DEFAULT ''
) ENGINE=InnoDB DEFAULT CHARSET=utf8;

--
-- 转存表中的数据 `yang_member`
--

INSERT INTO `yang_member` (`member_id`, `email`, `pwd`, `pid`, `pwdtrade`, `nick`, `name`, `cardtype`, `idcard`, `phone`, `ip`, `reg_time`, `login_ip`, `login_time`, `vip_level`, `vip_end_time`, `rmb`, `forzen_rmb`, `head`, `profile`, `province`, `city`, `job`, `is_lock`, `status`, `dividend_num`, `threepwd`) VALUES
(59, '867633862@qq.com', 'e10adc3949ba59abbe56e057f20f883e', '我是推荐人', 'e10adc3949ba59abbe56e057f20f883e', '我我14141', '我我14141', '1', '', '15998326815', '127.0.0.1', 1457592457, '127.0.0.1', 1461325220, 0, 0, '1202.0773', '-123.0000', '/Uploads/Member/Head/2016-03-28/56f80917209b4.jpg', '个人简介', 2, 52, '职位/头衔', 0, 1, '1972.0000', ''),
(60, '867633861@qq.com', 'e10adc3949ba59abbe56e057f20f883e', '我是推荐人', 'e10adc3949ba59abbe56e057f20f883e', '我的姓名', '我的姓名', '1', '130823198311224014', '13940295698', '127.0.0.1', 1457592508, '127.0.0.1', 1461327428, 0, 0, '998.0783', '1.0000', '', '', 0, 0, '', 0, 1, '0.0000', ''),
(61, '867633863@qq.com', 'fa9b5ec55962c97b617ae3bc58229fe1', '我是推荐人', 'bb76352ecc628b1b9c699fd1038ead1a', '恩恩', '姜鹏', '1', '210106199308251855', '15998326814', '127.0.0.1', 1457592553, '', 0, 0, 0, '1000.0000', '0.0000', '', '', 0, 0, '', 0, 1, '0.0000', ''),
(62, '我33332@qq.com', 'e10adc3949ba59abbe56e057f20f883e', '59', 'e10adc3949ba59abbe56e057f20f883e', '21313', '打的', '1', '210106199308251855', '15998326813', '127.0.0.1', 1457747103, '127.0.0.1', 1458821732, 0, 0, '1001.0783', '0.0000', '', '', 0, 0, '', 0, 1, '0.0000', ''),
(63, '我12580@qq.com', 'fa9b5ec55962c97b617ae3bc58229fe1', '', 'bb76352ecc628b1b9c699fd1038ead1a', '你呗炫斗', '的萨达速度', '1', '21010619930851855', '15999999999', '127.0.0.1', 1457770490, '', 0, 0, 0, '1000.0000', '0.0000', '/Public/Home/images/ulogodefault.jpg', '', 4, 56, '', 0, 1, '0.0000', ''),
(64, '我1425568992@qq.com', 'e10adc3949ba59abbe56e057f20f883e', '', '96e79218965eb72c92a549dd5a330112', '张壹', '张壹', '1', '210922199415152221', '13840334995', '127.0.0.1', 1458039491, '127.0.0.1', 1458301344, 0, 0, '1000.0000', '0.0000', '', '', 0, 0, '', 0, 0, '0.0000', ''),
(65, '我ren829@126.com', 'e10adc3949ba59abbe56e057f20f883e', '', '5622616cf9bfca67740e38c1e56eac33', '', '', '1', '', '', '127.0.0.1', 1460001549, '', 0, 0, 0, '0.0000', '0.0000', '', '', 0, 0, '', 0, 0, '0.0000', ''),
(66, 'ren829@126.com', 'e10adc3949ba59abbe56e057f20f883e', '', '5622616cf9bfca67740e38c1e56eac33', '', '', '1', '', '', '127.0.0.1', 1460524149, '', 0, 0, 0, '0.0000', '0.0000', '', '', 0, 0, '', 0, 0, '0.0000', ''),
(67, '275043418@qq.com', 'e10adc3949ba59abbe56e057f20f883e', '59', '5622616cf9bfca67740e38c1e56eac33', '', '', '1', '', '', '127.0.0.1', 1460600386, '127.0.0.1', 1460633381, 0, 0, '4900.0000', '0.0000', '', '', 0, 0, '', 0, 0, '0.0000', ''),
(68, '2@qq.com', '96e79218965eb72c92a549dd5a330112', '', 'e3ceb5881a0a1fdaad01296d7554868d', '', '', '1', '', '', '101.47.186.255', 1460973084, '', 0, 0, 0, '0.0000', '0.0000', '', '', 0, 0, '', 0, 0, '0.0000', ''),
(69, '227633862@qq.com', 'e10adc3949ba59abbe56e057f20f883e', '', '5622616cf9bfca67740e38c1e56eac33', '', '', '1', '', '', '127.0.0.1', 1461062546, '', 0, 0, 0, '0.0000', '0.0000', '', '', 0, 0, '', 0, 0, '0.0000', ''),
(70, '8676333862@qq.com', 'e10adc3949ba59abbe56e057f20f883e', '', '5101537566328844dedb399e100f9cd6', '', '', '1', '', '', '127.0.0.1', 1461064420, '', 0, 0, 0, '0.0000', '0.0000', '', '', 0, 0, '', 0, 0, '0.0000', ''),
(71, 'admin@qq.com', 'e10adc3949ba59abbe56e057f20f883e', '', 'e3ceb5881a0a1fdaad01296d7554868d', '哈哈', '哈哈', '1', '513029199104084053', '13086322508', '112.192.42.214', 1461397230, '103.207.228.64', 1466536348, 0, 0, '995070.5052', '1010.0000', '', '', 0, 0, '', 0, 1, '0.0000', ''),
(72, '123132@163.com', '78d80c011ea3077c7f76b69353e2f7d4', '', '4849012bf3a577db094afcf18fb8b673', '测试', '李晓光', '1', '371121198111274811', '13641427302', '116.25.205.226', 1461724142, '59.41.183.10', 1466537404, 0, 0, '866728.9999', '129.5300', '', '', 0, 0, '', 0, 1, '0.0000', ''),
(73, '1q@11.com', 'e7a1878fb11c0373dc646ae5ae18e43b', '', '4297f44b13955235245b2497399d7a93', '', '', '1', '', '', '222.211.212.233', 1461742695, '', 0, 0, 0, '0.0000', '0.0000', '', '', 0, 0, '', 0, 0, '0.0000', ''),
(74, 'admin@qq.cn', '96e79218965eb72c92a549dd5a330112', '', '9cbf8a4dcb8e30682b927f352d6559a0', '', '', '1', '', '', '39.82.251.88', 1461757871, '', 0, 0, 0, '0.0000', '0.0000', '', '', 0, 0, '', 0, 0, '0.0000', ''),
(75, 'scourasf@gmail.com', 'e1ee218d96a94981e053db819f1bd756', '', 'e10adc3949ba59abbe56e057f20f883e', '风过吹沙', '霖夺', '1', '371121198111274811', '13551287752', '222.212.201.118', 1461832025, '222.162.144.91', 1464667825, 0, 0, '836182.1961', '67049.0000', '', '', 0, 0, '', 0, 1, '0.0000', ''),
(76, '123321@qq.com', '4297f44b13955235245b2497399d7a93', '', '8d4646eb2d7067126eb08adb0672f7bb', '', '', '1', '', '', '113.233.92.140', 1461896384, '', 0, 0, 0, '0.0000', '0.0000', '', '', 0, 0, '', 0, 0, '0.0000', ''),
(77, '1027498421@qq.com', 'e10adc3949ba59abbe56e057f20f883e', '', '96e79218965eb72c92a549dd5a330112', '', '', '1', '', '', '119.132.67.181', 1462284923, '', 0, 0, 0, '0.0000', '0.0000', '', '', 0, 0, '', 0, 0, '0.0000', ''),
(78, 'rhszm@126.com', '6df81fd494a7a26fe033c8b432bdbc95', '', '7184fa9b2de35d09070e2854e92273db', '', '', '1', '', '', '123.14.184.15', 1462545069, '', 0, 0, 0, '0.0000', '0.0000', '', '', 0, 0, '', 0, 0, '0.0000', ''),
(79, '1654@qq.com', 'e10adc3949ba59abbe56e057f20f883e', '', '00c66aaf5f2c3f49946f15c1ad2ea0d3', '喜彬', '你说', '1', '430422198809144599', '15834772952', '122.136.197.4', 1464374468, '106.16.82.36', 1466266660, 0, 0, '16835.0699', '7000.0000', '', '', 0, 0, '', 0, 1, '0.0000', ''),
(80, '1071361525@qq.com', 'e3e6f483733d7a97b537cb3a6a306141', '', '49781ee82e2584b1063a77c198dd998f', '', '', '1', '', '', '183.14.253.122', 1464406818, '183.14.253.122', 1464436675, 0, 0, '999999.9999', '0.0000', '', '', 0, 0, '', 0, 0, '0.0000', ''),
(81, '1452231555@qq.com', 'f2970c89fe1b00fc3bb6f381613350be', '', 'cf9d0fc75960f3d4f6d6a978d094de64', '', '', '1', '', '', '183.43.242.247', 1464407493, '183.43.204.235', 1464436104, 0, 0, '873992.9999', '1000.0000', '', '', 0, 0, '', 0, 0, '0.0000', ''),
(82, '785878@qq.com', '4297f44b13955235245b2497399d7a93', '', 'c8837b23ff8aaa8a2dde915473ce0991', 'dkjsh', '李胡', '1', '425481198509039023', '15538369408', '123.149.215.81', 1466254950, '', 0, 0, 0, '0.0000', '0.0000', '', '', 0, 0, '', 0, 1, '0.0000', ''),
(83, '228896685@qq.com', '96e79218965eb72c92a549dd5a330112', '', 'e3ceb5881a0a1fdaad01296d7554868d', 'zhicai', '万海军', '1', '420982197902036015', '18671202097', '27.19.181.185', 1466275681, '', 0, 0, 0, '0.0000', '0.0000', '', '', 0, 0, '', 0, 1, '0.0000', ''),
(84, '13033671901@163.com', '1f58161330ea8d7de8d3b29df7ba9ac9', '', 'e3ceb5881a0a1fdaad01296d7554868d', '111', '利息', '1', '232103198308215047', '13033671901', '115.228.76.200', 1466477475, '101.106.239.199', 1466589378, 0, 0, '999999.9999', '51000.0000', '', '', 0, 0, '', 0, 1, '0.0000', ''),
(85, '11@qq.com', 'c4ad11d3066068c02b3b608f4d7ad919', '', '3d186804534370c3c817db0563f0e461', '测试001', '测试', '1', '22413411103404104', '18393837785', '122.136.197.9', 1466490069, '', 0, 0, 0, '999999.9999', '0.0000', '', '', 0, 0, '', 0, 1, '0.0000', ''),
(86, '396502556@qq.com', '4289eb531cc75d4bd2093394e891e6ed', '', '96e79218965eb72c92a549dd5a330112', '', '', '1', '', '', '112.247.118.18', 1466498903, '', 0, 0, 0, '0.0000', '0.0000', '', '', 0, 0, '', 0, 0, '0.0000', ''),
(87, '10087382@qq.com', '4297f44b13955235245b2497399d7a93', '', 'e10adc3949ba59abbe56e057f20f883e', '', '', '1', '', '', '117.177.205.115', 1466517525, '', 0, 0, 0, '0.0000', '0.0000', '', '', 0, 0, '', 0, 0, '0.0000', ''),
(88, '124122@qq.com', 'e10adc3949ba59abbe56e057f20f883e', '', 'e10adc3949ba59abbe56e057f20f883e', '哈喽', '王浩', '1', '341223198903270088', '13695687899', '59.41.183.10', 1466562752, '112.26.231.78', 1466661866, 0, 0, '0.0000', '0.0000', '', '', 0, 0, '', 0, 1, '0.0000', ''),
(89, 'aaa@aaa.com', 'd9f6e636e369552839e7bb8057aeb8da', '', 'bbd6a3cfe054981f89f80fb128821940', '', '', '1', '', '', '14.113.242.24', 1466662187, '', 0, 0, 0, '0.0000', '0.0000', '', '', 0, 0, '', 0, 0, '0.0000', ''),
(90, '123456@163.com', 'e10adc3949ba59abbe56e057f20f883e', '', 'bf9f8d1f05dc08cc3b02e8fcf2c2ba57', '', '', '1', '', '', '183.202.174.59', 1466670320, '', 0, 0, 0, '0.0000', '0.0000', '', '', 0, 0, '', 0, 0, '0.0000', ''),
(91, 'akgjkfdgjkvkaj@qq.com', 'd9f6e636e369552839e7bb8057aeb8da', '', 'e10adc3949ba59abbe56e057f20f883e', '', '', '1', '', '', '14.113.245.217', 1466737680, '', 0, 0, 0, '75800.3994', '8076.0000', '', '', 0, 0, '', 0, 0, '0.0000', ''),
(92, '10082374@qq.com', '7bb24a0889dd839b3901d26af980c493', '', '354a7e1ee6f448a30c41a4ea39f1b4ce', '', '', '1', '', '', '116.228.235.114', 1466746762, '', 0, 0, 0, '0.0000', '0.0000', '', '', 0, 0, '', 0, 0, '0.0000', ''),
(93, '80036754@qq.com', '4297f44b13955235245b2497399d7a93', '', '658d128f20ee88e00e9607a475cdfaa5', '谁啊', '许连江', '1', '232103198810020213', '15776761582', '60.209.244.141', 1466756792, '223.104.6.83', 1466785399, 0, 0, '73.2400', '0.0000', '', '', 0, 0, '', 0, 1, '0.0000', ''),
(95, '111111111@qq.com', '96e79218965eb72c92a549dd5a330112', '111111111111', 'e3ceb5881a0a1fdaad01296d7554868d', '', '', '1', '', '', '14.113.245.217', 1466878450, '219.159.107.231', 1466938801, 0, 0, '1000.0000', '0.0000', '', '', 0, 0, '', 0, 0, '0.0000', ''),
(96, '1300238859@qq.com', 'e10adc3949ba59abbe56e057f20f883e', '', '4297f44b13955235245b2497399d7a93', '张易余', '张易余', '1', '5453232256333252', '15527464351', '218.64.125.224', 1466927020, '', 0, 0, 0, '6000.8203', '5000.0000', '', '', 0, 0, '', 0, 1, '0.0000', ''),
(97, 'abc@163.com', 'e10adc3949ba59abbe56e057f20f883e', '', '4297f44b13955235245b2497399d7a93', '', '', '1', '', '', '125.33.184.98', 1466994581, '219.129.227.173', 1467007474, 0, 0, '9999.0000', '0.0000', '', '', 0, 0, '', 0, 1, '0.0000', ''),
(98, 'sharp@126.com', '96e79218965eb72c92a549dd5a330112', '', 'e3ceb5881a0a1fdaad01296d7554868d', '', '', '1', '', '', '113.92.219.11', 1467005881, '113.92.219.11', 1467005893, 0, 0, '9999.0000', '0.0000', '', '', 0, 0, '', 0, 1, '0.0000', ''),
(99, '321@qq.com', '4297f44b13955235245b2497399d7a93', '', '3d186804534370c3c817db0563f0e461', '阿飞', '李再好', '1', '222401199911115414', '15843413641', '222.162.139.25', 1467013218, '222.162.144.182', 1467173902, 0, 0, '0.0000', '0.0000', '', '', 0, 0, '', 0, 1, '0.0000', ''),
(100, '656973451@qq.com', '17aead0d56f4b87f2cb3046d96b19d59', '', 'b01f0ee4218950e199ceebd39a5accbe', '', '', '1', '', '', '27.19.174.102', 1467060303, '', 0, 0, 0, '0.0000', '0.0000', '/Uploads/', '', 0, 0, '', 0, 0, '0.0000', ''),
(101, '3141@qq.com', '4297f44b13955235245b2497399d7a93', '12312', '8b353d5cc07e13577608711f4602fcb7', '', '', '1', '', '', '113.120.247.123', 1467130404, '', 0, 0, 0, '0.0000', '0.0000', '', '', 0, 0, '', 0, 0, '0.0000', ''),
(102, '123@qq.com', 'd9f6e636e369552839e7bb8057aeb8da', '', '1ff97cd8bee5ccd3effdcd146cbff63b', '', '', '1', '', '', '119.139.2.68', 1467137522, '', 0, 0, 0, '0.0000', '0.0000', '', '', 0, 0, '', 0, 0, '0.0000', ''),
(103, '421453484@qq.com', 'e10adc3949ba59abbe56e057f20f883e', '', 'c33367701511b4f6020ec61ded352059', '浏览量', '结婚后', '1', '370684198505073118', '15971313736', '27.23.47.195', 1467300206, '', 0, 0, 0, '736.2000', '130.0000', '', '', 0, 0, '', 0, 1, '0.0000', ''),
(104, '576895711@qq.com', '4297f44b13955235245b2497399d7a93', '', '5690dddfa28ae085d23518a035707282', '', '', '1', '', '', '218.18.135.112', 1467355702, '', 0, 0, 0, '0.0000', '0.0000', '', '', 0, 0, '', 0, 0, '0.0000', ''),
(105, 'dd@qq.com', 'e10adc3949ba59abbe56e057f20f883e', '', 'fcea920f7412b5da7be0cf42b8c93759', '', '', '1', '', '', '101.247.115.119', 1467363155, '', 0, 0, 0, '0.0000', '0.0000', '', '', 0, 0, '', 0, 0, '0.0000', ''),
(106, '123123@qq.com', '96e79218965eb72c92a549dd5a330112', '', 'e3ceb5881a0a1fdaad01296d7554868d', '1111', '张小小', '1', '371121198811244812', '18663693296', '27.192.241.32', 1467365129, '', 0, 0, 0, '989408.5314', '100.0000', '', '', 0, 0, '', 0, 1, '0.0000', '');

-- --------------------------------------------------------

--
-- 表的结构 `yang_member_comment`
--

CREATE TABLE `yang_member_comment` (
  `comment_id` int(10) UNSIGNED NOT NULL,
  `member_id` int(10) NOT NULL,
  `currency_id` int(10) NOT NULL,
  `add_time` int(10) NOT NULL,
  `comment` varchar(128) NOT NULL DEFAULT ''
) ENGINE=MyISAM DEFAULT CHARSET=utf8;

-- --------------------------------------------------------

--
-- 表的结构 `yang_member_old`
--

CREATE TABLE `yang_member_old` (
  `member_id` int(32) NOT NULL,
  `email` varchar(32) NOT NULL COMMENT '邮箱',
  `password` varchar(64) NOT NULL COMMENT '密码',
  `paypwd` varchar(64) NOT NULL COMMENT '邀请人',
  `nike` varchar(32) NOT NULL,
  `realname` varchar(32) NOT NULL,
  `document_type` tinyint(4) NOT NULL,
  `document_num` varchar(32) NOT NULL,
  `phone` varchar(11) NOT NULL,
  `reg_time` int(32) NOT NULL,
  `login_time` int(10) NOT NULL,
  `vip_level` int(10) NOT NULL,
  `vip_end_time` int(10) NOT NULL,
  `rmb` decimal(10,2) NOT NULL,
  `forzen_rmb` decimal(10,2) NOT NULL,
  `head` varchar(64) NOT NULL,
  `profile` text NOT NULL,
  `city` int(10) NOT NULL,
  `district` int(10) NOT NULL,
  `status` tinyint(4) NOT NULL
) ENGINE=MyISAM DEFAULT CHARSET=utf8;

--
-- 转存表中的数据 `yang_member_old`
--

INSERT INTO `yang_member_old` (`member_id`, `email`, `password`, `paypwd`, `nike`, `realname`, `document_type`, `document_num`, `phone`, `reg_time`, `login_time`, `vip_level`, `vip_end_time`, `rmb`, `forzen_rmb`, `head`, `profile`, `city`, `district`, `status`) VALUES
(1, 'admin@qq.com', '', '', '', '', 0, '', '', 0, 0, 0, 0, '0.00', '0.00', '', '', 0, 0, 0);

-- --------------------------------------------------------

--
-- 表的结构 `yang_message`
--

CREATE TABLE `yang_message` (
  `message_id` int(32) NOT NULL,
  `title` varchar(32) NOT NULL COMMENT '消息标题',
  `member_id` varchar(100) NOT NULL,
  `type` tinyint(4) NOT NULL,
  `content` text NOT NULL,
  `add_time` int(10) NOT NULL,
  `status` tinyint(4) NOT NULL,
  `message_all_id` int(11) DEFAULT NULL
) ENGINE=MyISAM DEFAULT CHARSET=utf8;

--
-- 转存表中的数据 `yang_message`
--

INSERT INTO `yang_message` (`message_id`, `title`, `member_id`, `type`, `content`, `add_time`, `status`, `message_all_id`) VALUES
(54, '众筹成功', '64', 3, '您参与的众筹项目测试已成功,扣除交易币5,获取众筹币50', 1458298735, 0, 24),
(55, '我是标题', '60', 4, '我是内容', 1458014795, 1, 21),
(56, '我是标题', '60', 4, '我是内容', 1458014795, 1, 21),
(57, '众筹失败', '60', -2, '您参与的众筹项目测试未成功', 1458891683, 1, 25),
(58, '众筹失败', '60', -2, '您参与的众筹项目众筹项目--1未成功', 1458894074, 0, 26),
(59, '众筹成功', '59', -2, '您参与的众筹项目众筹项目--1已成功,扣除交易币5,获取众筹币50', 1458984256, 1, 27),
(60, '众筹成功', '59', -2, '您参与的众筹项目众筹项目--1已成功,扣除交易币5,获取众筹币50', 1458984260, 1, 28),
(61, '众筹成功', '59', -2, '您参与的众筹项目众筹项目--1已成功,扣除交易币5,获取众筹币50', 1458984298, 1, 29),
(62, '众筹成功', '59', -2, '您参与的众筹项目众筹项目--1已成功,扣除交易币50,获取众筹币500', 1458984340, 1, 30),
(63, '众筹失败', '59', -2, '您参与的众筹项目众筹项目--1未成功', 1458994993, 1, 31),
(64, '众筹成功', '59', -2, '您参与的众筹项目众筹项目--1已成功,扣除交易币2,获取众筹币20', 1458998972, 1, 32),
(65, '众筹成功', '59', -2, '您参与的众筹项目众筹项目--1已成功,扣除交易币10,获取众筹币100', 1458999061, 1, 33),
(66, '众筹成功', '59', -2, '您参与的众筹项目众筹项目--1已成功,扣除交易币10,获取众筹币100', 1458999086, 1, 34),
(67, '众筹成功', '59', -2, '您参与的众筹项目众筹项目--1已成功,扣除交易币10,获取众筹币100', 1458999107, 1, 35),
(68, '众筹失败', '59', -2, '您参与的众筹项目众筹项目--1未成功', 1459141895, 0, 36),
(69, 'CNY提现成功', '59', -2, '恭喜您提现成功！', 1459142269, 0, 37),
(70, 'CNY提现失败', '59', -2, '很抱歉您提现失败，请重新操作或联系客服！', 1459142304, 0, 38),
(71, '人工充值成功', '59', -2, '您申请的人工充值已成功，充值金额为100000', 1459142553, 0, 39),
(72, '人工充值成功', '59', -2, '您申请的人工充值已成功，充值金额为600000', 1459142573, 0, 40),
(73, '众筹成功', '59', -2, '您参与的众筹项目众筹项目--1已成功,扣除交易币50,获取众筹币500', 1459156907, 1, 41),
(74, '分红奖励', '59', -2, '585', 1459272075, 0, 45),
(75, '分红奖励', '59', -2, '8547', 1459272123, 1, 50),
(76, 'CNY提现成功', '59', -2, '恭喜您提现100.00成功！', 1459272579, 0, 54),
(77, '分红奖励', '59', -2, 'rdds', 1459302015, 1, 58),
(78, '分红奖励', '59', -2, 'eee', 1459302056, 1, 63),
(79, '分红奖励', '59', -2, 'dssd', 1459302173, 1, 69),
(80, '管理员充值', '59', -2, '管理员充值人民币:2000', 1459417852, 0, 70),
(81, 'CNY提现成功', '59', -2, '恭喜您提现123.00成功！', 1459437549, 0, 73),
(82, '分红奖励', '60', -2, '585', 1459272075, 0, 46),
(83, '分红奖励', '60', -2, '8547', 1459272123, 0, 51),
(84, '分红奖励', '60', -2, 'rdds', 1459302015, 0, 59),
(85, '分红奖励', '60', -2, 'eee', 1459302056, 0, 64),
(86, '分红奖励', '60', -2, 'dssd', 1459302173, 0, 68),
(87, '管理员充值', '59', -2, '管理员充值人民币:500', 1460032830, 0, 74),
(88, '管理员充值', '59', -2, '管理员充值狗狗币:1000', 1460086552, 0, 76),
(89, 'CNY提现成功', '59', -2, '恭喜您提现123.00成功！', 1460118277, 0, 77),
(90, 'CNY提现失败', '59', -2, '很抱歉您提现失败，请重新操作或联系客服！', 1460118279, 0, 78),
(91, 'CNY提现成功', '59', -2, '恭喜您提现1000.00成功！', 1460126924, 0, 79),
(92, 'CNY提现成功', '59', -2, '恭喜您提现100.00成功！', 1460126929, 0, 80),
(93, 'CNY提现成功', '59', -2, '恭喜您提现123.00成功！', 1460127223, 0, 87),
(94, 'CNY提现成功', '59', -2, '恭喜您提现123.00成功！', 1460127227, 0, 88),
(95, 'CNY提现成功', '59', -2, '恭喜您提现123.00成功！', 1460127240, 0, 89),
(96, 'CNY提现成功', '59', -2, '恭喜您提现123.00成功！', 1460127273, 0, 90),
(97, 'CNY提现成功', '59', -2, '恭喜您提现123.00成功！', 1460127274, 0, 91),
(98, 'CNY提现成功', '59', -2, '恭喜您提现123.00成功！', 1460127275, 0, 92),
(99, 'CNY提现成功', '59', -2, '恭喜您提现123.00成功！', 1460127276, 0, 93),
(100, 'CNY提现成功', '59', -2, '恭喜您提现123.00成功！', 1460127277, 0, 94),
(101, 'CNY提现成功', '59', -2, '恭喜您提现123.00成功！', 1460127278, 0, 95),
(102, 'CNY提现成功', '59', -2, '恭喜您提现123.00成功！', 1460127283, 0, 96),
(103, 'CNY提现成功', '59', -2, '恭喜您提现123.00成功！', 1460127299, 0, 97),
(104, 'CNY提现成功', '59', -2, '恭喜您提现123.00成功！', 1460127306, 0, 98),
(105, 'CNY提现成功', '59', -2, '恭喜您提现123.00成功！', 1460127326, 0, 99),
(106, 'CNY提现成功', '59', -2, '恭喜您提现123.00成功！', 1460127328, 0, 100),
(107, 'CNY提现成功', '59', -2, '恭喜您提现123.00成功！', 1460127452, 0, 101),
(108, 'CNY提现成功', '59', -2, '恭喜您提现100.00成功！', 1460127455, 0, 102),
(109, 'CNY提现成功', '59', -2, '恭喜您提现123.00成功！', 1460127465, 0, 103),
(110, 'CNY提现成功', '59', -2, '恭喜您提现123.00成功！', 1460127506, 0, 104),
(111, '管理员充值', '59', -2, '管理员充值人民币:1000', 1460349599, 0, 105),
(112, '管理员充值', '59', -2, '管理员充值人民币:1111', 1460349612, 0, 106),
(113, '管理员充值', '59', -2, '管理员充值人民币:2222', 1460349639, 0, 107),
(114, '管理员充值', '59', -2, '管理员充值人民币:888', 1460350077, 1, 108),
(115, '管理员充值', '59', -2, '管理员充值狗狗币:50', 1460350099, 1, 109),
(116, '认购成功', '59', -2, '您参与的众筹项目重酬测试已成功,扣除交易币50,获取众筹币500', 1460601735, 1, 111),
(117, '众筹成功', '67', -2, '您参与的众筹项目重酬测试已成功,扣除交易币50,获取众筹币500', 1460601033, 0, 110),
(118, '认购成功', '67', -2, '您参与的众筹项目重酬测试已成功,扣除交易币50,获取众筹币500', 1460601852, 0, 112),
(119, '认购成功', '67', -2, '您参与的众筹项目重酬测试已成功,扣除交易币50,获取众筹币500', 1460602083, 0, 113),
(120, '认购成功', '67', -2, '您参与的众筹项目重酬测试已成功,扣除交易币50,获取众筹币500', 1460602123, 0, 114),
(121, '认购成功', '67', -2, '您参与的众筹项目重酬测试已成功,扣除交易币50,获取众筹币500', 1460602172, 0, 115),
(122, '认购成功', '67', -2, '您参与的众筹项目重酬测试已成功,扣除交易币50,获取众筹币500', 1460602247, 0, 116),
(123, '认购成功', '59', -2, '您参与的众筹项目重酬测试已成功,扣除交易币50,获取众筹币500', 1460632973, 0, 117),
(124, '认购成功', '59', -2, '您参与的众筹项目重酬测试已成功,扣除交易币50,获取众筹币500', 1460633136, 0, 118),
(125, '认购成功', '59', -2, '您参与的众筹项目重酬测试已成功,扣除交易币50,获取众筹币500', 1460633246, 0, 119),
(126, '认购成功', '59', -2, '您参与的众筹项目重酬测试已成功,扣除交易币100,获取众筹币1000', 1460633283, 0, 120),
(127, '认购成功', '59', -2, '您参与的众筹项目重酬测试已成功,扣除交易币100,获取众筹币1000', 1460633326, 0, 121),
(128, '认购成功', '59', -2, '您参与的众筹项目重酬测试已成功,扣除交易币100,获取众筹币1000', 1460633459, 0, 122),
(129, '认购成功', '59', -2, '您参与的众筹项目重酬测试已成功,扣除交易币50,获取众筹币500', 1460633966, 0, 124),
(130, '认购成功', '59', -2, '您参与的众筹项目重酬测试已成功,扣除交易币50,获取众筹币500', 1460634054, 0, 125),
(131, '434334433443', '59', -1, '434334433443<br/><a href=/Home/Art/details/id/323.html>点击显示详情</a>', 1461061039, 1, 126),
(132, '管理员充值', '59', -2, '管理员充值狗狗币:5000', 1461228938, 0, 127),
(133, '管理员充值', '59', -2, '管理员充值进盟币:1000', 1461228959, 1, 128),
(134, '434334433443', '60', -1, '434334433443<br/><a href=/Home/Art/details/id/323.html>点击显示详情</a>', 1461061039, 0, 126),
(135, '管理员充值', '71', -2, '管理员充值人民币:1000', 1461421868, 0, 129),
(136, '管理员充值', '71', -2, '管理员充值元宝币:1000', 1461421886, 1, 130),
(137, '人工充值成功', '71', -2, '您申请的人工充值已成功，充值金额为', 1461719204, 0, 131),
(138, '人工充值成功', '72', -2, '您申请的人工充值已成功，充值金额为', 1461724692, 0, 132),
(139, '认购成功', '72', -2, '您参与的众筹项目货币大第一次众筹已成功,扣除交易币1000,获取众筹币10000', 1461724787, 0, 133),
(140, '认购成功', '72', -2, '您参与的众筹项目货币大第一次众筹已成功,扣除交易币10,获取众筹币100', 1461725088, 0, 134),
(141, '认购成功', '72', -2, '您参与的众筹项目货币大第一次众筹已成功,扣除交易币100,获取众筹币1000', 1461725098, 0, 135),
(142, '人工充值成功', '75', -2, '您申请的人工充值已成功，充值金额为', 1461832491, 1, 136),
(143, '管理员充值', '81', -2, '管理员充值人民币:651130000', 1464429541, 0, 146),
(144, '管理员充值', '80', -2, '管理员充值人民币:5014000', 1464429319, 0, 145),
(145, '人工充值成功', '75', -2, '您申请的人工充值已成功，充值金额为', 1464427516, 0, 142),
(146, '管理员充值', '75', -2, '管理员充值元宝币:20000', 1464428456, 0, 143),
(147, '管理员充值', '75', -2, '管理员充值人民币:5000000', 1464429203, 0, 144),
(148, '人工充值成功', '79', -2, '您申请的人工充值已成功，充值金额为', 1464375246, 0, 139),
(149, '人工充值成功', '79', -2, '您申请的人工充值已成功，充值金额为', 1464375250, 0, 140),
(150, '人工充值成功', '79', -2, '您申请的人工充值已成功，充值金额为', 1464375261, 0, 141),
(151, '管理员充值', '84', -2, '管理员充值人民币:1111111', 1466477521, 0, 157),
(152, '管理员充值', '84', -2, '管理员充值人民币:1111111111', 1466477700, 0, 158),
(153, '管理员充值', '84', -2, '管理员充值元宝币:1111111111', 1466477744, 0, 159),
(154, '管理员充值', '84', -2, '管理员充值人民币:111111111111111', 1466477778, 0, 160),
(155, '管理员充值', '84', -2, '管理员充值人民币:111111111', 1466477785, 0, 161),
(156, '管理员充值', '84', -2, '管理员充值人民币:1111111', 1466477792, 0, 162),
(157, '管理员充值', '84', -2, '管理员充值元宝币:1111111', 1466477796, 0, 163),
(158, '管理员充值', '84', -2, '管理员充值人民币:1111111', 1466477803, 0, 164),
(159, '分红奖励', '71', -2, '111', 1464670917, 0, 150),
(160, '分红奖励', '71', -2, '2', 1464670992, 0, 155),
(161, '分红奖励', '71', -2, 'QEQR', 1466517406, 0, 170),
(162, '分红奖励', '84', -2, 'QEQR', 1466517406, 0, 172),
(163, '管理员充值', '93', -2, '管理员充值人民币:100', 1466756845, 1, 174);

-- --------------------------------------------------------

--
-- 表的结构 `yang_message_all`
--

CREATE TABLE `yang_message_all` (
  `id` int(32) NOT NULL,
  `title` varchar(32) NOT NULL COMMENT '消息标题',
  `u_id` varchar(100) NOT NULL,
  `type` tinyint(4) NOT NULL,
  `content` text NOT NULL,
  `add_time` int(10) NOT NULL
) ENGINE=MyISAM DEFAULT CHARSET=utf8;

--
-- 转存表中的数据 `yang_message_all`
--

INSERT INTO `yang_message_all` (`id`, `title`, `u_id`, `type`, `content`, `add_time`) VALUES
(21, '我是标题', '-1', 4, '我是内容', 1458014795),
(22, '我是标题', '59', 4, '我是内容', 1458014795),
(24, '众筹成功', '64', 3, '您参与的众筹项目测试已成功,扣除交易币5,获取众筹币50', 1458298735),
(25, '众筹失败', '60', -2, '您参与的众筹项目测试未成功', 1458891683),
(26, '众筹失败', '60', -2, '您参与的众筹项目众筹项目--1未成功', 1458894074),
(27, '众筹成功', '59', -2, '您参与的众筹项目众筹项目--1已成功,扣除交易币5,获取众筹币50', 1458984256),
(28, '众筹成功', '59', -2, '您参与的众筹项目众筹项目--1已成功,扣除交易币5,获取众筹币50', 1458984260),
(29, '众筹成功', '59', -2, '您参与的众筹项目众筹项目--1已成功,扣除交易币5,获取众筹币50', 1458984298),
(30, '众筹成功', '59', -2, '您参与的众筹项目众筹项目--1已成功,扣除交易币50,获取众筹币500', 1458984340),
(31, '众筹失败', '59', -2, '您参与的众筹项目众筹项目--1未成功', 1458994993),
(32, '众筹成功', '59', -2, '您参与的众筹项目众筹项目--1已成功,扣除交易币2,获取众筹币20', 1458998972),
(33, '众筹成功', '59', -2, '您参与的众筹项目众筹项目--1已成功,扣除交易币10,获取众筹币100', 1458999061),
(34, '众筹成功', '59', -2, '您参与的众筹项目众筹项目--1已成功,扣除交易币10,获取众筹币100', 1458999086),
(35, '众筹成功', '59', -2, '您参与的众筹项目众筹项目--1已成功,扣除交易币10,获取众筹币100', 1458999107),
(36, '众筹失败', '59', -2, '您参与的众筹项目众筹项目--1未成功', 1459141895),
(37, 'CNY提现成功', '59', -2, '恭喜您提现成功！', 1459142269),
(38, 'CNY提现失败', '59', -2, '很抱歉您提现失败，请重新操作或联系客服！', 1459142304),
(39, '人工充值成功', '59', -2, '您申请的人工充值已成功，充值金额为100000', 1459142553),
(40, '人工充值成功', '59', -2, '您申请的人工充值已成功，充值金额为600000', 1459142573),
(41, '众筹成功', '59', -2, '您参与的众筹项目众筹项目--1已成功,扣除交易币50,获取众筹币500', 1459156907),
(42, '分红奖励', '1', -2, '585', 1459272075),
(43, '分红奖励', '61', -2, '585', 1459272075),
(44, '分红奖励', '64', -2, '585', 1459272075),
(45, '分红奖励', '59', -2, '585', 1459272075),
(46, '分红奖励', '60', -2, '585', 1459272075),
(47, '分红奖励', '1', -2, '8547', 1459272123),
(48, '分红奖励', '61', -2, '8547', 1459272123),
(49, '分红奖励', '64', -2, '8547', 1459272123),
(50, '分红奖励', '59', -2, '8547', 1459272123),
(51, '分红奖励', '60', -2, '8547', 1459272123),
(52, 'CNY提现成功', '62', -2, '恭喜您提现123.00成功！', 1459272571),
(53, 'CNY提现成功', '62', -2, '恭喜您提现123.00成功！', 1459272576),
(54, 'CNY提现成功', '59', -2, '恭喜您提现100.00成功！', 1459272579),
(55, '分红奖励', '1', -2, 'rdds', 1459302015),
(56, '分红奖励', '61', -2, 'rdds', 1459302015),
(57, '分红奖励', '64', -2, 'rdds', 1459302015),
(58, '分红奖励', '59', -2, 'rdds', 1459302015),
(59, '分红奖励', '60', -2, 'rdds', 1459302015),
(60, '分红奖励', '1', -2, 'eee', 1459302056),
(61, '分红奖励', '61', -2, 'eee', 1459302056),
(62, '分红奖励', '64', -2, 'eee', 1459302056),
(63, '分红奖励', '59', -2, 'eee', 1459302056),
(64, '分红奖励', '60', -2, 'eee', 1459302056),
(65, '分红奖励', '1', -2, 'dssd', 1459302173),
(66, '分红奖励', '61', -2, 'dssd', 1459302173),
(67, '分红奖励', '64', -2, 'dssd', 1459302173),
(68, '分红奖励', '60', -2, 'dssd', 1459302173),
(69, '分红奖励', '59', -2, 'dssd', 1459302173),
(70, '管理员充值', '59', -2, '管理员充值人民币:2000', 1459417852),
(71, 'CNY提现成功', '62', -2, '恭喜您提现123.00成功！', 1459437542),
(72, 'CNY提现成功', '62', -2, '恭喜您提现123.00成功！', 1459437546),
(73, 'CNY提现成功', '59', -2, '恭喜您提现123.00成功！', 1459437549),
(74, '管理员充值', '59', -2, '管理员充值人民币:500', 1460032830),
(75, '管理员充值', '65', -2, '管理员充值进盟币:500', 1460086516),
(76, '管理员充值', '59', -2, '管理员充值狗狗币:1000', 1460086552),
(77, 'CNY提现成功', '59', -2, '恭喜您提现123.00成功！', 1460118277),
(78, 'CNY提现失败', '59', -2, '很抱歉您提现失败，请重新操作或联系客服！', 1460118279),
(79, 'CNY提现成功', '59', -2, '恭喜您提现1000.00成功！', 1460126924),
(80, 'CNY提现成功', '59', -2, '恭喜您提现100.00成功！', 1460126929),
(81, 'CNY提现成功', '62', -2, '恭喜您提现123.00成功！', 1460126933),
(82, 'CNY提现成功', '62', -2, '恭喜您提现123.00成功！', 1460127006),
(83, 'CNY提现成功', '62', -2, '恭喜您提现123.00成功！', 1460127009),
(84, 'CNY提现成功', '62', -2, '恭喜您提现123.00成功！', 1460127152),
(85, 'CNY提现成功', '62', -2, '恭喜您提现123.00成功！', 1460127161),
(86, 'CNY提现成功', '62', -2, '恭喜您提现123.00成功！', 1460127163),
(87, 'CNY提现成功', '59', -2, '恭喜您提现123.00成功！', 1460127223),
(88, 'CNY提现成功', '59', -2, '恭喜您提现123.00成功！', 1460127227),
(89, 'CNY提现成功', '59', -2, '恭喜您提现123.00成功！', 1460127240),
(90, 'CNY提现成功', '59', -2, '恭喜您提现123.00成功！', 1460127273),
(91, 'CNY提现成功', '59', -2, '恭喜您提现123.00成功！', 1460127274),
(92, 'CNY提现成功', '59', -2, '恭喜您提现123.00成功！', 1460127275),
(93, 'CNY提现成功', '59', -2, '恭喜您提现123.00成功！', 1460127276),
(94, 'CNY提现成功', '59', -2, '恭喜您提现123.00成功！', 1460127277),
(95, 'CNY提现成功', '59', -2, '恭喜您提现123.00成功！', 1460127278),
(96, 'CNY提现成功', '59', -2, '恭喜您提现123.00成功！', 1460127283),
(97, 'CNY提现成功', '59', -2, '恭喜您提现123.00成功！', 1460127299),
(98, 'CNY提现成功', '59', -2, '恭喜您提现123.00成功！', 1460127306),
(99, 'CNY提现成功', '59', -2, '恭喜您提现123.00成功！', 1460127326),
(100, 'CNY提现成功', '59', -2, '恭喜您提现123.00成功！', 1460127328),
(101, 'CNY提现成功', '59', -2, '恭喜您提现123.00成功！', 1460127452),
(102, 'CNY提现成功', '59', -2, '恭喜您提现100.00成功！', 1460127455),
(103, 'CNY提现成功', '59', -2, '恭喜您提现123.00成功！', 1460127465),
(104, 'CNY提现成功', '59', -2, '恭喜您提现123.00成功！', 1460127506),
(105, '管理员充值', '59', -2, '管理员充值人民币:1000', 1460349599),
(106, '管理员充值', '59', -2, '管理员充值人民币:1111', 1460349612),
(107, '管理员充值', '59', -2, '管理员充值人民币:2222', 1460349639),
(108, '管理员充值', '59', -2, '管理员充值人民币:888', 1460350077),
(109, '管理员充值', '59', -2, '管理员充值狗狗币:50', 1460350099),
(110, '众筹成功', '67', -2, '您参与的众筹项目重酬测试已成功,扣除交易币50,获取众筹币500', 1460601033),
(111, '认购成功', '59', -2, '您参与的众筹项目重酬测试已成功,扣除交易币50,获取众筹币500', 1460601735),
(112, '认购成功', '67', -2, '您参与的众筹项目重酬测试已成功,扣除交易币50,获取众筹币500', 1460601852),
(113, '认购成功', '67', -2, '您参与的众筹项目重酬测试已成功,扣除交易币50,获取众筹币500', 1460602083),
(114, '认购成功', '67', -2, '您参与的众筹项目重酬测试已成功,扣除交易币50,获取众筹币500', 1460602123),
(115, '认购成功', '67', -2, '您参与的众筹项目重酬测试已成功,扣除交易币50,获取众筹币500', 1460602172),
(116, '认购成功', '67', -2, '您参与的众筹项目重酬测试已成功,扣除交易币50,获取众筹币500', 1460602247),
(117, '认购成功', '59', -2, '您参与的众筹项目重酬测试已成功,扣除交易币50,获取众筹币500', 1460632973),
(118, '认购成功', '59', -2, '您参与的众筹项目重酬测试已成功,扣除交易币50,获取众筹币500', 1460633136),
(119, '认购成功', '59', -2, '您参与的众筹项目重酬测试已成功,扣除交易币50,获取众筹币500', 1460633246),
(120, '认购成功', '59', -2, '您参与的众筹项目重酬测试已成功,扣除交易币100,获取众筹币1000', 1460633283),
(121, '认购成功', '59', -2, '您参与的众筹项目重酬测试已成功,扣除交易币100,获取众筹币1000', 1460633326),
(122, '认购成功', '59', -2, '您参与的众筹项目重酬测试已成功,扣除交易币100,获取众筹币1000', 1460633459),
(123, '认购成功', '67', -2, '您参与的众筹项目重酬测试已成功,扣除交易币100,获取众筹币1000', 1460633488),
(124, '认购成功', '59', -2, '您参与的众筹项目重酬测试已成功,扣除交易币50,获取众筹币500', 1460633966),
(125, '认购成功', '59', -2, '您参与的众筹项目重酬测试已成功,扣除交易币50,获取众筹币500', 1460634054),
(126, '434334433443', '-1', -1, '434334433443<br/><a href=/Home/Art/details/id/323.html>点击显示详情</a>', 1461061039),
(127, '管理员充值', '59', -2, '管理员充值狗狗币:5000', 1461228938),
(128, '管理员充值', '59', -2, '管理员充值进盟币:1000', 1461228959),
(129, '管理员充值', '71', -2, '管理员充值人民币:1000', 1461421868),
(130, '管理员充值', '71', -2, '管理员充值元宝币:1000', 1461421886),
(131, '人工充值成功', '71', -2, '您申请的人工充值已成功，充值金额为', 1461719204),
(132, '人工充值成功', '72', -2, '您申请的人工充值已成功，充值金额为', 1461724692),
(133, '认购成功', '72', -2, '您参与的众筹项目货币大第一次众筹已成功,扣除交易币1000,获取众筹币10000', 1461724787),
(134, '认购成功', '72', -2, '您参与的众筹项目货币大第一次众筹已成功,扣除交易币10,获取众筹币100', 1461725088),
(135, '认购成功', '72', -2, '您参与的众筹项目货币大第一次众筹已成功,扣除交易币100,获取众筹币1000', 1461725098),
(136, '人工充值成功', '75', -2, '您申请的人工充值已成功，充值金额为', 1461832491),
(137, 'CNY提现成功', '59', -2, '恭喜您提现123.00成功！', 1461832518),
(138, '管理员充值', '59', -2, '管理员充值人民币:200', 1461833304),
(139, '人工充值成功', '79', -2, '您申请的人工充值已成功，充值金额为', 1464375246),
(140, '人工充值成功', '79', -2, '您申请的人工充值已成功，充值金额为', 1464375250),
(141, '人工充值成功', '79', -2, '您申请的人工充值已成功，充值金额为', 1464375261),
(142, '人工充值成功', '75', -2, '您申请的人工充值已成功，充值金额为', 1464427516),
(143, '管理员充值', '75', -2, '管理员充值元宝币:20000', 1464428456),
(144, '管理员充值', '75', -2, '管理员充值人民币:5000000', 1464429203),
(145, '管理员充值', '80', -2, '管理员充值人民币:5014000', 1464429319),
(146, '管理员充值', '81', -2, '管理员充值人民币:651130000', 1464429541),
(147, '分红奖励', '59', -2, '111', 1464670917),
(148, '分红奖励', '60', -2, '111', 1464670917),
(149, '分红奖励', '62', -2, '111', 1464670917),
(150, '分红奖励', '71', -2, '111', 1464670917),
(151, '分红奖励', '75', -2, '111', 1464670917),
(152, '分红奖励', '59', -2, '2', 1464670992),
(153, '分红奖励', '60', -2, '2', 1464670992),
(154, '分红奖励', '62', -2, '2', 1464670992),
(155, '分红奖励', '71', -2, '2', 1464670992),
(156, '分红奖励', '75', -2, '2', 1464670992),
(157, '管理员充值', '84', -2, '管理员充值人民币:1111111', 1466477521),
(158, '管理员充值', '84', -2, '管理员充值人民币:1111111111', 1466477700),
(159, '管理员充值', '84', -2, '管理员充值元宝币:1111111111', 1466477744),
(160, '管理员充值', '84', -2, '管理员充值人民币:111111111111111', 1466477778),
(161, '管理员充值', '84', -2, '管理员充值人民币:111111111', 1466477785),
(162, '管理员充值', '84', -2, '管理员充值人民币:1111111', 1466477792),
(163, '管理员充值', '84', -2, '管理员充值元宝币:1111111', 1466477796),
(164, '管理员充值', '84', -2, '管理员充值人民币:1111111', 1466477803),
(165, '管理员充值', '85', -2, '管理员充值比特币:100000', 1466490416),
(166, '管理员充值', '85', -2, '管理员充值人民币:125125152', 1466513203),
(167, '分红奖励', '62', -2, 'QEQR', 1466517406),
(168, '分红奖励', '60', -2, 'QEQR', 1466517406),
(169, '分红奖励', '59', -2, 'QEQR', 1466517406),
(170, '分红奖励', '71', -2, 'QEQR', 1466517406),
(171, '分红奖励', '75', -2, 'QEQR', 1466517406),
(172, '分红奖励', '84', -2, 'QEQR', 1466517406),
(173, '认购成功', '72', -2, '您参与的众筹项目重酬测试已成功,扣除交易币50,获取众筹币500', 1466537737),
(174, '管理员充值', '93', -2, '管理员充值人民币:100', 1466756845),
(175, '人工充值成功', '96', -2, '您申请的人工充值已成功，充值金额为', 1466928417),
(176, '人工充值成功', '106', -2, '您申请的人工充值已成功，充值金额为', 1467365498);

-- --------------------------------------------------------

--
-- 表的结构 `yang_message_category`
--

CREATE TABLE `yang_message_category` (
  `id` int(11) NOT NULL,
  `name` varchar(50) NOT NULL
) ENGINE=MyISAM DEFAULT CHARSET=utf8;

--
-- 转存表中的数据 `yang_message_category`
--

INSERT INTO `yang_message_category` (`id`, `name`) VALUES
(-2, '个人信息'),
(4, '系统消息'),
(-1, '系统公告');

-- --------------------------------------------------------

--
-- 表的结构 `yang_nav`
--

CREATE TABLE `yang_nav` (
  `nav_id` int(32) NOT NULL COMMENT '权限表',
  `nav_name` varchar(32) NOT NULL COMMENT '列表名称',
  `nav_e` varchar(32) NOT NULL COMMENT '英文标识',
  `nav_url` varchar(64) NOT NULL COMMENT 'url路径',
  `cat_id` varchar(32) NOT NULL COMMENT '类别'
) ENGINE=MyISAM DEFAULT CHARSET=utf8;

--
-- 转存表中的数据 `yang_nav`
--

INSERT INTO `yang_nav` (`nav_id`, `nav_name`, `nav_e`, `nav_url`, `cat_id`) VALUES
(1, '系统设置', '&#xe642;', '/Config/index', 'sys'),
(2, '幻灯管理', '&#xf002c;', '/Flash/index', 'common'),
(3, '币种管理', '&#xe756;', '/Currency/index', 'wallet'),
(4, '官方公告管理', '&#xe6f7;', '/Art/index/article_category_id/1', 'article'),
(6, '友情链接', '&#xe602;', '/Link/index', 'common'),
(7, '会员列表', '&#x3434;', '/Member/index', 'user'),
(8, '添加会员', '&#xe62f;', '/Member/addMember', 'user'),
(15, '提现审核', '&#xe6a7;', '/Pending/index', 'finance'),
(9, '系统消息', '&#xe627;', '/Message/index', 'user'),
(10, '交易密码修改审核', '&#xe600;', '/Examine/index', 'user'),
(11, '人工充值管理', '&#xe61e;', '/Pay/payByMan', 'finance'),
(12, '财务日志', '&#xe659;', '/Finance/index', 'finance'),
(13, '众筹管理', '&#xe73e;', '/Zhongchou/index', 'zhongchou'),
(14, '众筹记录', '&#xe78a;', '/Zhongchou/log', 'zhongchou'),
(17, '委托记录', '&#xecf6;', '/Trade/orders', 'trade'),
(16, '交易记录', '&#xe608;', '/Trade/trade', 'trade'),
(21, '充币记录', '&#xe604;', '/Currency/chongzhi_index', 'wallet'),
(22, '提币记录', '&#xe601;', '/Currency/tibi_index', 'wallet'),
(26, '添加分红奖励', '&#xe617;', '/Bonus/index', 'bonus'),
(27, '信息设置', '&#xe642;', '/Config/information', 'sys'),
(28, '财务设置', '&#xe61d;', '/Config/finance', 'sys'),
(29, '客服设置', '&#xe77f;', '/Config/customerService', 'sys'),
(30, '短信邮箱设置', '&#xe6ef;', '/Config/shortMessage', 'sys'),
(18, '全站统计信息', '&#xe73e;', '/Index/infoStatistics', 'common'),
(33, '银行列表', '&#xe637;', '/Websitebank/index', 'bank'),
(32, '添加银行', '&#xe601;', '/Websitebank/addBank', 'bank'),
(35, '会员钱包充值列表', '&#xe60e;', '/CurrencyUser/MemberQianbaoChongzhiUrl', 'wallet'),
(36, '会员钱包提币列表', '&#xe640;', '/CurrencyUser/MemberQianbaoTibiUrl', 'wallet'),
(40, '分红列表', '&#xe617;', '/Bonus/bonusList', 'bonus'),
(44, '下载管理', '&#xe601;', '/Download/index', 'wallet'),
(41, '管理员管理', '&#xe64d;', '/Manage/index', 'admin'),
(52, '财务明细', '&#xe73e;', '/Finance/count', 'finance'),
(43, '众筹推荐奖励列表', '&#xe601;', '/Zhongchou/awardsList', 'zhongchou'),
(45, '管理员充值管理', '&#xe61e;', '/Pay/admRecharge', 'finance'),
(46, '后台入口配置管理', '&#xe642;', '/Fileconfigoperation/saveEntrance', 'sys'),
(47, '数据库配置管理', '&#xe642;', '/Fileconfigoperation/saveDb', 'sys'),
(48, '分红股管理', '&#xe617;', '/Dividend/index', 'bonus'),
(49, '市场动态管理', '&#xe6f7;', '/Art/index/article_category_id/2', 'article'),
(50, '帮助中心管理', '&#xe6f7;', '/Art/helpindex/article_category_id/6', 'article'),
(51, '团队信息管理', '&#xe6f7;', '/Art/index/article_category_id/7', 'article'),
(56, '第三方充值记录', '&#xe6f7;', '/Pay/fill', 'finance'),
(57, '推广排名', '&#xe6f7;', '/Tongji/tuiguang', 'tongji'),
(58, '数据统计', '&#xe6f7;', '/Tongji/shuju', 'tongji'),
(59, '详细统计', '&#xe6f7;', '/Tongji/xiangxi', 'tongji'),
(60, '余额排名', '&#xe6f7;', '/Tongji/yue', 'tongji');

-- --------------------------------------------------------

--
-- 表的结构 `yang_orders`
--

CREATE TABLE `yang_orders` (
  `orders_id` int(11) NOT NULL,
  `member_id` int(11) NOT NULL,
  `currency_id` int(10) NOT NULL COMMENT '主币种ID',
  `currency_trade_id` int(10) NOT NULL COMMENT '对应交易币种ID',
  `price` decimal(20,4) NOT NULL DEFAULT '0.0000',
  `num` decimal(20,4) NOT NULL DEFAULT '0.0000' COMMENT '挂单数量',
  `trade_num` decimal(20,4) NOT NULL COMMENT '成交数量',
  `fee` decimal(20,4) NOT NULL DEFAULT '0.0000' COMMENT '记录的是比例',
  `type` char(4) NOT NULL DEFAULT '0' COMMENT 'buy sell',
  `add_time` int(10) NOT NULL,
  `trade_time` int(10) NOT NULL COMMENT '成交时间',
  `status` tinyint(4) NOT NULL DEFAULT '0' COMMENT '0是挂单，1是部分成交,2成交， -1撤销'
) ENGINE=InnoDB DEFAULT CHARSET=utf8;

--
-- 转存表中的数据 `yang_orders`
--

INSERT INTO `yang_orders` (`orders_id`, `member_id`, `currency_id`, `currency_trade_id`, `price`, `num`, `trade_num`, `fee`, `type`, `add_time`, `trade_time`, `status`) VALUES
(746, 60, 26, 0, '1.0000', '1.0000', '0.0000', '0.0010', 'buy', 1461327774, 0, 0),
(747, 60, 26, 0, '2.0000', '1.0000', '1.0000', '0.0010', 'buy', 1461327782, 1461327794, 2),
(748, 59, 26, 0, '2.0000', '1.0000', '1.0000', '0.0010', 'sell', 1461327794, 1461327794, 2),
(749, 71, 25, 0, '1.0000', '1000.0000', '1000.0000', '0.0010', 'sell', 1461422073, 1461422187, 2),
(750, 71, 25, 0, '1.0000', '999.0000', '999.0000', '0.0010', 'buy', 1461422119, 1461422119, 2),
(751, 71, 25, 0, '2.0000', '1.0000', '1.0000', '0.0010', 'sell', 1461422165, 1461422187, 2),
(752, 71, 25, 0, '2.0000', '2.0000', '2.0000', '0.0010', 'buy', 1461422187, 1461422187, 2),
(753, 71, 25, 0, '10.0000', '1.0000', '1.0000', '0.0010', 'buy', 1461422218, 1461422234, 2),
(754, 71, 25, 0, '10.0000', '1.0000', '1.0000', '0.0010', 'sell', 1461422234, 1461422234, 2),
(755, 71, 25, 0, '100.0000', '1.0000', '1.0000', '0.0010', 'sell', 1461422254, 1461422270, 2),
(756, 71, 25, 0, '100.0000', '1.0000', '1.0000', '0.0010', 'buy', 1461422270, 1461422270, 2),
(757, 71, 26, 0, '1.0000', '1000.0000', '0.0000', '0.0010', 'buy', 1461719106, 0, 0),
(758, 72, 29, 0, '0.1100', '12312.0000', '0.0000', '0.0010', 'buy', 1461725268, 0, -1),
(759, 72, 29, 0, '0.1500', '121111.0000', '0.0000', '0.0010', 'buy', 1461725307, 0, -1),
(760, 72, 25, 0, '0.1000', '121.0000', '0.0000', '0.0010', 'buy', 1461725438, 0, 0),
(761, 72, 29, 0, '0.8000', '11100.0000', '45.0000', '0.0010', 'sell', 1461725680, 1461832968, 1),
(762, 72, 29, 0, '0.8000', '10.0000', '10.0000', '0.0010', 'buy', 1461726088, 1461726088, 2),
(763, 72, 29, 0, '0.8000', '10.0000', '10.0000', '0.0010', 'buy', 1461726100, 1461726100, 2),
(764, 72, 29, 0, '0.8000', '10.0000', '10.0000', '0.0010', 'buy', 1461726111, 1461726111, 2),
(765, 72, 29, 0, '0.8000', '10.0000', '10.0000', '0.0010', 'buy', 1461726123, 1461726123, 2),
(766, 72, 29, 0, '0.6000', '1000.0000', '20.9500', '0.0010', 'buy', 1461726147, 1461726169, 1),
(767, 72, 29, 0, '0.6000', '10.0000', '10.0000', '0.0010', 'sell', 1461726158, 1461726158, 2),
(768, 72, 29, 0, '0.6000', '10.9500', '10.9500', '0.0010', 'sell', 1461726169, 1461726169, 2),
(769, 75, 29, 0, '0.8000', '5.0000', '5.0000', '0.0010', 'buy', 1461832968, 1461832968, 2),
(770, 79, 25, 0, '0.1000', '20000.0000', '0.0000', '0.0010', 'buy', 1464375849, 0, 0),
(771, 79, 25, 0, '0.1000', '2000.0000', '0.0000', '0.0010', 'buy', 1464375865, 0, -1),
(772, 79, 25, 0, '0.1000', '50000.0000', '0.0000', '0.0010', 'buy', 1464375889, 0, 0),
(773, 75, 25, 0, '0.2000', '20000.0000', '20000.0000', '0.0010', 'buy', 1464427605, 1464428800, 2),
(774, 75, 25, 0, '0.2000', '10000.0000', '10000.0000', '0.0010', 'sell', 1464428502, 1464428502, 2),
(775, 75, 25, 0, '0.2000', '5000.0000', '5000.0000', '0.0010', 'sell', 1464428530, 1464428530, 2),
(776, 75, 25, 0, '0.2000', '5000.0000', '5000.0000', '0.0010', 'sell', 1464428800, 1464428800, 2),
(777, 75, 25, 0, '0.3000', '5000.0000', '5000.0000', '0.0010', 'sell', 1464428830, 1464429465, 2),
(778, 80, 25, 0, '0.4000', '5000.0000', '5000.0000', '0.0010', 'sell', 1464429346, 1464429465, 2),
(779, 75, 25, 0, '0.2000', '30000.0000', '0.0000', '0.0010', 'buy', 1464429353, 0, 0),
(780, 75, 25, 0, '0.4000', '100000.0000', '10000.0000', '0.0010', 'buy', 1464429465, 1464429465, 1),
(781, 80, 25, 0, '1.0000', '10000.0000', '10000.0000', '0.0010', 'sell', 1464429518, 1464429519, 2),
(782, 75, 25, 0, '1.0000', '10000.0000', '10000.0000', '0.0010', 'buy', 1464429519, 1464429519, 2),
(783, 75, 25, 0, '1.0000', '8000.0000', '0.0000', '0.0010', 'buy', 1464429565, 0, 0),
(784, 75, 25, 0, '0.9000', '10000.0000', '0.0000', '0.0010', 'buy', 1464429652, 0, 0),
(785, 80, 25, 0, '2.0000', '10000.0000', '10000.0000', '0.0010', 'sell', 1464429653, 1464429758, 2),
(786, 75, 25, 0, '1.0000', '50000.0000', '43851.0000', '0.0010', 'buy', 1464429694, 1464437133, 1),
(787, 80, 25, 0, '3.0000', '10000.0000', '10000.0000', '0.0010', 'sell', 1464429727, 1464429783, 2),
(788, 75, 25, 0, '2.0000', '10000.0000', '10000.0000', '0.0010', 'buy', 1464429758, 1464429758, 2),
(789, 75, 25, 0, '3.0000', '10000.0000', '10000.0000', '0.0010', 'buy', 1464429783, 1464429783, 2),
(790, 80, 25, 0, '0.5000', '10000.0000', '0.0000', '0.0010', 'buy', 1464429892, 0, -1),
(791, 75, 25, 0, '1.0000', '10000.0000', '10000.0000', '0.0010', 'sell', 1464429921, 1464429921, 2),
(792, 75, 31, 0, '0.1000', '10000.0000', '10000.0000', '0.0200', 'buy', 1464430034, 1464430112, 2),
(793, 75, 31, 0, '0.1000', '20000.0000', '1000.0000', '0.0200', 'buy', 1464430091, 1464430118, 1),
(794, 80, 31, 0, '0.1000', '10000.0000', '10000.0000', '0.0200', 'sell', 1464430112, 1464430112, 2),
(795, 75, 31, 0, '0.1000', '1000.0000', '1000.0000', '0.0200', 'sell', 1464430118, 1464430118, 2),
(796, 81, 25, 0, '1.0000', '2000.0000', '2000.0000', '0.0010', 'sell', 1464436175, 1464436175, 2),
(797, 81, 25, 0, '1.0000', '3000.0000', '3000.0000', '0.0010', 'sell', 1464436260, 1464436260, 2),
(798, 81, 25, 0, '1.0000', '2000.0000', '2000.0000', '0.0010', 'buy', 1464436455, 1464436758, 2),
(799, 81, 25, 0, '1.0000', '10000.0000', '10000.0000', '0.0010', 'buy', 1464436484, 1464436758, 2),
(800, 81, 25, 0, '1.0000', '6000.0000', '6000.0000', '0.0010', 'sell', 1464436509, 1464436509, 2),
(801, 81, 25, 0, '1.0000', '1000.0000', '1000.0000', '0.0010', 'sell', 1464436551, 1464436551, 2),
(802, 81, 25, 0, '1.0000', '100000.0000', '100000.0000', '0.0010', 'buy', 1464436627, 1464436758, 2),
(803, 80, 25, 0, '1.0000', '1.0000', '1.0000', '0.0010', 'buy', 1464436700, 1464436757, 2),
(804, 80, 25, 0, '1.0000', '121618.0000', '121618.0000', '0.0010', 'sell', 1464436757, 1464436758, 2),
(805, 80, 25, 0, '2.0000', '10000.0000', '10000.0000', '0.0010', 'sell', 1464436861, 1464436920, 2),
(806, 80, 25, 0, '201.0000', '123.0000', '0.0000', '0.0010', 'sell', 1464436880, 0, 0),
(807, 81, 25, 0, '2.0000', '10000.0000', '10000.0000', '0.0010', 'buy', 1464436920, 1464436920, 2),
(808, 80, 25, 0, '11.0000', '1000.0000', '1000.0000', '0.0010', 'sell', 1464436962, 1466537524, 2),
(809, 80, 25, 0, '104.0000', '1234.0000', '0.0000', '0.0010', 'sell', 1464436979, 0, 0),
(810, 80, 25, 0, '105.0000', '1345.0000', '0.0000', '0.0010', 'sell', 1464437000, 0, 0),
(811, 80, 25, 0, '110.0000', '123.0000', '0.0000', '0.0010', 'sell', 1464437038, 0, 0),
(812, 80, 25, 0, '12.0000', '1234.0000', '1234.0000', '0.0010', 'sell', 1464437061, 1466737808, 2),
(813, 80, 25, 0, '12.0000', '123.0000', '123.0000', '0.0010', 'sell', 1464437090, 1466737808, 2),
(814, 80, 25, 0, '1.0000', '12234.0000', '12234.0000', '0.0010', 'sell', 1464437133, 1464437133, 2),
(815, 81, 25, 0, '1.0000', '1000.0000', '0.0000', '0.0010', 'buy', 1464437198, 0, 0),
(816, 84, 25, 0, '1.0000', '50000.0000', '0.0000', '0.0010', 'buy', 1466477551, 0, 0),
(817, 84, 25, 0, '1.0000', '1111.0000', '111.0000', '0.0010', 'buy', 1466477643, 1466477748, 1),
(818, 84, 25, 0, '1.0000', '111.0000', '111.0000', '0.0010', 'sell', 1466477747, 1466477748, 2),
(819, 84, 25, 0, '11.0000', '11111.0000', '11111.0000', '0.0010', 'sell', 1466477808, 1466537554, 2),
(820, 72, 25, 0, '11.0000', '100.0000', '100.0000', '0.0010', 'buy', 1466537490, 1466537490, 2),
(821, 72, 25, 0, '11.0000', '1000.0000', '1000.0000', '0.0010', 'buy', 1466537524, 1466537524, 2),
(822, 72, 25, 0, '11.0000', '11011.0000', '11011.0000', '0.0010', 'buy', 1466537554, 1466537554, 2),
(823, 91, 25, 0, '13.3800', '500.0000', '12.0000', '0.0010', 'sell', 1466737755, 1467301548, 1),
(824, 91, 25, 0, '12.0000', '30.0000', '30.0000', '0.0010', 'buy', 1466737794, 1466737794, 2),
(825, 91, 25, 0, '12.0000', '2000.0000', '1327.0000', '0.0010', 'buy', 1466737808, 1466737808, 1),
(826, 93, 25, 0, '13.3800', '2.0000', '2.0000', '0.0010', 'buy', 1466785559, 1466785559, 2),
(827, 96, 26, 0, '1.0000', '5000.0000', '0.0000', '0.0010', 'buy', 1466928897, 0, 0),
(828, 97, 26, 0, '10.0000', '1000.0000', '0.0000', '0.0010', 'sell', 1467007613, 0, 0),
(829, 103, 25, 0, '13.0000', '10.0000', '0.0000', '0.0020', 'buy', 1467301527, 0, 0),
(830, 103, 25, 0, '13.3800', '10.0000', '10.0000', '0.0020', 'buy', 1467301548, 1467301548, 2),
(831, 106, 27, 0, '1.0000', '100.0000', '0.0000', '0.0010', 'buy', 1467365534, 0, 0),
(832, 106, 27, 0, '1.1000', '290.0000', '290.0000', '0.0010', 'sell', 1467365663, 1467365764, 2),
(833, 106, 27, 0, '1.3000', '1000.0000', '1000.0000', '0.0010', 'sell', 1467365685, 1467365782, 2),
(834, 106, 27, 0, '1.1000', '200.0000', '200.0000', '0.0010', 'buy', 1467365705, 1467365705, 2),
(835, 106, 27, 0, '1.3000', '1000.0000', '1000.0000', '0.0010', 'buy', 1467365764, 1467365764, 2),
(836, 106, 27, 0, '1.3000', '90.0000', '90.0000', '0.0010', 'buy', 1467365782, 1467365782, 2),
(837, 106, 27, 0, '3.0000', '2000.0000', '2000.0000', '0.0010', 'sell', 1467365802, 1467365817, 2),
(838, 106, 27, 0, '3.0000', '2000.0000', '2000.0000', '0.0010', 'buy', 1467365817, 1467365817, 2),
(839, 106, 27, 0, '5.0000', '5000.0000', '5000.0000', '0.0010', 'sell', 1467365834, 1467365846, 2),
(840, 106, 27, 0, '5.0000', '5000.0000', '5000.0000', '0.0010', 'buy', 1467365846, 1467365846, 2),
(841, 106, 27, 0, '10.0000', '10000.0000', '10000.0000', '0.0010', 'buy', 1467365902, 1467365915, 2),
(842, 106, 27, 0, '10.0000', '10000.0000', '10000.0000', '0.0010', 'sell', 1467365915, 1467365915, 2),
(843, 106, 27, 0, '12.0000', '30000.0000', '30000.0000', '0.0010', 'sell', 1467366188, 1467366471, 2),
(844, 106, 27, 0, '13.0000', '5000.0000', '0.0000', '0.0010', 'sell', 1467366208, 0, 0),
(845, 106, 27, 0, '12.0000', '10000.0000', '10000.0000', '0.0010', 'buy', 1467366222, 1467366222, 2),
(846, 106, 27, 0, '15.0000', '10000.0000', '0.0000', '0.0010', 'sell', 1467366384, 0, 0),
(847, 106, 27, 0, '12.0000', '10000.0000', '10000.0000', '0.0010', 'buy', 1467366398, 1467366398, 2),
(848, 106, 27, 0, '12.0000', '10000.0000', '10000.0000', '0.0010', 'buy', 1467366471, 1467366471, 2);

-- --------------------------------------------------------

--
-- 表的结构 `yang_pay`
--

CREATE TABLE `yang_pay` (
  `pay_id` int(32) NOT NULL COMMENT '充值表',
  `member_name` varchar(32) NOT NULL COMMENT '汇款人',
  `add_time` int(32) NOT NULL,
  `status` tinyint(4) NOT NULL,
  `account` varchar(128) NOT NULL COMMENT '汇出银行账号',
  `type` int(4) NOT NULL COMMENT '1是银行   2是支付宝 ,3管理员充值',
  `money` int(64) NOT NULL COMMENT '要充值钱数',
  `count` float(64,4) NOT NULL COMMENT '总量，等于充值数+手续费',
  `currency_id` int(32) DEFAULT '0',
  `member_id` varchar(32) NOT NULL
) ENGINE=InnoDB DEFAULT CHARSET=utf8;

--
-- 转存表中的数据 `yang_pay`
--

INSERT INTO `yang_pay` (`pay_id`, `member_name`, `add_time`, `status`, `account`, `type`, `money`, `count`, `currency_id`, `member_id`) VALUES
(1, '姜鹏', 1458965067, 1, '2147483647', 1, 1000, 1006.6600, 0, '59'),
(2, '姜鹏', 1459142515, 1, '2147483647', 1, 6000, 6010.0098, 0, '59'),
(16, '', 0, 1, '', 3, 2000, 0.0000, 0, '59'),
(17, '姜鹏', 1459825141, 0, '665887878787578', 1, 600, 610.8400, 0, '59'),
(18, '我我14141', 1460024910, 0, '55555555145454655', 1, 10000, 10010.5400, 0, '59'),
(19, '', 1460032830, 1, '', 3, 500, 0.0000, 0, '59'),
(20, '', 1460086516, 1, '', 3, 500, 0.0000, 27, '65'),
(21, '', 1460086551, 1, '', 3, 1000, 0.0000, 26, '59'),
(22, '我我14141', 1460349599, 1, '', 3, 1000, 0.0000, 0, '59'),
(23, '我我14141', 1460349612, 1, '', 3, 1111, 0.0000, 0, '59'),
(24, '我我14141', 1460349639, 1, '', 3, 2222, 0.0000, 0, '59'),
(25, '我我14141', 1460350077, 1, '', 3, 888, 0.0000, 0, '59'),
(26, '我我14141', 1460350099, 1, '', 3, 50, 0.0000, 26, '59'),
(27, '我我14141', 1461228938, 1, '', 3, 5000, 0.0000, 26, '59'),
(28, '我我14141', 1461228959, 1, '', 3, 1000, 0.0000, 27, '59'),
(29, '哈哈', 1461421868, 1, '', 3, 1000, 0.0000, 0, '71'),
(30, '哈哈', 1461421886, 1, '', 3, 1000, 0.0000, 25, '71'),
(31, '哈哈', 1461719186, 1, '121321321323123', 1, 500, 510.5400, 0, '71'),
(32, '天地英雄', 1461724641, 1, '111111111111', 1, 21212, 21222.9297, 0, '72'),
(33, '霖夺', 1461832433, 1, '52100268889998874', 1, 2000, 2010.3000, 0, '75'),
(34, '我我14141', 1461833304, 1, '', 3, 200, 0.0000, 0, '59'),
(35, '霖夺', 1461848109, 0, '111111111111111111', 1, 1000, 1010.1500, 0, '75'),
(36, '你说', 1464374872, 1, '13344556655', 1, 500, 500.1900, 0, '79'),
(37, '你说', 1464374981, 1, '13344336655', 1, 3333, 3333.9600, 0, '79'),
(38, '你说', 1464375026, 1, '136444814713', 1, 20000, 20000.9199, 0, '79'),
(39, '霖夺', 1464427494, 1, '13644556655', 1, 50000, 50000.6992, 0, '75'),
(40, '霖夺', 1464428456, 1, '', 3, 20000, 0.0000, 25, '75'),
(41, '霖夺', 1464429203, 1, '', 3, 5000000, 0.0000, 0, '75'),
(42, '', 1464429319, 1, '', 3, 5014000, 0.0000, 0, '80'),
(43, '', 1464429541, 1, '', 3, 651130000, 0.0000, 0, '81'),
(44, '万海军', 1466276127, 0, '656973451@qq.com', 1, 100, 100.7100, 0, '83'),
(45, '', 1466477521, 1, '', 3, 1111111, 0.0000, 0, '84'),
(46, '', 1466477700, 1, '', 3, 1111111111, 0.0000, 0, '84'),
(47, '', 1466477744, 1, '', 3, 1111111111, 0.0000, 25, '84'),
(51, '', 1466477796, 1, '', 3, 1111111, 0.0000, 25, '84'),
(53, '利息', 1466478405, 0, '111111111111', 1, 3333, 3333.3201, 0, '84'),
(54, '利息', 1466478580, 0, '111111111111', 1, 3333, 3333.8899, 0, '84'),
(55, '测试', 1466490416, 1, '', 3, 100000, 0.0000, 28, '85'),
(56, '测试', 1466513203, 1, '', 3, 125125152, 0.0000, 0, '85'),
(57, '', 1466756845, 1, '', 3, 100, 0.0000, 0, '93'),
(58, '张易余', 1466928368, 1, '4566523235532', 1, 11000, 11000.8203, 0, '96'),
(59, '张小小', 1467365262, 1, '112223452342431', 1, 10000, 10000.1504, 0, '106');

-- --------------------------------------------------------

--
-- 表的结构 `yang_position`
--

CREATE TABLE `yang_position` (
  `position_id` int(32) NOT NULL,
  `position_name` varchar(128) NOT NULL
) ENGINE=MyISAM DEFAULT CHARSET=utf8;

--
-- 转存表中的数据 `yang_position`
--

INSERT INTO `yang_position` (`position_id`, `position_name`) VALUES
(1, '首页左侧导航banner');

-- --------------------------------------------------------

--
-- 表的结构 `yang_qianbao_address`
--

CREATE TABLE `yang_qianbao_address` (
  `id` int(32) NOT NULL,
  `user_id` int(32) NOT NULL,
  `name` varchar(32) NOT NULL COMMENT '姓名',
  `qianbao_url` varchar(128) NOT NULL COMMENT '钱包地址',
  `status` tinyint(4) NOT NULL,
  `add_time` int(10) NOT NULL,
  `currency_id` int(10) NOT NULL
) ENGINE=MyISAM DEFAULT CHARSET=utf8 ROW_FORMAT=DYNAMIC;

--
-- 转存表中的数据 `yang_qianbao_address`
--

INSERT INTO `yang_qianbao_address` (`id`, `user_id`, `name`, `qianbao_url`, `status`, `add_time`, `currency_id`) VALUES
(1, 71, 'ziji', '6kUoy5nnppJx5vRfm8KgcsYZhQUEyRdmzp', 1, 1462114550, 30);

-- --------------------------------------------------------

--
-- 表的结构 `yang_tibi`
--

CREATE TABLE `yang_tibi` (
  `id` int(10) NOT NULL,
  `user_id` int(10) NOT NULL,
  `url` varchar(128) NOT NULL,
  `name` varchar(32) NOT NULL,
  `add_time` int(10) NOT NULL,
  `num` decimal(20,8) NOT NULL,
  `status` tinyint(4) NOT NULL COMMENT '0为提币中 1为提币成功  2为充值中 3位充值成功',
  `ti_id` varchar(128) NOT NULL,
  `check_time` int(10) NOT NULL,
  `currency_id` int(10) NOT NULL,
  `fee` decimal(10,4) NOT NULL,
  `actual` decimal(10,4) NOT NULL DEFAULT '0.0000'
) ENGINE=MyISAM DEFAULT CHARSET=utf8 ROW_FORMAT=DYNAMIC;

--
-- 转存表中的数据 `yang_tibi`
--

INSERT INTO `yang_tibi` (`id`, `user_id`, `url`, `name`, `add_time`, `num`, `status`, `ti_id`, `check_time`, `currency_id`, `fee`, `actual`) VALUES
(1, 71, '6gK571wbyMWN93jYRgc4NxGHjk84RGuPXC', 'admin@qq.com', 1462114128, '1.00000000', 3, '571d4e2a403d69f69a36d6304940caafd1969deb8f77e02c7947444a9fe3e030', 1462114128, 30, '0.0000', '0.0000');

-- --------------------------------------------------------

--
-- 表的结构 `yang_trade`
--

CREATE TABLE `yang_trade` (
  `trade_id` int(32) NOT NULL COMMENT '交易表 交易表的id',
  `trade_no` varchar(32) NOT NULL COMMENT '订单号',
  `member_id` int(10) NOT NULL COMMENT '买家uid即member_id',
  `currency_id` int(10) NOT NULL COMMENT '货币id',
  `currency_trade_id` int(10) NOT NULL,
  `price` decimal(20,4) NOT NULL COMMENT '价格',
  `num` decimal(20,4) NOT NULL COMMENT '数量',
  `money` decimal(20,4) NOT NULL,
  `fee` decimal(20,4) NOT NULL COMMENT '手续费',
  `type` char(10) NOT NULL COMMENT 'buy 或sell',
  `add_time` int(10) NOT NULL COMMENT '成交时间 （添加表的时间）',
  `status` tinyint(4) NOT NULL
) ENGINE=MyISAM DEFAULT CHARSET=utf8;

--
-- 转存表中的数据 `yang_trade`
--

INSERT INTO `yang_trade` (`trade_id`, `trade_no`, `member_id`, `currency_id`, `currency_trade_id`, `price`, `num`, `money`, `fee`, `type`, `add_time`, `status`) VALUES
(328, 'T1461326771', 59, 26, 0, '2.0000', '1.0000', '2.0000', '0.0020', 'sell', 1461326771, 0),
(329, 'T1461326771', 59, 26, 0, '2.0000', '1.0000', '2.0000', '0.0020', 'buy', 1461326771, 0),
(330, 'T1461327560', 60, 26, 0, '1.0000', '1.0000', '1.0000', '0.0010', 'buy', 1461327560, 0),
(331, 'T1461327560', 60, 26, 0, '1.0000', '1.0000', '1.0000', '0.0010', 'sell', 1461327560, 0),
(332, 'T1461327634', 59, 26, 0, '1.0000', '1.0000', '1.0000', '0.0010', 'buy', 1461327634, 0),
(333, 'T1461327634', 60, 26, 0, '1.0000', '1.0000', '1.0000', '0.0010', 'sell', 1461327634, 0),
(334, 'T1461327794', 59, 26, 0, '2.0000', '1.0000', '2.0000', '0.0020', 'sell', 1461327794, 0),
(335, 'T1461327794', 60, 26, 0, '2.0000', '1.0000', '2.0000', '0.0020', 'buy', 1461327794, 0),
(336, 'T1461422119', 71, 25, 0, '1.0000', '999.0000', '999.0000', '0.9990', 'buy', 1461422119, 0),
(337, 'T1461422119', 71, 25, 0, '1.0000', '999.0000', '999.0000', '0.9990', 'sell', 1461422119, 0),
(338, 'T1461422187', 71, 25, 0, '1.0000', '1.0000', '1.0000', '0.0010', 'buy', 1461422187, 0),
(339, 'T1461422187', 71, 25, 0, '1.0000', '1.0000', '1.0000', '0.0010', 'sell', 1461422187, 0),
(340, 'T1461422187', 71, 25, 0, '2.0000', '1.0000', '2.0000', '0.0020', 'buy', 1461422187, 0),
(341, 'T1461422187', 71, 25, 0, '2.0000', '1.0000', '2.0000', '0.0020', 'sell', 1461422187, 0),
(342, 'T1461422234', 71, 25, 0, '10.0000', '1.0000', '10.0000', '0.0100', 'sell', 1461422234, 0),
(343, 'T1461422234', 71, 25, 0, '10.0000', '1.0000', '10.0000', '0.0100', 'buy', 1461422234, 0),
(344, 'T1461422270', 71, 25, 0, '100.0000', '1.0000', '100.0000', '0.1000', 'buy', 1461422270, 0),
(345, 'T1461422270', 71, 25, 0, '100.0000', '1.0000', '100.0000', '0.1000', 'sell', 1461422270, 0),
(346, 'T1461726089', 72, 29, 0, '0.8000', '10.0000', '8.0000', '0.0080', 'buy', 1461726089, 0),
(347, 'T1461726089', 72, 29, 0, '0.8000', '10.0000', '8.0000', '0.0080', 'sell', 1461726089, 0),
(348, 'T1461726100', 72, 29, 0, '0.8000', '10.0000', '8.0000', '0.0080', 'buy', 1461726100, 0),
(349, 'T1461726100', 72, 29, 0, '0.8000', '10.0000', '8.0000', '0.0080', 'sell', 1461726100, 0),
(350, 'T1461726111', 72, 29, 0, '0.8000', '10.0000', '8.0000', '0.0080', 'buy', 1461726111, 0),
(351, 'T1461726111', 72, 29, 0, '0.8000', '10.0000', '8.0000', '0.0080', 'sell', 1461726111, 0),
(352, 'T1461726123', 72, 29, 0, '0.8000', '10.0000', '8.0000', '0.0080', 'buy', 1461726123, 0),
(353, 'T1461726123', 72, 29, 0, '0.8000', '10.0000', '8.0000', '0.0080', 'sell', 1461726123, 0),
(354, 'T1461726158', 72, 29, 0, '0.6000', '10.0000', '6.0000', '0.0060', 'sell', 1461726158, 0),
(355, 'T1461726158', 72, 29, 0, '0.6000', '10.0000', '6.0000', '0.0060', 'buy', 1461726158, 0),
(356, 'T1461726169', 72, 29, 0, '0.6000', '10.9500', '6.5700', '0.0066', 'sell', 1461726169, 0),
(357, 'T1461726169', 72, 29, 0, '0.6000', '10.9500', '6.5700', '0.0066', 'buy', 1461726169, 0),
(358, 'T1461832968', 75, 29, 0, '0.8000', '5.0000', '4.0000', '0.0040', 'buy', 1461832968, 0),
(359, 'T1461832969', 72, 29, 0, '0.8000', '5.0000', '4.0000', '0.0040', 'sell', 1461832969, 0),
(360, 'T1464428502', 75, 25, 0, '0.2000', '10000.0000', '2000.0000', '2.0000', 'sell', 1464428502, 0),
(361, 'T1464428502', 75, 25, 0, '0.2000', '10000.0000', '2000.0000', '2.0000', 'buy', 1464428502, 0),
(362, 'T1464428530', 75, 25, 0, '0.2000', '5000.0000', '1000.0000', '1.0000', 'sell', 1464428530, 0),
(363, 'T1464428530', 75, 25, 0, '0.2000', '5000.0000', '1000.0000', '1.0000', 'buy', 1464428530, 0),
(364, 'T1464428800', 75, 25, 0, '0.2000', '5000.0000', '1000.0000', '1.0000', 'sell', 1464428800, 0),
(365, 'T1464428800', 75, 25, 0, '0.2000', '5000.0000', '1000.0000', '1.0000', 'buy', 1464428800, 0),
(366, 'T1464429465', 75, 25, 0, '0.3000', '5000.0000', '1500.0000', '1.5000', 'buy', 1464429465, 0),
(367, 'T1464429465', 75, 25, 0, '0.3000', '5000.0000', '1500.0000', '1.5000', 'sell', 1464429465, 0),
(368, 'T1464429465', 75, 25, 0, '0.4000', '5000.0000', '2000.0000', '2.0000', 'buy', 1464429465, 0),
(369, 'T1464429465', 80, 25, 0, '0.4000', '5000.0000', '2000.0000', '2.0000', 'sell', 1464429465, 0),
(370, 'T1464429519', 75, 25, 0, '1.0000', '10000.0000', '10000.0000', '10.0000', 'buy', 1464429519, 0),
(371, 'T1464429519', 80, 25, 0, '1.0000', '10000.0000', '10000.0000', '10.0000', 'sell', 1464429519, 0),
(372, 'T1464429758', 75, 25, 0, '2.0000', '10000.0000', '20000.0000', '20.0000', 'buy', 1464429758, 0),
(373, 'T1464429758', 80, 25, 0, '2.0000', '10000.0000', '20000.0000', '20.0000', 'sell', 1464429758, 0),
(374, 'T1464429783', 75, 25, 0, '3.0000', '10000.0000', '30000.0000', '30.0000', 'buy', 1464429783, 0),
(375, 'T1464429783', 80, 25, 0, '3.0000', '10000.0000', '30000.0000', '30.0000', 'sell', 1464429783, 0),
(376, 'T1464429921', 75, 25, 0, '1.0000', '10000.0000', '10000.0000', '10.0000', 'sell', 1464429921, 0),
(377, 'T1464429921', 75, 25, 0, '1.0000', '10000.0000', '10000.0000', '10.0000', 'buy', 1464429921, 0),
(378, 'T1464430112', 80, 31, 0, '0.1000', '10000.0000', '1000.0000', '20.0000', 'sell', 1464430112, 0),
(379, 'T1464430112', 75, 31, 0, '0.1000', '10000.0000', '1000.0000', '20.0000', 'buy', 1464430112, 0),
(380, 'T1464430118', 75, 31, 0, '0.1000', '1000.0000', '100.0000', '2.0000', 'sell', 1464430118, 0),
(381, 'T1464430118', 75, 31, 0, '0.1000', '1000.0000', '100.0000', '2.0000', 'buy', 1464430118, 0),
(382, 'T1464436175', 81, 25, 0, '1.0000', '2000.0000', '2000.0000', '2.0000', 'sell', 1464436175, 0),
(383, 'T1464436175', 75, 25, 0, '1.0000', '2000.0000', '2000.0000', '2.0000', 'buy', 1464436175, 0),
(384, 'T1464436260', 81, 25, 0, '1.0000', '3000.0000', '3000.0000', '3.0000', 'sell', 1464436260, 0),
(385, 'T1464436260', 75, 25, 0, '1.0000', '3000.0000', '3000.0000', '3.0000', 'buy', 1464436260, 0),
(386, 'T1464436510', 81, 25, 0, '1.0000', '6000.0000', '6000.0000', '6.0000', 'sell', 1464436510, 0),
(387, 'T1464436510', 81, 25, 0, '1.0000', '6000.0000', '6000.0000', '6.0000', 'buy', 1464436510, 0),
(388, 'T1464436551', 81, 25, 0, '1.0000', '1000.0000', '1000.0000', '1.0000', 'sell', 1464436551, 0),
(389, 'T1464436551', 81, 25, 0, '1.0000', '1000.0000', '1000.0000', '1.0000', 'buy', 1464436551, 0),
(390, 'T1464436758', 80, 25, 0, '1.0000', '1.0000', '1.0000', '0.0010', 'sell', 1464436758, 0),
(391, 'T1464436758', 80, 25, 0, '1.0000', '1.0000', '1.0000', '0.0010', 'buy', 1464436758, 0),
(392, 'T1464436758', 80, 25, 0, '1.0000', '100000.0000', '100000.0000', '100.0000', 'sell', 1464436758, 0),
(393, 'T1464436758', 81, 25, 0, '1.0000', '100000.0000', '100000.0000', '100.0000', 'buy', 1464436758, 0),
(394, 'T1464436758', 80, 25, 0, '1.0000', '3000.0000', '3000.0000', '3.0000', 'sell', 1464436758, 0),
(395, 'T1464436758', 81, 25, 0, '1.0000', '3000.0000', '3000.0000', '3.0000', 'buy', 1464436758, 0),
(396, 'T1464436758', 80, 25, 0, '1.0000', '2000.0000', '2000.0000', '2.0000', 'sell', 1464436758, 0),
(397, 'T1464436758', 81, 25, 0, '1.0000', '2000.0000', '2000.0000', '2.0000', 'buy', 1464436758, 0),
(398, 'T1464436758', 80, 25, 0, '1.0000', '16617.0000', '16617.0000', '16.6170', 'sell', 1464436758, 0),
(399, 'T1464436758', 75, 25, 0, '1.0000', '16617.0000', '16617.0000', '16.6170', 'buy', 1464436758, 0),
(400, 'T1464436920', 81, 25, 0, '2.0000', '10000.0000', '20000.0000', '20.0000', 'buy', 1464436920, 0),
(401, 'T1464436920', 80, 25, 0, '2.0000', '10000.0000', '20000.0000', '20.0000', 'sell', 1464436920, 0),
(402, 'T1464437134', 80, 25, 0, '1.0000', '12234.0000', '12234.0000', '12.2340', 'sell', 1464437134, 0),
(403, 'T1464437134', 75, 25, 0, '1.0000', '12234.0000', '12234.0000', '12.2340', 'buy', 1464437134, 0),
(404, 'T1466477748', 84, 25, 0, '1.0000', '111.0000', '111.0000', '0.1110', 'sell', 1466477748, 0),
(405, 'T1466477749', 84, 25, 0, '1.0000', '111.0000', '111.0000', '0.1110', 'buy', 1466477749, 0),
(406, 'T1466537490', 72, 25, 0, '11.0000', '100.0000', '1100.0000', '1.1000', 'buy', 1466537490, 0),
(407, 'T1466537490', 80, 25, 0, '11.0000', '100.0000', '1100.0000', '1.1000', 'sell', 1466537490, 0),
(408, 'T1466537524', 72, 25, 0, '11.0000', '900.0000', '9900.0000', '9.9000', 'buy', 1466537524, 0),
(409, 'T1466537524', 80, 25, 0, '11.0000', '900.0000', '9900.0000', '9.9000', 'sell', 1466537524, 0),
(410, 'T1466537524', 72, 25, 0, '11.0000', '100.0000', '1100.0000', '1.1000', 'buy', 1466537524, 0),
(411, 'T1466537524', 84, 25, 0, '11.0000', '100.0000', '1100.0000', '1.1000', 'sell', 1466537524, 0),
(412, 'T1466537554', 72, 25, 0, '11.0000', '11011.0000', '121121.0000', '121.1210', 'buy', 1466537554, 0),
(413, 'T1466537554', 84, 25, 0, '11.0000', '11011.0000', '121121.0000', '121.1210', 'sell', 1466537554, 0),
(414, 'T1466737795', 91, 25, 0, '12.0000', '30.0000', '360.0000', '0.3600', 'buy', 1466737795, 0),
(415, 'T1466737795', 80, 25, 0, '12.0000', '30.0000', '360.0000', '0.3600', 'sell', 1466737795, 0),
(416, 'T1466737808', 91, 25, 0, '12.0000', '1204.0000', '14448.0000', '14.4480', 'buy', 1466737808, 0),
(417, 'T1466737808', 80, 25, 0, '12.0000', '1204.0000', '14448.0000', '14.4480', 'sell', 1466737808, 0),
(418, 'T1466737808', 91, 25, 0, '12.0000', '123.0000', '1476.0000', '1.4760', 'buy', 1466737808, 0),
(419, 'T1466737808', 80, 25, 0, '12.0000', '123.0000', '1476.0000', '1.4760', 'sell', 1466737808, 0),
(420, 'T1466785559', 93, 25, 0, '13.3800', '2.0000', '26.7600', '0.0268', 'buy', 1466785559, 0),
(421, 'T1466785559', 91, 25, 0, '13.3800', '2.0000', '26.7600', '0.0268', 'sell', 1466785559, 0),
(422, 'T1467301548', 103, 25, 0, '13.3800', '10.0000', '133.8000', '0.2676', 'buy', 1467301548, 0),
(423, 'T1467301549', 91, 25, 0, '13.3800', '10.0000', '133.8000', '0.2676', 'sell', 1467301549, 0),
(424, 'T1467365705', 106, 27, 0, '1.1000', '200.0000', '220.0000', '0.2200', 'buy', 1467365705, 0),
(425, 'T1467365706', 106, 27, 0, '1.1000', '200.0000', '220.0000', '0.2200', 'sell', 1467365706, 0),
(426, 'T1467365764', 106, 27, 0, '1.1000', '90.0000', '99.0000', '0.0990', 'buy', 1467365764, 0),
(427, 'T1467365764', 106, 27, 0, '1.1000', '90.0000', '99.0000', '0.0990', 'sell', 1467365764, 0),
(428, 'T1467365764', 106, 27, 0, '1.3000', '910.0000', '1183.0000', '1.1830', 'buy', 1467365764, 0),
(429, 'T1467365764', 106, 27, 0, '1.3000', '910.0000', '1183.0000', '1.1830', 'sell', 1467365764, 0),
(430, 'T1467365782', 106, 27, 0, '1.3000', '90.0000', '117.0000', '0.1170', 'buy', 1467365782, 0),
(431, 'T1467365782', 106, 27, 0, '1.3000', '90.0000', '117.0000', '0.1170', 'sell', 1467365782, 0),
(432, 'T1467365817', 106, 27, 0, '3.0000', '2000.0000', '6000.0000', '6.0000', 'buy', 1467365817, 0),
(433, 'T1467365817', 106, 27, 0, '3.0000', '2000.0000', '6000.0000', '6.0000', 'sell', 1467365817, 0),
(434, 'T1467365846', 106, 27, 0, '5.0000', '5000.0000', '25000.0000', '25.0000', 'buy', 1467365846, 0),
(435, 'T1467365846', 106, 27, 0, '5.0000', '5000.0000', '25000.0000', '25.0000', 'sell', 1467365846, 0),
(436, 'T1467365915', 106, 27, 0, '10.0000', '10000.0000', '100000.0000', '100.0000', 'sell', 1467365915, 0),
(437, 'T1467365915', 106, 27, 0, '10.0000', '10000.0000', '100000.0000', '100.0000', 'buy', 1467365915, 0),
(438, 'T1467366222', 106, 27, 0, '12.0000', '10000.0000', '120000.0000', '120.0000', 'buy', 1467366222, 0),
(439, 'T1467366222', 106, 27, 0, '12.0000', '10000.0000', '120000.0000', '120.0000', 'sell', 1467366222, 0),
(440, 'T1467366398', 106, 27, 0, '12.0000', '10000.0000', '120000.0000', '120.0000', 'buy', 1467366398, 0),
(441, 'T1467366398', 106, 27, 0, '12.0000', '10000.0000', '120000.0000', '120.0000', 'sell', 1467366398, 0),
(442, 'T1467366471', 106, 27, 0, '12.0000', '10000.0000', '120000.0000', '120.0000', 'buy', 1467366471, 0),
(443, 'T1467366471', 106, 27, 0, '12.0000', '10000.0000', '120000.0000', '120.0000', 'sell', 1467366471, 0);

-- --------------------------------------------------------

--
-- 表的结构 `yang_website_bank`
--

CREATE TABLE `yang_website_bank` (
  `bank_id` int(11) NOT NULL,
  `bank_name` varchar(125) NOT NULL,
  `bank_adddress` varchar(252) NOT NULL,
  `bank_no` varchar(32) NOT NULL,
  `status` tinyint(1) NOT NULL
) ENGINE=MyISAM DEFAULT CHARSET=utf8;

-- --------------------------------------------------------

--
-- 表的结构 `yang_withdraw`
--

CREATE TABLE `yang_withdraw` (
  `withdraw_id` int(32) NOT NULL COMMENT '提现表',
  `uid` int(32) NOT NULL COMMENT '用户id',
  `all_money` decimal(10,2) NOT NULL COMMENT '全部价格',
  `withdraw_fee` decimal(10,2) NOT NULL COMMENT '手续费',
  `money` decimal(10,2) NOT NULL COMMENT '实际价格',
  `add_time` int(10) NOT NULL COMMENT '添加时间',
  `order_num` varchar(32) NOT NULL COMMENT '订单号',
  `check_time` int(10) NOT NULL COMMENT '审核时间',
  `admin_uid` int(32) NOT NULL COMMENT '审核操作人(管理员）',
  `bank_id` int(32) NOT NULL,
  `status` tinyint(4) NOT NULL DEFAULT '3' COMMENT '1不通过2通过3审核中'
) ENGINE=MyISAM DEFAULT CHARSET=utf8;

--
-- 转存表中的数据 `yang_withdraw`
--

INSERT INTO `yang_withdraw` (`withdraw_id`, `uid`, `all_money`, `withdraw_fee`, `money`, `add_time`, `order_num`, `check_time`, `admin_uid`, `bank_id`, `status`) VALUES
(1, 0, '123.00', '0.00', '123.00', 1458195580, '60-1458195580', 0, 0, 1, 3),
(17, 0, '123.00', '3.69', '123.00', 1458270065, '59-1458270065', 0, 0, 17, 3),
(18, 59, '123.00', '3.69', '119.31', 1458270437, '59-1458270437', 1461832518, 1, 17, 2),
(19, 59, '123.00', '3.69', '119.31', 1458270494, '59-1458270494', 1460127506, 1, 17, 2),
(9, 0, '123.00', '0.00', '123.00', 1458196059, '60-1458196059', 0, 0, 16, 3),
(12, 0, '123.00', '0.00', '123.00', 1458204559, '60-1458204559', 1459301718, 1, 10, 3),
(13, 0, '123.00', '0.00', '123.00', 1458204601, '60-1458204601', 0, 0, 10, 3),
(14, 0, '213.00', '0.00', '213.00', 1458225111, '60-1458225111', 0, 0, 10, 3),
(15, 0, '123.00', '0.00', '123.00', 1458225147, '60-1458225147', 0, 0, 10, 3),
(16, 0, '123.00', '3.69', '123.00', 1458226415, '60-1458226415', 0, 0, 10, 3),
(20, 59, '123.00', '0.37', '122.63', 1458373311, '59-1458373311', 1460127465, 1, 17, 2),
(21, 59, '100.00', '0.30', '99.70', 1458373377, '59-1458373377', 1460127455, 1, 17, 2),
(22, 59, '123.00', '0.37', '122.63', 1458373454, '59-1458373454', 1460127452, 1, 17, 2),
(23, 59, '123.00', '0.37', '122.63', 1458373636, '59-1458373636', 1460127328, 1, 17, 2),
(24, 59, '123.00', '0.37', '122.63', 1458373637, '59-1458373637', 1460127305, 1, 17, 2),
(25, 59, '123.00', '0.37', '122.63', 1458373662, '59-1458373662', 1460127283, 1, 17, 2),
(26, 59, '123.00', '0.37', '122.63', 1458373671, '59-1458373671', 1460127240, 1, 17, 2),
(27, 59, '123.00', '0.37', '122.63', 1458374378, '59-1458374378', 1460127227, 1, 17, 2),
(28, 62, '123.00', '0.37', '122.63', 1458807258, '62-1458807258', 1460127163, 1, 18, 2),
(29, 62, '123.00', '0.37', '122.63', 1458807279, '62-1458807279', 1460127152, 1, 18, 2),
(30, 62, '123.00', '0.37', '122.63', 1458818469, '62-1458818469', 1460127009, 1, 18, 2),
(31, 62, '123.00', '0.37', '122.63', 1458821635, '62-1458821635', 1460126933, 1, 18, 2),
(32, 59, '100.00', '0.30', '99.70', 1458965298, '59-1458965298', 1460126929, 1, 17, 2),
(33, 59, '1000.00', '3.00', '997.00', 1459142211, '59-1459142211', 1460126924, 1, 17, 2);

--
-- Indexes for dumped tables
--

--
-- Indexes for table `acer_member`
--
ALTER TABLE `acer_member`
  ADD PRIMARY KEY (`member_id`);

--
-- Indexes for table `yang_admin`
--
ALTER TABLE `yang_admin`
  ADD PRIMARY KEY (`admin_id`);

--
-- Indexes for table `yang_areas`
--
ALTER TABLE `yang_areas`
  ADD PRIMARY KEY (`area_id`),
  ADD KEY `parent_id` (`parent_id`),
  ADD KEY `area_type` (`area_type`);

--
-- Indexes for table `yang_article`
--
ALTER TABLE `yang_article`
  ADD PRIMARY KEY (`article_id`);

--
-- Indexes for table `yang_article_category`
--
ALTER TABLE `yang_article_category`
  ADD PRIMARY KEY (`id`),
  ADD KEY `parent_id` (`parent_id`),
  ADD KEY `id` (`id`);

--
-- Indexes for table `yang_bank`
--
ALTER TABLE `yang_bank`
  ADD PRIMARY KEY (`id`);

--
-- Indexes for table `yang_currency`
--
ALTER TABLE `yang_currency`
  ADD PRIMARY KEY (`currency_id`),
  ADD KEY `currency_id` (`currency_id`),
  ADD KEY `currency_mark` (`currency_mark`);

--
-- Indexes for table `yang_currency_comment`
--
ALTER TABLE `yang_currency_comment`
  ADD PRIMARY KEY (`id`),
  ADD KEY `币种id` (`currency_id`);

--
-- Indexes for table `yang_currency_concern`
--
ALTER TABLE `yang_currency_concern`
  ADD PRIMARY KEY (`id`),
  ADD KEY `币种id` (`currency_id`);

--
-- Indexes for table `yang_currency_pic`
--
ALTER TABLE `yang_currency_pic`
  ADD PRIMARY KEY (`id`);

--
-- Indexes for table `yang_currency_user`
--
ALTER TABLE `yang_currency_user`
  ADD PRIMARY KEY (`cu_id`),
  ADD KEY `member_id_2` (`member_id`,`currency_id`),
  ADD KEY `cu_id` (`cu_id`,`member_id`,`currency_id`,`num`,`forzen_num`,`status`);

--
-- Indexes for table `yang_currency_voted`
--
ALTER TABLE `yang_currency_voted`
  ADD PRIMARY KEY (`id`),
  ADD KEY `币种id` (`currency_id`);

--
-- Indexes for table `yang_entrust`
--
ALTER TABLE `yang_entrust`
  ADD PRIMARY KEY (`entrust_id`);

--
-- Indexes for table `yang_examine_pwdtrade`
--
ALTER TABLE `yang_examine_pwdtrade`
  ADD PRIMARY KEY (`id`);

--
-- Indexes for table `yang_fill`
--
ALTER TABLE `yang_fill`
  ADD PRIMARY KEY (`id`);

--
-- Indexes for table `yang_finance`
--
ALTER TABLE `yang_finance`
  ADD PRIMARY KEY (`finance_id`),
  ADD KEY `种类` (`type`);

--
-- Indexes for table `yang_finance_type`
--
ALTER TABLE `yang_finance_type`
  ADD PRIMARY KEY (`id`);

--
-- Indexes for table `yang_findpwd`
--
ALTER TABLE `yang_findpwd`
  ADD PRIMARY KEY (`id`);

--
-- Indexes for table `yang_flash`
--
ALTER TABLE `yang_flash`
  ADD PRIMARY KEY (`flash_id`);

--
-- Indexes for table `yang_follow`
--
ALTER TABLE `yang_follow`
  ADD PRIMARY KEY (`follow_id`);

--
-- Indexes for table `yang_issue`
--
ALTER TABLE `yang_issue`
  ADD PRIMARY KEY (`id`);

--
-- Indexes for table `yang_issue_log`
--
ALTER TABLE `yang_issue_log`
  ADD PRIMARY KEY (`id`),
  ADD KEY `iid` (`iid`),
  ADD KEY `uid` (`uid`);

--
-- Indexes for table `yang_link`
--
ALTER TABLE `yang_link`
  ADD PRIMARY KEY (`id`);

--
-- Indexes for table `yang_member`
--
ALTER TABLE `yang_member`
  ADD PRIMARY KEY (`member_id`),
  ADD KEY `name` (`name`);

--
-- Indexes for table `yang_member_comment`
--
ALTER TABLE `yang_member_comment`
  ADD PRIMARY KEY (`comment_id`);

--
-- Indexes for table `yang_member_old`
--
ALTER TABLE `yang_member_old`
  ADD PRIMARY KEY (`member_id`);

--
-- Indexes for table `yang_message`
--
ALTER TABLE `yang_message`
  ADD PRIMARY KEY (`message_id`);

--
-- Indexes for table `yang_message_all`
--
ALTER TABLE `yang_message_all`
  ADD PRIMARY KEY (`id`);

--
-- Indexes for table `yang_message_category`
--
ALTER TABLE `yang_message_category`
  ADD PRIMARY KEY (`id`);

--
-- Indexes for table `yang_nav`
--
ALTER TABLE `yang_nav`
  ADD PRIMARY KEY (`nav_id`);

--
-- Indexes for table `yang_orders`
--
ALTER TABLE `yang_orders`
  ADD PRIMARY KEY (`orders_id`),
  ADD KEY `add_time` (`add_time`),
  ADD KEY `cid` (`currency_id`),
  ADD KEY `id` (`orders_id`),
  ADD KEY `member_id` (`member_id`),
  ADD KEY `trade_id` (`currency_trade_id`),
  ADD KEY `member_id_2` (`member_id`,`currency_id`,`currency_trade_id`,`price`,`num`,`trade_num`,`type`,`status`),
  ADD KEY `status` (`status`),
  ADD KEY `type` (`type`),
  ADD KEY `currency_trade_id` (`currency_trade_id`),
  ADD KEY `currency_id` (`currency_id`,`type`,`add_time`) USING BTREE,
  ADD KEY `price` (`price`);

--
-- Indexes for table `yang_pay`
--
ALTER TABLE `yang_pay`
  ADD PRIMARY KEY (`pay_id`);

--
-- Indexes for table `yang_position`
--
ALTER TABLE `yang_position`
  ADD PRIMARY KEY (`position_id`);

--
-- Indexes for table `yang_qianbao_address`
--
ALTER TABLE `yang_qianbao_address`
  ADD PRIMARY KEY (`id`);

--
-- Indexes for table `yang_tibi`
--
ALTER TABLE `yang_tibi`
  ADD PRIMARY KEY (`id`);

--
-- Indexes for table `yang_trade`
--
ALTER TABLE `yang_trade`
  ADD PRIMARY KEY (`trade_id`),
  ADD KEY `type` (`type`),
  ADD KEY `id` (`trade_id`),
  ADD KEY `member_id` (`member_id`),
  ADD KEY `currency_id` (`currency_id`),
  ADD KEY `currency_trade_id` (`currency_trade_id`);

--
-- Indexes for table `yang_website_bank`
--
ALTER TABLE `yang_website_bank`
  ADD PRIMARY KEY (`bank_id`);

--
-- Indexes for table `yang_withdraw`
--
ALTER TABLE `yang_withdraw`
  ADD PRIMARY KEY (`withdraw_id`);

--
-- 在导出的表使用AUTO_INCREMENT
--

--
-- 使用表AUTO_INCREMENT `acer_member`
--
ALTER TABLE `acer_member`
  MODIFY `member_id` int(10) UNSIGNED NOT NULL AUTO_INCREMENT;
--
-- 使用表AUTO_INCREMENT `yang_admin`
--
ALTER TABLE `yang_admin`
  MODIFY `admin_id` int(32) NOT NULL AUTO_INCREMENT COMMENT '管理员表', AUTO_INCREMENT=8;
--
-- 使用表AUTO_INCREMENT `yang_areas`
--
ALTER TABLE `yang_areas`
  MODIFY `area_id` smallint(6) UNSIGNED NOT NULL AUTO_INCREMENT COMMENT '地区id', AUTO_INCREMENT=3437;
--
-- 使用表AUTO_INCREMENT `yang_article`
--
ALTER TABLE `yang_article`
  MODIFY `article_id` int(32) NOT NULL AUTO_INCREMENT, AUTO_INCREMENT=324;
--
-- 使用表AUTO_INCREMENT `yang_article_category`
--
ALTER TABLE `yang_article_category`
  MODIFY `id` int(10) NOT NULL AUTO_INCREMENT, AUTO_INCREMENT=127;
--
-- 使用表AUTO_INCREMENT `yang_bank`
--
ALTER TABLE `yang_bank`
  MODIFY `id` int(32) NOT NULL AUTO_INCREMENT, AUTO_INCREMENT=26;
--
-- 使用表AUTO_INCREMENT `yang_currency`
--
ALTER TABLE `yang_currency`
  MODIFY `currency_id` int(32) NOT NULL AUTO_INCREMENT, AUTO_INCREMENT=33;
--
-- 使用表AUTO_INCREMENT `yang_currency_comment`
--
ALTER TABLE `yang_currency_comment`
  MODIFY `id` int(11) NOT NULL AUTO_INCREMENT COMMENT '币种评论表';
--
-- 使用表AUTO_INCREMENT `yang_currency_concern`
--
ALTER TABLE `yang_currency_concern`
  MODIFY `id` int(11) NOT NULL AUTO_INCREMENT COMMENT '币种关注表';
--
-- 使用表AUTO_INCREMENT `yang_currency_pic`
--
ALTER TABLE `yang_currency_pic`
  MODIFY `id` int(11) NOT NULL AUTO_INCREMENT COMMENT '币种详情图片', AUTO_INCREMENT=4;
--
-- 使用表AUTO_INCREMENT `yang_currency_user`
--
ALTER TABLE `yang_currency_user`
  MODIFY `cu_id` int(32) NOT NULL AUTO_INCREMENT, AUTO_INCREMENT=210;
--
-- 使用表AUTO_INCREMENT `yang_currency_voted`
--
ALTER TABLE `yang_currency_voted`
  MODIFY `id` int(11) NOT NULL AUTO_INCREMENT COMMENT '币种投票表';
--
-- 使用表AUTO_INCREMENT `yang_entrust`
--
ALTER TABLE `yang_entrust`
  MODIFY `entrust_id` int(32) NOT NULL AUTO_INCREMENT COMMENT '委托记录表（委托管理）';
--
-- 使用表AUTO_INCREMENT `yang_examine_pwdtrade`
--
ALTER TABLE `yang_examine_pwdtrade`
  MODIFY `id` int(32) NOT NULL AUTO_INCREMENT, AUTO_INCREMENT=3;
--
-- 使用表AUTO_INCREMENT `yang_fill`
--
ALTER TABLE `yang_fill`
  MODIFY `id` int(11) NOT NULL AUTO_INCREMENT, AUTO_INCREMENT=216;
--
-- 使用表AUTO_INCREMENT `yang_finance`
--
ALTER TABLE `yang_finance`
  MODIFY `finance_id` int(32) NOT NULL AUTO_INCREMENT COMMENT '财务日志表', AUTO_INCREMENT=537;
--
-- 使用表AUTO_INCREMENT `yang_finance_type`
--
ALTER TABLE `yang_finance_type`
  MODIFY `id` int(10) NOT NULL AUTO_INCREMENT, AUTO_INCREMENT=24;
--
-- 使用表AUTO_INCREMENT `yang_findpwd`
--
ALTER TABLE `yang_findpwd`
  MODIFY `id` int(32) NOT NULL AUTO_INCREMENT, AUTO_INCREMENT=15;
--
-- 使用表AUTO_INCREMENT `yang_flash`
--
ALTER TABLE `yang_flash`
  MODIFY `flash_id` int(32) NOT NULL AUTO_INCREMENT, AUTO_INCREMENT=10;
--
-- 使用表AUTO_INCREMENT `yang_follow`
--
ALTER TABLE `yang_follow`
  MODIFY `follow_id` int(32) NOT NULL AUTO_INCREMENT COMMENT '关注表';
--
-- 使用表AUTO_INCREMENT `yang_issue`
--
ALTER TABLE `yang_issue`
  MODIFY `id` int(11) NOT NULL AUTO_INCREMENT COMMENT '众筹表', AUTO_INCREMENT=12;
--
-- 使用表AUTO_INCREMENT `yang_issue_log`
--
ALTER TABLE `yang_issue_log`
  MODIFY `id` int(11) NOT NULL AUTO_INCREMENT COMMENT '认筹日志表', AUTO_INCREMENT=36;
--
-- 使用表AUTO_INCREMENT `yang_link`
--
ALTER TABLE `yang_link`
  MODIFY `id` int(32) NOT NULL AUTO_INCREMENT, AUTO_INCREMENT=24;
--
-- 使用表AUTO_INCREMENT `yang_member`
--
ALTER TABLE `yang_member`
  MODIFY `member_id` int(32) NOT NULL AUTO_INCREMENT, AUTO_INCREMENT=107;
--
-- 使用表AUTO_INCREMENT `yang_member_comment`
--
ALTER TABLE `yang_member_comment`
  MODIFY `comment_id` int(10) UNSIGNED NOT NULL AUTO_INCREMENT;
--
-- 使用表AUTO_INCREMENT `yang_member_old`
--
ALTER TABLE `yang_member_old`
  MODIFY `member_id` int(32) NOT NULL AUTO_INCREMENT, AUTO_INCREMENT=2;
--
-- 使用表AUTO_INCREMENT `yang_message`
--
ALTER TABLE `yang_message`
  MODIFY `message_id` int(32) NOT NULL AUTO_INCREMENT, AUTO_INCREMENT=164;
--
-- 使用表AUTO_INCREMENT `yang_message_all`
--
ALTER TABLE `yang_message_all`
  MODIFY `id` int(32) NOT NULL AUTO_INCREMENT, AUTO_INCREMENT=177;
--
-- 使用表AUTO_INCREMENT `yang_message_category`
--
ALTER TABLE `yang_message_category`
  MODIFY `id` int(11) NOT NULL AUTO_INCREMENT, AUTO_INCREMENT=6;
--
-- 使用表AUTO_INCREMENT `yang_nav`
--
ALTER TABLE `yang_nav`
  MODIFY `nav_id` int(32) NOT NULL AUTO_INCREMENT COMMENT '权限表', AUTO_INCREMENT=61;
--
-- 使用表AUTO_INCREMENT `yang_orders`
--
ALTER TABLE `yang_orders`
  MODIFY `orders_id` int(11) NOT NULL AUTO_INCREMENT, AUTO_INCREMENT=849;
--
-- 使用表AUTO_INCREMENT `yang_pay`
--
ALTER TABLE `yang_pay`
  MODIFY `pay_id` int(32) NOT NULL AUTO_INCREMENT COMMENT '充值表', AUTO_INCREMENT=60;
--
-- 使用表AUTO_INCREMENT `yang_position`
--
ALTER TABLE `yang_position`
  MODIFY `position_id` int(32) NOT NULL AUTO_INCREMENT, AUTO_INCREMENT=2;
--
-- 使用表AUTO_INCREMENT `yang_qianbao_address`
--
ALTER TABLE `yang_qianbao_address`
  MODIFY `id` int(32) NOT NULL AUTO_INCREMENT, AUTO_INCREMENT=2;
--
-- 使用表AUTO_INCREMENT `yang_tibi`
--
ALTER TABLE `yang_tibi`
  MODIFY `id` int(10) NOT NULL AUTO_INCREMENT, AUTO_INCREMENT=2;
--
-- 使用表AUTO_INCREMENT `yang_trade`
--
ALTER TABLE `yang_trade`
  MODIFY `trade_id` int(32) NOT NULL AUTO_INCREMENT COMMENT '交易表 交易表的id', AUTO_INCREMENT=444;
--
-- 使用表AUTO_INCREMENT `yang_website_bank`
--
ALTER TABLE `yang_website_bank`
  MODIFY `bank_id` int(11) NOT NULL AUTO_INCREMENT, AUTO_INCREMENT=5;
--
-- 使用表AUTO_INCREMENT `yang_withdraw`
--
ALTER TABLE `yang_withdraw`
  MODIFY `withdraw_id` int(32) NOT NULL AUTO_INCREMENT COMMENT '提现表', AUTO_INCREMENT=34;
/*!40101 SET CHARACTER_SET_CLIENT=@OLD_CHARACTER_SET_CLIENT */;
/*!40101 SET CHARACTER_SET_RESULTS=@OLD_CHARACTER_SET_RESULTS */;
/*!40101 SET COLLATION_CONNECTION=@OLD_COLLATION_CONNECTION */;
